Sport,Slate_Date,Lineup_Rank,Name,Adjusted_FP,Adjusted_Rating,Multiplier_Factor,Team,Opponent,Is_Home,Game_Key,Position,Salary,Base_FP,Multiplier_Bonus,Real_Rating,Multiplier_Status,Matched_Real_Name,Matched_Real_Team,Matched_Real_ID,Rotowire_Site,Rotowire_Coverage_Games,Rotowire_Selected_Slates_Count,Rotowire_Selected_Slates,Source_Slate_ID,Source_Contest_Type,Source_Slate_Start_Date,Source_Coverage_Games
golf,2026-08-16,1,Scottie Scheffler,34.99,135.62,1.0000,,,N,2026-08-16 03:00:00|TPC Southwind,G,14200,34.99,0.0000,135.62,ok,Scottie Scheffler,,46046,FanDuel,4,6,4768:Full Roster:1/1 | 4763:Full Roster:1/1 | 4764:Full Roster:1/1 | 4765:Full Roster:1/1 | 4766:Full Roster:1/1 | 4767:Full Roster:1/1,4768,Full Roster,2026-08-16 03:00:00,1
golf,2026-08-16,2,Matti Schmid,33.99,138.53,1.3000,,,N,2026-08-16 03:00:00|TPC Southwind,G,6200,26.15,0.3000,106.56,ok,Matti Schmid,,48867,FanDuel,4,6,4768:Full Roster:1/1 | 4763:Full Roster:1/1 | 4764:Full Roster:1/1 | 4765:Full Roster:1/1 | 4766:Full Roster:1/1 | 4767:Full Roster:1/1,4768,Full Roster,2026-08-16 03:00:00,1
golf,2026-08-16,3,Patrick Rodgers,30.40,139.73,1.2000,,,N,2026-08-16 03:00:00|TPC Southwind,G,6000,25.33,0.2000,116.44,ok,Patrick Rodgers,,36699,FanDuel,4,6,4768:Full Roster:1/1 | 4763:Full Roster:1/1 | 4764:Full Roster:1/1 | 4765:Full Roster:1/1 | 4766:Full Roster:1/1 | 4767:Full Roster:1/1,4768,Full Roster,2026-08-16 03:00:00,1
golf,2026-08-16,4,Ricky Castillo,29.68,106.35,1.1000,,,N,2026-08-16 03:00:00|TPC Southwind,G,7000,26.98,0.1000,96.68,ok,Ricky Castillo,,59440,FanDuel,4,6,4768:Full Roster:1/1 | 4763:Full Roster:1/1 | 4764:Full Roster:1/1 | 4765:Full Roster:1/1 | 4766:Full Roster:1/1 | 4767:Full Roster:1/1,4768,Full Roster,2026-08-16 03:00:00,1
golf,2026-08-16,5,Cameron Young,28.95,129.44,1.0000,,,N,2026-08-16 03:00:00|TPC Southwind,G,11800,28.95,0.0000,129.44,ok,Cameron Young,,57366,FanDuel,4,6,4768:Full Roster:1/1 | 4763:Full Roster:1/1 | 4764:Full Roster:1/1 | 4765:Full Roster:1/1 | 4766:Full Roster:1/1 | 4767:Full Roster:1/1,4768,Full Roster,2026-08-16 03:00:00,1
golf,2026-08-16,6,Alex Smalley,28.33,106.62,1.0000,,,N,2026-08-16 03:00:00|TPC Southwind,G,8500,28.33,0.0000,106.62,ok,Alex Smalley,,46340,FanDuel,4,6,4768:Full Roster:1/1 | 4763:Full Roster:1/1 | 4764:Full Roster:1/1 | 4765:Full Roster:1/1 | 4766:Full Roster:1/1 | 4767:Full Roster:1/1,4768,Full Roster,2026-08-16 03:00:00,1
golf,2026-08-16,7,Ludvig Aberg,28.25,95.01,1.0000,,,N,2026-08-16 03:00:00|TPC Southwind,G,10800,28.25,0.0000,95.01,ok,Ludvig Åberg,,52955,FanDuel,4,6,4768:Full Roster:1/1 | 4763:Full Roster:1/1 | 4764:Full Roster:1/1 | 4765:Full Roster:1/1 | 4766:Full Roster:1/1 | 4767:Full Roster:1/1,4768,Full Roster,2026-08-16 03:00:00,1
golf,2026-08-16,8,Matt Fitzpatrick,28.14,104.74,1.0000,,,N,2026-08-16 03:00:00|TPC Southwind,G,11100,28.14,0.0000,104.74,ok,Matt Fitzpatrick,,40098,FanDuel,4,6,4768:Full Roster:1/1 | 4763:Full Roster:1/1 | 4764:Full Roster:1/1 | 4765:Full Roster:1/1 | 4766:Full Roster:1/1 | 4767:Full Roster:1/1,4768,Full Roster,2026-08-16 03:00:00,1
golf,2026-08-16,9,Harris English,27.92,121.55,1.1000,,,N,2026-08-16 03:00:00|TPC Southwind,G,7800,25.38,0.1000,110.50,ok,Harris English,,34099,FanDuel,4,6,4768:Full Roster:1/1 | 4763:Full Roster:1/1 | 4764:Full Roster:1/1 | 4765:Full Roster:1/1 | 4766:Full Roster:1/1 | 4767:Full Roster:1/1,4768,Full Roster,2026-08-16 03:00:00,1
golf,2026-08-16,10,Sepp Straka,27.85,118.28,1.1000,,,N,2026-08-16 03:00:00|TPC Southwind,G,6600,25.32,0.1000,107.53,ok,Sepp Straka,,49960,FanDuel,4,6,4768:Full Roster:1/1 | 4763:Full Roster:1/1 | 4764:Full Roster:1/1 | 4765:Full Roster:1/1 | 4766:Full Roster:1/1 | 4767:Full Roster:1/1,4768,Full Roster,2026-08-16 03:00:00,1
golf,2026-08-16,11,Keith Mitchell,27.70,97.74,1.0000,,,N,2026-08-16 03:00:00|TPC Southwind,G,8400,27.70,0.0000,97.74,ok,Keith Mitchell,,39546,FanDuel,4,6,4768:Full Roster:1/1 | 4763:Full Roster:1/1 | 4764:Full Roster:1/1 | 4765:Full Roster:1/1 | 4766:Full Roster:1/1 | 4767:Full Roster:1/1,4768,Full Roster,2026-08-16 03:00:00,1
golf,2026-08-16,12,Si Woo Kim,27.66,125.01,1.0000,,,N,2026-08-16 03:00:00|TPC Southwind,G,10400,27.66,0.0000,125.01,ok,Si Woo Kim,,37455,FanDuel,4,6,4768:Full Roster:1/1 | 4763:Full Roster:1/1 | 4764:Full Roster:1/1 | 4765:Full Roster:1/1 | 4766:Full Roster:1/1 | 4767:Full Roster:1/1,4768,Full Roster,2026-08-16 03:00:00,1
golf,2026-08-16,13,Sudarshan Yellamaraju,27.49,3.07,1.0000,,,N,2026-08-16 03:00:00|TPC Southwind,G,6500,27.49,0.0000,3.07,ok,Sudarshan Yellamaraju,,60386,FanDuel,4,6,4768:Full Roster:1/1 | 4763:Full Roster:1/1 | 4764:Full Roster:1/1 | 4765:Full Roster:1/1 | 4766:Full Roster:1/1 | 4767:Full Roster:1/1,4768,Full Roster,2026-08-16 03:00:00,1
golf,2026-08-16,14,Corey Conners,27.43,123.26,1.2000,,,N,2026-08-16 03:00:00|TPC Southwind,G,8100,22.86,0.2000,102.72,ok,Corey Conners,,39997,FanDuel,4,6,4768:Full Roster:1/1 | 4763:Full Roster:1/1 | 4764:Full Roster:1/1 | 4765:Full Roster:1/1 | 4766:Full Roster:1/1 | 4767:Full Roster:1/1,4768,Full Roster,2026-08-16 03:00:00,1
golf,2026-08-16,15,Russell Henley,27.40,96.10,1.0000,,,N,2026-08-16 03:00:00|TPC Southwind,G,10500,27.40,0.0000,96.10,ok,Russell Henley,,34098,FanDuel,4,6,4768:Full Roster:1/1 | 4763:Full Roster:1/1 | 4764:Full Roster:1/1 | 4765:Full Roster:1/1 | 4766:Full Roster:1/1 | 4767:Full Roster:1/1,4768,Full Roster,2026-08-16 03:00:00,1
golf,2026-08-16,16,Sam Stevens,27.40,149.42,1.2000,,,N,2026-08-16 03:00:00|TPC Southwind,G,6400,22.83,0.2000,124.52,ok,Sam Stevens,,55893,FanDuel,4,6,4768:Full Roster:1/1 | 4763:Full Roster:1/1 | 4764:Full Roster:1/1 | 4765:Full Roster:1/1 | 4766:Full Roster:1/1 | 4767:Full Roster:1/1,4768,Full Roster,2026-08-16 03:00:00,1
golf,2026-08-16,17,Xander Schauffele,27.35,86.22,1.0000,,,N,2026-08-16 03:00:00|TPC Southwind,G,12100,27.35,0.0000,86.22,ok,Xander Schauffele,,48081,FanDuel,4,6,4768:Full Roster:1/1 | 4763:Full Roster:1/1 | 4764:Full Roster:1/1 | 4765:Full Roster:1/1 | 4766:Full Roster:1/1 | 4767:Full Roster:1/1,4768,Full Roster,2026-08-16 03:00:00,1
golf,2026-08-16,18,Collin Morikawa,27.35,86.27,1.0000,,,N,2026-08-16 03:00:00|TPC Southwind,G,11400,27.35,0.0000,86.27,ok,Collin Morikawa,,50525,FanDuel,4,6,4768:Full Roster:1/1 | 4763:Full Roster:1/1 | 4764:Full Roster:1/1 | 4765:Full Roster:1/1 | 4766:Full Roster:1/1 | 4767:Full Roster:1/1,4768,Full Roster,2026-08-16 03:00:00,1
golf,2026-08-16,19,Tommy Fleetwood,27.24,106.72,1.0000,,,N,2026-08-16 03:00:00|TPC Southwind,G,11900,27.24,0.0000,106.72,ok,Tommy Fleetwood,,30911,FanDuel,4,6,4768:Full Roster:1/1 | 4763:Full Roster:1/1 | 4764:Full Roster:1/1 | 4765:Full Roster:1/1 | 4766:Full Roster:1/1 | 4767:Full Roster:1/1,4768,Full Roster,2026-08-16 03:00:00,1
golf,2026-08-16,20,Chris Gotterup,27.23,128.26,1.0000,,,N,2026-08-16 03:00:00|TPC Southwind,G,10300,27.23,0.0000,128.26,ok,Chris Gotterup,,59095,FanDuel,4,6,4768:Full Roster:1/1 | 4763:Full Roster:1/1 | 4764:Full Roster:1/1 | 4765:Full Roster:1/1 | 4766:Full Roster:1/1 | 4767:Full Roster:1/1,4768,Full Roster,2026-08-16 03:00:00,1
golf,2026-08-16,21,Jake Knapp,27.22,105.50,1.0000,,,N,2026-08-16 03:00:00|TPC Southwind,G,8800,27.22,0.0000,105.50,ok,Jake Knapp,,47420,FanDuel,4,6,4768:Full Roster:1/1 | 4763:Full Roster:1/1 | 4764:Full Roster:1/1 | 4765:Full Roster:1/1 | 4766:Full Roster:1/1 | 4767:Full Roster:1/1,4768,Full Roster,2026-08-16 03:00:00,1
golf,2026-08-16,22,Rory McIlroy,27.22,86.86,1.0000,,,N,2026-08-16 03:00:00|TPC Southwind,G,12800,27.22,0.0000,86.86,ok,Rory McIlroy,,28237,FanDuel,4,6,4768:Full Roster:1/1 | 4763:Full Roster:1/1 | 4764:Full Roster:1/1 | 4765:Full Roster:1/1 | 4766:Full Roster:1/1 | 4767:Full Roster:1/1,4768,Full Roster,2026-08-16 03:00:00,1
golf,2026-08-16,23,Michael Thorbjornsen,27.18,109.48,1.0000,,,N,2026-08-16 03:00:00|TPC Southwind,G,9100,27.18,0.0000,109.48,ok,Michael Thorbjornsen,,57364,FanDuel,4,6,4768:Full Roster:1/1 | 4763:Full Roster:1/1 | 4764:Full Roster:1/1 | 4765:Full Roster:1/1 | 4766:Full Roster:1/1 | 4767:Full Roster:1/1,4768,Full Roster,2026-08-16 03:00:00,1
golf,2026-08-16,24,Wyndham Clark,27.12,105.58,1.0000,,,N,2026-08-16 03:00:00|TPC Southwind,G,9900,27.12,0.0000,105.58,ok,Wyndham Clark,,51766,FanDuel,4,6,4768:Full Roster:1/1 | 4763:Full Roster:1/1 | 4764:Full Roster:1/1 | 4765:Full Roster:1/1 | 4766:Full Roster:1/1 | 4767:Full Roster:1/1,4768,Full Roster,2026-08-16 03:00:00,1
golf,2026-08-16,25,Nico Echavarria,27.08,113.96,1.1000,,,N,2026-08-16 03:00:00|TPC Southwind,G,7100,24.62,0.1000,103.60,ok,Nico Echavarria,,51349,FanDuel,4,6,4768:Full Roster:1/1 | 4763:Full Roster:1/1 | 4764:Full Roster:1/1 | 4765:Full Roster:1/1 | 4766:Full Roster:1/1 | 4767:Full Roster:1/1,4768,Full Roster,2026-08-16 03:00:00,1
golf,2026-08-16,26,Pierceson Coody,27.05,60.28,1.0000,,,N,2026-08-16 03:00:00|TPC Southwind,G,6300,27.05,0.0000,60.28,ok,Pierceson Coody,,59836,FanDuel,4,6,4768:Full Roster:1/1 | 4763:Full Roster:1/1 | 4764:Full Roster:1/1 | 4765:Full Roster:1/1 | 4766:Full Roster:1/1 | 4767:Full Roster:1/1,4768,Full Roster,2026-08-16 03:00:00,1
golf,2026-08-16,27,Nicolai Hojgaard,27.02,0.00,1.0000,,,N,2026-08-16 03:00:00|TPC Southwind,G,8900,27.02,0.0000,0.00,ok,,,,FanDuel,4,6,4768:Full Roster:1/1 | 4763:Full Roster:1/1 | 4764:Full Roster:1/1 | 4765:Full Roster:1/1 | 4766:Full Roster:1/1 | 4767:Full Roster:1/1,4768,Full Roster,2026-08-16 03:00:00,1
golf,2026-08-16,28,Patrick Cantlay,27.02,96.65,1.0000,,,N,2026-08-16 03:00:00|TPC Southwind,G,10200,27.02,0.0000,96.65,ok,Patrick Cantlay,,35450,FanDuel,4,6,4768:Full Roster:1/1 | 4763:Full Roster:1/1 | 4764:Full Roster:1/1 | 4765:Full Roster:1/1 | 4766:Full Roster:1/1 | 4767:Full Roster:1/1,4768,Full Roster,2026-08-16 03:00:00,1
golf,2026-08-16,29,Sahith Theegala,27.01,84.34,1.1000,,,N,2026-08-16 03:00:00|TPC Southwind,G,7900,24.55,0.1000,76.67,ok,Sahith Theegala,,51634,FanDuel,4,6,4768:Full Roster:1/1 | 4763:Full Roster:1/1 | 4764:Full Roster:1/1 | 4765:Full Roster:1/1 | 4766:Full Roster:1/1 | 4767:Full Roster:1/1,4768,Full Roster,2026-08-16 03:00:00,1
golf,2026-08-16,30,Justin Thomas,26.85,98.88,1.0000,,,N,2026-08-16 03:00:00|TPC Southwind,G,9800,26.85,0.0000,98.88,ok,Justin Thomas,,33448,FanDuel,4,6,4768:Full Roster:1/1 | 4763:Full Roster:1/1 | 4764:Full Roster:1/1 | 4765:Full Roster:1/1 | 4766:Full Roster:1/1 | 4767:Full Roster:1/1,4768,Full Roster,2026-08-16 03:00:00,1
golf,2026-08-16,31,Jackson Koivun,26.79,36.65,1.0000,,,N,2026-08-16 03:00:00|TPC Southwind,G,10000,26.79,0.0000,36.65,ok,Jackson Koivun,,66701,FanDuel,4,6,4768:Full Roster:1/1 | 4763:Full Roster:1/1 | 4764:Full Roster:1/1 | 4765:Full Roster:1/1 | 4766:Full Roster:1/1 | 4767:Full Roster:1/1,4768,Full Roster,2026-08-16 03:00:00,1
golf,2026-08-16,32,Sam Burns,26.69,122.77,1.0000,,,N,2026-08-16 03:00:00|TPC Southwind,G,11300,26.69,0.0000,122.77,ok,Sam Burns,,47504,FanDuel,4,6,4768:Full Roster:1/1 | 4763:Full Roster:1/1 | 4764:Full Roster:1/1 | 4765:Full Roster:1/1 | 4766:Full Roster:1/1 | 4767:Full Roster:1/1,4768,Full Roster,2026-08-16 03:00:00,1
golf,2026-08-16,33,Justin Rose,26.50,78.19,1.0000,,,N,2026-08-16 03:00:00|TPC Southwind,G,9500,26.50,0.0000,78.19,ok,Justin Rose,,22405,FanDuel,4,6,4768:Full Roster:1/1 | 4763:Full Roster:1/1 | 4764:Full Roster:1/1 | 4765:Full Roster:1/1 | 4766:Full Roster:1/1 | 4767:Full Roster:1/1,4768,Full Roster,2026-08-16 03:00:00,1
golf,2026-08-16,34,Ben Griffin,26.30,143.81,1.0000,,,N,2026-08-16 03:00:00|TPC Southwind,G,9200,26.30,0.0000,143.81,ok,Ben Griffin,,54591,FanDuel,4,6,4768:Full Roster:1/1 | 4763:Full Roster:1/1 | 4764:Full Roster:1/1 | 4765:Full Roster:1/1 | 4766:Full Roster:1/1 | 4767:Full Roster:1/1,4768,Full Roster,2026-08-16 03:00:00,1
golf,2026-08-16,35,Alex Noren,26.27,51.04,1.0000,,,N,2026-08-16 03:00:00|TPC Southwind,G,8500,26.27,0.0000,51.04,ok,Alex Noren,,27349,FanDuel,4,6,4768:Full Roster:1/1 | 4763:Full Roster:1/1 | 4764:Full Roster:1/1 | 4765:Full Roster:1/1 | 4766:Full Roster:1/1 | 4767:Full Roster:1/1,4768,Full Roster,2026-08-16 03:00:00,1
golf,2026-08-16,36,Eric Cole,26.18,126.73,1.0000,,,N,2026-08-16 03:00:00|TPC Southwind,G,7500,26.18,0.0000,126.73,ok,Eric Cole,,47591,FanDuel,4,6,4768:Full Roster:1/1 | 4763:Full Roster:1/1 | 4764:Full Roster:1/1 | 4765:Full Roster:1/1 | 4766:Full Roster:1/1 | 4767:Full Roster:1/1,4768,Full Roster,2026-08-16 03:00:00,1
golf,2026-08-16,37,Bud Cauley,26.16,85.44,1.1000,,,N,2026-08-16 03:00:00|TPC Southwind,G,8000,23.78,0.1000,77.67,ok,Bud Cauley,,34021,FanDuel,4,6,4768:Full Roster:1/1 | 4763:Full Roster:1/1 | 4764:Full Roster:1/1 | 4765:Full Roster:1/1 | 4766:Full Roster:1/1 | 4767:Full Roster:1/1,4768,Full Roster,2026-08-16 03:00:00,1
golf,2026-08-16,38,Robert MacIntyre,26.12,109.06,1.0000,,,N,2026-08-16 03:00:00|TPC Southwind,G,10400,26.12,0.0000,109.06,ok,Robert MacIntyre,,52215,FanDuel,4,6,4768:Full Roster:1/1 | 4763:Full Roster:1/1 | 4764:Full Roster:1/1 | 4765:Full Roster:1/1 | 4766:Full Roster:1/1 | 4767:Full Roster:1/1,4768,Full Roster,2026-08-16 03:00:00,1
golf,2026-08-16,39,Nick Taylor,26.11,105.06,1.1000,,,N,2026-08-16 03:00:00|TPC Southwind,G,6800,23.74,0.1000,95.51,ok,Nick Taylor,,25493,FanDuel,4,6,4768:Full Roster:1/1 | 4763:Full Roster:1/1 | 4764:Full Roster:1/1 | 4765:Full Roster:1/1 | 4766:Full Roster:1/1 | 4767:Full Roster:1/1,4768,Full Roster,2026-08-16 03:00:00,1
golf,2026-08-16,40,Kurt Kitayama,26.07,104.27,1.0000,,,N,2026-08-16 03:00:00|TPC Southwind,G,9000,26.07,0.0000,104.27,ok,Kurt Kitayama,,48117,FanDuel,4,6,4768:Full Roster:1/1 | 4763:Full Roster:1/1 | 4764:Full Roster:1/1 | 4765:Full Roster:1/1 | 4766:Full Roster:1/1 | 4767:Full Roster:1/1,4768,Full Roster,2026-08-16 03:00:00,1
golf,2026-08-16,41,Hideki Matsuyama,25.96,112.79,1.0000,,,N,2026-08-16 03:00:00|TPC Southwind,G,11600,25.96,0.0000,112.79,ok,Hideki Matsuyama,,32839,FanDuel,4,6,4768:Full Roster:1/1 | 4763:Full Roster:1/1 | 4764:Full Roster:1/1 | 4765:Full Roster:1/1 | 4766:Full Roster:1/1 | 4767:Full Roster:1/1,4768,Full Roster,2026-08-16 03:00:00,1
golf,2026-08-16,42,Maverick McNealy,25.89,113.01,1.0000,,,N,2026-08-16 03:00:00|TPC Southwind,G,9000,25.89,0.0000,113.01,ok,Maverick McNealy,,46442,FanDuel,4,6,4768:Full Roster:1/1 | 4763:Full Roster:1/1 | 4764:Full Roster:1/1 | 4765:Full Roster:1/1 | 4766:Full Roster:1/1 | 4767:Full Roster:1/1,4768,Full Roster,2026-08-16 03:00:00,1
golf,2026-08-16,43,J.J. Spaun,25.88,126.17,1.0000,,,N,2026-08-16 03:00:00|TPC Southwind,G,9400,25.88,0.0000,126.17,ok,J.J. Spaun,,39324,FanDuel,4,6,4768:Full Roster:1/1 | 4763:Full Roster:1/1 | 4764:Full Roster:1/1 | 4765:Full Roster:1/1 | 4766:Full Roster:1/1 | 4767:Full Roster:1/1,4768,Full Roster,2026-08-16 03:00:00,1
golf,2026-08-16,44,Min Woo Lee,25.68,78.60,1.0000,,,N,2026-08-16 03:00:00|TPC Southwind,G,9600,25.68,0.0000,78.60,ok,Min Woo Lee,,37378,FanDuel,4,6,4768:Full Roster:1/1 | 4763:Full Roster:1/1 | 4764:Full Roster:1/1 | 4765:Full Roster:1/1 | 4766:Full Roster:1/1 | 4767:Full Roster:1/1,4768,Full Roster,2026-08-16 03:00:00,1
golf,2026-08-16,45,J.T. Poston,25.52,119.87,1.1000,,,N,2026-08-16 03:00:00|TPC Southwind,G,6700,23.20,0.1000,108.97,ok,J.T. Poston,,49771,FanDuel,4,6,4768:Full Roster:1/1 | 4763:Full Roster:1/1 | 4764:Full Roster:1/1 | 4765:Full Roster:1/1 | 4766:Full Roster:1/1 | 4767:Full Roster:1/1,4768,Full Roster,2026-08-16 03:00:00,1
golf,2026-08-16,46,Harry Hall,25.33,127.96,1.0000,,,N,2026-08-16 03:00:00|TPC Southwind,G,8000,25.33,0.0000,127.96,ok,Harry Hall,,57975,FanDuel,4,6,4768:Full Roster:1/1 | 4763:Full Roster:1/1 | 4764:Full Roster:1/1 | 4765:Full Roster:1/1 | 4766:Full Roster:1/1 | 4767:Full Roster:1/1,4768,Full Roster,2026-08-16 03:00:00,1
golf,2026-08-16,47,Jordan Spieth,25.21,82.95,1.0000,,,N,2026-08-16 03:00:00|TPC Southwind,G,8200,25.21,0.0000,82.95,ok,Jordan Spieth,,34046,FanDuel,4,6,4768:Full Roster:1/1 | 4763:Full Roster:1/1 | 4764:Full Roster:1/1 | 4765:Full Roster:1/1 | 4766:Full Roster:1/1 | 4767:Full Roster:1/1,4768,Full Roster,2026-08-16 03:00:00,1
golf,2026-08-16,48,Max Homa,25.16,93.78,1.0000,,,N,2026-08-16 03:00:00|TPC Southwind,G,7200,25.16,0.0000,93.78,ok,Max Homa,,39977,FanDuel,4,6,4768:Full Roster:1/1 | 4763:Full Roster:1/1 | 4764:Full Roster:1/1 | 4765:Full Roster:1/1 | 4766:Full Roster:1/1 | 4767:Full Roster:1/1,4768,Full Roster,2026-08-16 03:00:00,1
golf,2026-08-16,49,Michael Kim,25.15,119.53,1.1000,,,N,2026-08-16 03:00:00|TPC Southwind,G,7400,22.86,0.1000,108.66,ok,Michael Kim,,39975,FanDuel,4,6,4768:Full Roster:1/1 | 4763:Full Roster:1/1 | 4764:Full Roster:1/1 | 4765:Full Roster:1/1 | 4766:Full Roster:1/1 | 4767:Full Roster:1/1,4768,Full Roster,2026-08-16 03:00:00,1
golf,2026-08-16,50,Jacob Bridgeman,25.09,107.41,1.0000,,,N,2026-08-16 03:00:00|TPC Southwind,G,8700,25.09,0.0000,107.41,ok,Jacob Bridgeman,,60004,FanDuel,4,6,4768:Full Roster:1/1 | 4763:Full Roster:1/1 | 4764:Full Roster:1/1 | 4765:Full Roster:1/1 | 4766:Full Roster:1/1 | 4767:Full Roster:1/1,4768,Full Roster,2026-08-16 03:00:00,1
golf,2026-08-16,51,Brian Harman,25.03,114.26,1.1000,,,N,2026-08-16 03:00:00|TPC Southwind,G,7600,22.75,0.1000,103.87,ok,Brian Harman,,27644,FanDuel,4,6,4768:Full Roster:1/1 | 4763:Full Roster:1/1 | 4764:Full Roster:1/1 | 4765:Full Roster:1/1 | 4766:Full Roster:1/1 | 4767:Full Roster:1/1,4768,Full Roster,2026-08-16 03:00:00,1
golf,2026-08-16,52,Matt McCarty,24.93,106.56,1.0000,,,N,2026-08-16 03:00:00|TPC Southwind,G,6900,24.93,0.0000,106.56,ok,Matt McCarty,,59141,FanDuel,4,6,4768:Full Roster:1/1 | 4763:Full Roster:1/1 | 4764:Full Roster:1/1 | 4765:Full Roster:1/1 | 4766:Full Roster:1/1 | 4767:Full Roster:1/1,4768,Full Roster,2026-08-16 03:00:00,1
golf,2026-08-16,53,Gary Woodland,24.93,98.69,1.0000,,,N,2026-08-16 03:00:00|TPC Southwind,G,7700,24.93,0.0000,98.69,ok,Gary Woodland,,31323,FanDuel,4,6,4768:Full Roster:1/1 | 4763:Full Roster:1/1 | 4764:Full Roster:1/1 | 4765:Full Roster:1/1 | 4766:Full Roster:1/1 | 4767:Full Roster:1/1,4768,Full Roster,2026-08-16 03:00:00,1
golf,2026-08-16,54,Ryo Hisatsune,24.86,99.37,1.0000,,,N,2026-08-16 03:00:00|TPC Southwind,G,7300,24.86,0.0000,99.37,ok,Ryo Hisatsune,,51287,FanDuel,4,6,4768:Full Roster:1/1 | 4763:Full Roster:1/1 | 4764:Full Roster:1/1 | 4765:Full Roster:1/1 | 4766:Full Roster:1/1 | 4767:Full Roster:1/1,4768,Full Roster,2026-08-16 03:00:00,1
golf,2026-08-16,55,Akshay Bhatia,24.84,108.01,1.0000,,,N,2026-08-16 03:00:00|TPC Southwind,G,8600,24.84,0.0000,108.01,ok,Akshay Bhatia,,56630,FanDuel,4,6,4768:Full Roster:1/1 | 4763:Full Roster:1/1 | 4764:Full Roster:1/1 | 4765:Full Roster:1/1 | 4766:Full Roster:1/1 | 4767:Full Roster:1/1,4768,Full Roster,2026-08-16 03:00:00,1
golf,2026-08-16,56,Ryan Fox,24.84,86.06,1.1000,,,N,2026-08-16 03:00:00|TPC Southwind,G,8300,22.58,0.1000,78.24,ok,Ryan Fox,,29936,FanDuel,4,6,4768:Full Roster:1/1 | 4763:Full Roster:1/1 | 4764:Full Roster:1/1 | 4765:Full Roster:1/1 | 4766:Full Roster:1/1 | 4767:Full Roster:1/1,4768,Full Roster,2026-08-16 03:00:00,1
golf,2026-08-16,57,Rickie Fowler,24.80,101.27,1.0000,,,N,2026-08-16 03:00:00|TPC Southwind,G,8600,24.80,0.0000,101.27,ok,Rickie Fowler,,32102,FanDuel,4,6,4768:Full Roster:1/1 | 4763:Full Roster:1/1 | 4764:Full Roster:1/1 | 4765:Full Roster:1/1 | 4766:Full Roster:1/1 | 4767:Full Roster:1/1,4768,Full Roster,2026-08-16 03:00:00,1
golf,2026-08-16,58,Ryan Gerard,24.69,105.82,1.0000,,,N,2026-08-16 03:00:00|TPC Southwind,G,8900,24.69,0.0000,105.82,ok,Ryan Gerard,,59018,FanDuel,4,6,4768:Full Roster:1/1 | 4763:Full Roster:1/1 | 4764:Full Roster:1/1 | 4765:Full Roster:1/1 | 4766:Full Roster:1/1 | 4767:Full Roster:1/1,4768,Full Roster,2026-08-16 03:00:00,1
golf,2026-08-16,59,Michael Brennan,24.48,16.69,1.0000,,,N,2026-08-16 03:00:00|TPC Southwind,G,9300,24.48,0.0000,16.69,ok,Michael Brennan,,61522,FanDuel,4,6,4768:Full Roster:1/1 | 4763:Full Roster:1/1 | 4764:Full Roster:1/1 | 4765:Full Roster:1/1 | 4766:Full Roster:1/1 | 4767:Full Roster:1/1,4768,Full Roster,2026-08-16 03:00:00,1
golf,2026-08-16,60,Aaron Rai,24.43,92.00,1.0000,,,N,2026-08-16 03:00:00|TPC Southwind,G,8100,24.43,0.0000,92.00,ok,Aaron Rai,,46414,FanDuel,4,6,4768:Full Roster:1/1 | 4763:Full Roster:1/1 | 4764:Full Roster:1/1 | 4765:Full Roster:1/1 | 4766:Full Roster:1/1 | 4767:Full Roster:1/1,4768,Full Roster,2026-08-16 03:00:00,1
golf,2026-08-16,61,Jordan Smith,24.25,8.15,1.0000,,,N,2026-08-16 03:00:00|TPC Southwind,G,8200,24.25,0.0000,8.15,ok,Jordan Smith,,46464,FanDuel,4,6,4768:Full Roster:1/1 | 4763:Full Roster:1/1 | 4764:Full Roster:1/1 | 4765:Full Roster:1/1 | 4766:Full Roster:1/1 | 4767:Full Roster:1/1,4768,Full Roster,2026-08-16 03:00:00,1
golf,2026-08-16,62,Adam Scott,24.19,76.52,1.0000,,,N,2026-08-16 03:00:00|TPC Southwind,G,8400,24.19,0.0000,76.52,ok,Adam Scott,,24502,FanDuel,4,6,4768:Full Roster:1/1 | 4763:Full Roster:1/1 | 4764:Full Roster:1/1 | 4765:Full Roster:1/1 | 4766:Full Roster:1/1 | 4767:Full Roster:1/1,4768,Full Roster,2026-08-16 03:00:00,1
golf,2026-08-16,63,Viktor Hovland,24.13,80.77,1.0000,,,N,2026-08-16 03:00:00|TPC Southwind,G,10100,24.13,0.0000,80.77,ok,Viktor Hovland,,46717,FanDuel,4,6,4768:Full Roster:1/1 | 4763:Full Roster:1/1 | 4764:Full Roster:1/1 | 4765:Full Roster:1/1 | 4766:Full Roster:1/1 | 4767:Full Roster:1/1,4768,Full Roster,2026-08-16 03:00:00,1
golf,2026-08-16,64,Kristoffer Reitan,24.10,2.52,1.0000,,,N,2026-08-16 03:00:00|TPC Southwind,G,8800,24.10,0.0000,2.52,ok,Kristoffer Reitan,,49855,FanDuel,4,6,4768:Full Roster:1/1 | 4763:Full Roster:1/1 | 4764:Full Roster:1/1 | 4765:Full Roster:1/1 | 4766:Full Roster:1/1 | 4767:Full Roster:1/1,4768,Full Roster,2026-08-16 03:00:00,1
golf,2026-08-16,65,Aldrich Potgieter,23.92,64.50,1.0000,,,N,2026-08-16 03:00:00|TPC Southwind,G,6100,23.92,0.0000,64.50,ok,Aldrich Potgieter,,63343,FanDuel,4,6,4768:Full Roster:1/1 | 4763:Full Roster:1/1 | 4764:Full Roster:1/1 | 4765:Full Roster:1/1 | 4766:Full Roster:1/1 | 4767:Full Roster:1/1,4768,Full Roster,2026-08-16 03:00:00,1
golf,2026-08-16,66,Tom Kim,23.82,94.14,1.0000,,,N,2026-08-16 03:00:00|TPC Southwind,G,9700,23.82,0.0000,94.14,ok,Tom Kim,,55182,FanDuel,4,6,4768:Full Roster:1/1 | 4763:Full Roster:1/1 | 4764:Full Roster:1/1 | 4765:Full Roster:1/1 | 4766:Full Roster:1/1 | 4767:Full Roster:1/1,4768,Full Roster,2026-08-16 03:00:00,1
golf,2026-08-16,67,Sungjae Im,23.75,103.65,1.0000,,,N,2026-08-16 03:00:00|TPC Southwind,G,7900,23.75,0.0000,103.65,ok,Sungjae Im,,39971,FanDuel,4,6,4768:Full Roster:1/1 | 4763:Full Roster:1/1 | 4764:Full Roster:1/1 | 4765:Full Roster:1/1 | 4766:Full Roster:1/1 | 4767:Full Roster:1/1,4768,Full Roster,2026-08-16 03:00:00,1
golf,2026-08-16,68,Shane Lowry,23.46,84.13,1.0000,,,N,2026-08-16 03:00:00|TPC Southwind,G,8700,23.46,0.0000,84.13,ok,Shane Lowry,,33204,FanDuel,4,6,4768:Full Roster:1/1 | 4763:Full Roster:1/1 | 4764:Full Roster:1/1 | 4765:Full Roster:1/1 | 4766:Full Roster:1/1 | 4767:Full Roster:1/1,4768,Full Roster,2026-08-16 03:00:00,1
golf,2026-08-16,69,Alex Fitzpatrick,19.95,0.00,1.0000,,,N,2026-08-16 03:00:00|TPC Southwind,G,8300,19.95,0.0000,0.00,ok,Alex Fitzpatrick,,55721,FanDuel,4,6,4768:Full Roster:1/1 | 4763:Full Roster:1/1 | 4764:Full Roster:1/1 | 4765:Full Roster:1/1 | 4766:Full Roster:1/1 | 4767:Full Roster:1/1,4768,Full Roster,2026-08-16 03:00:00,1
