id,Name,firstName,lastName,normalized_name
54591,Ben Griffin,Ben,Griffin,ben griffin
46046,Scottie Scheffler,Scottie,Scheffler,scottie scheffler
57366,Cameron Young,Cameron,Young,cameron young
59095,Chris Gotterup,Chris,Gotterup,chris gotterup
57975,Harry Hall,Harry,Hall,harry hall
47591,Eric Cole,Eric,Cole,eric cole
39324,J.J. Spaun,J.J.,Spaun,j j spaun
51696,Rico Hoey,Rico,Hoey,rico hoey
51894,Vince Whaley,Vince,Whaley,vince whaley
37455,Si Woo Kim,Si Woo,Kim,si woo kim
55893,Sam Stevens,Sam,Stevens,sam stevens
47504,Sam Burns,Sam,Burns,sam burns
36699,Patrick Rodgers,Patrick,Rodgers,patrick rodgers
58168,Davis Thompson,Davis,Thompson,davis thompson
46442,Maverick McNealy,Maverick,McNealy,maverick mcnealy
32839,Hideki Matsuyama,Hideki,Matsuyama,hideki matsuyama
45242,Kevin Yu,Kevin,Yu,kevin yu
31646,Emiliano Grillo,Emiliano,Grillo,emiliano grillo
34099,Harris English,Harris,English,harris english
36801,Mark Hubbard,Mark,Hubbard,mark hubbard
57364,Michael Thorbjornsen,Michael,Thorbjornsen,michael thorbjornsen
54576,Patrick Fishburn,Patrick,Fishburn,patrick fishburn
52215,Robert MacIntyre,Robert,MacIntyre,robert macintyre
51950,Max McGreevy,Max,McGreevy,max mcgreevy
49771,J.T. Poston,J.T.,Poston,j t poston
39975,Michael Kim,Michael,Kim,michael kim
57586,Jesper Svensson,Jesper,Svensson,jesper svensson
56630,Akshay Bhatia,Akshay,Bhatia,akshay bhatia
59143,Mac Meissner,Mac,Meissner,mac meissner
49960,Sepp Straka,Sepp,Straka,sepp straka
60004,Jacob Bridgeman,Jacob,Bridgeman,jacob bridgeman
33948,Byeong Hun An,Byeong Hun,An,byeong hun an
30911,Tommy Fleetwood,Tommy,Fleetwood,tommy fleetwood
46340,Alex Smalley,Alex,Smalley,alex smalley
59141,Matt McCarty,Matt,McCarty,matt mccarty
48867,Matti Schmid,Matti,Schmid,matti schmid
35461,Beau Hossler,Beau,Hossler,beau hossler
57362,Austin Eckroat,Austin,Eckroat,austin eckroat
51977,Max Greyserman,Max,Greyserman,max greyserman
59018,Ryan Gerard,Ryan,Gerard,ryan gerard
45522,Christiaan Bezuidenhout,Christiaan,Bezuidenhout,christiaan bezuidenhout
51766,Wyndham Clark,Wyndham,Clark,wyndham clark
47420,Jake Knapp,Jake,Knapp,jake knapp
40250,Taylor Pendrith,Taylor,Pendrith,taylor pendrith
40098,Matt Fitzpatrick,Matt,Fitzpatrick,matt fitzpatrick
47993,Denny McCarthy,Denny,McCarthy,denny mccarthy
48117,Kurt Kitayama,Kurt,Kitayama,kurt kitayama
51997,Andrew Novak,Andrew,Novak,andrew novak
27644,Brian Harman,Brian,Harman,brian harman
39971,Sungjae Im,Sungjae,Im,sungjae im
51349,Nico Echavarria,Nico,Echavarria,nico echavarria
36884,Ben Kohles,Ben,Kohles,ben kohles
28252,Seamus Power,Seamus,Power,seamus power
39997,Corey Conners,Corey,Conners,corey conners
36799,Stephan Jaeger,Stephan,Jaeger,stephan jaeger
35658,Kristoffer Ventura,Kristoffer,Ventura,kristoffer ventura
35506,Mackenzie Hughes,Mackenzie,Hughes,mackenzie hughes
52375,Doug Ghim,Doug,Ghim,doug ghim
37275,Sam Ryder,Sam,Ryder,sam ryder
47983,Chad Ramey,Chad,Ramey,chad ramey
32102,Rickie Fowler,Rickie,Fowler,rickie fowler
39335,Kevin Roy,Kevin,Roy,kevin roy
30926,Chris Kirk,Chris,Kirk,chris kirk
51287,Ryo Hisatsune,Ryo,Hisatsune,ryo hisatsune
33448,Justin Thomas,Justin,Thomas,justin thomas
47679,Victor Perez,Victor,Perez,victor perez
31323,Gary Woodland,Gary,Woodland,gary woodland
33141,Keegan Bradley,Keegan,Bradley,keegan bradley
39546,Keith Mitchell,Keith,Mitchell,keith mitchell
52666,Sami Valimaki,Sami,Valimaki,sami valimaki
59440,Ricky Castillo,Ricky,Castillo,ricky castillo
35450,Patrick Cantlay,Patrick,Cantlay,patrick cantlay
34098,Russell Henley,Russell,Henley,russell henley
25493,Nick Taylor,Nick,Taylor,nick taylor
51890,Greyson Sigg,Greyson,Sigg,greyson sigg
57123,Steven Fisk,Steven,Fisk,steven fisk
52955,Ludvig Åberg,Ludvig,Åberg,ludvig aberg
47917,Takumi Kanaya,Takumi,Kanaya,takumi kanaya
55182,Tom Kim,Tom,Kim,tom kim
34587,Chan Kim,Chan,Kim,chan kim
39977,Max Homa,Max,Homa,max homa
36326,David Lipsky,David,Lipsky,david lipsky
63121,William Mouw,William,Mouw,william mouw
40115,Adam Svensson,Adam,Svensson,adam svensson
46414,Aaron Rai,Aaron,Rai,aaron rai
40162,Justin Lower,Justin,Lower,justin lower
35532,Tom Hoge,Tom,Hoge,tom hoge
33653,Thomas Detry,Thomas,Detry,thomas detry
33399,Adam Hadwin,Adam,Hadwin,adam hadwin
30163,Henrik Norlander,Henrik,Norlander,henrik norlander
49947,Taylor Moore,Taylor,Moore,taylor moore
39327,Ben Silverman,Ben,Silverman,ben silverman
33968,Thorbjørn Olesen,Thorbjørn,Olesen,thorbjørn olesen
54628,Lee Hodges,Lee,Hodges,lee hodges
40026,Daniel Berger,Daniel,Berger,daniel berger
25900,Lucas Glover,Lucas,Glover,lucas glover
48887,Matt Wallace,Matt,Wallace,matt wallace
60882,Thomas Rosenmueller,Thomas,Rosenmueller,thomas rosenmueller
47347,Adam Schenk,Adam,Schenk,adam schenk
52513,Carson Young,Carson,Young,carson young
57900,Chandler Phillips,Chandler,Phillips,chandler phillips
47995,Davis Riley,Davis,Riley,davis riley
28237,Rory McIlroy,Rory,McIlroy,rory mcilroy
27129,Luke List,Luke,List,luke list
50525,Collin Morikawa,Collin,Morikawa,collin morikawa
48081,Xander Schauffele,Xander,Schauffele,xander schauffele
33597,Harry Higgs,Harry,Higgs,harry higgs
59866,Nick Dunlap,Nick,Dunlap,nick dunlap
34256,Andrew Putnam,Andrew,Putnam,andrew putnam
34076,Joel Dahmen,Joel,Dahmen,joel dahmen
33204,Shane Lowry,Shane,Lowry,shane lowry
58605,Quade Cummins,Quade,Cummins,quade cummins
27770,Camilo Villegas,Camilo,Villegas,camilo villegas
34046,Jordan Spieth,Jordan,Spieth,jordan spieth
50582,Jeremy Paul,Jeremy,Paul,jeremy paul
23108,Matt Kuchar,Matt,Kuchar,matt kuchar
60019,Jackson Suber,Jackson,Suber,jackson suber
29535,Brice Garnett,Brice,Garnett,brice garnett
46717,Viktor Hovland,Viktor,Hovland,viktor hovland
27139,David Skinns,David,Skinns,david skinns
52686,Rasmus Højgaard,Rasmus,Højgaard,rasmus højgaard
56781,Isaiah Salinda,Isaiah,Salinda,isaiah salinda
35310,Lanto Griffin,Lanto,Griffin,lanto griffin
37378,Min Woo Lee,Min Woo,Lee,min woo lee
60067,Joe Highsmith,Joe,Highsmith,joe highsmith
29936,Ryan Fox,Ryan,Fox,ryan fox
22405,Justin Rose,Justin,Rose,justin rose
55165,Noah Goodwin,Noah,Goodwin,noah goodwin
46601,Trey Mullinax,Trey,Mullinax,trey mullinax
34021,Bud Cauley,Bud,Cauley,bud cauley
55789,Taylor Montgomery,Taylor,Montgomery,taylor montgomery
48153,Matthieu Pavon,Matthieu,Pavon,matthieu pavon
40006,Erik van Rooyen,Erik,van Rooyen,erik van rooyen
27064,Jhonattan Vegas,Jhonattan,Vegas,jhonattan vegas
51634,Sahith Theegala,Sahith,Theegala,sahith theegala
27649,Brandt Snedeker,Brandt,Snedeker,brandt snedeker
49453,Trevor Cone,Trevor,Cone,trevor cone
24502,Adam Scott,Adam,Scott,adam scott
32070,Rafael Campos,Rafael,Campos,rafael campos
58933,Will Chandler,Will,Chandler,will chandler
49590,Frankie Capan III,Frankie,Capan III,frankie capan iii
45157,Cam Davis,Cam,Davis,cam davis
50484,Hayden Springer,Hayden,Springer,hayden springer
47988,Nick Hardy,Nick,Hardy,nick hardy
29725,Tony Finau,Tony,Finau,tony finau
59160,John Pak,John,Pak,john pak
32757,Patton Kizzire,Patton,Kizzire,patton kizzire
54607,Danny Walker,Danny,Walker,danny walker
38991,Alejandro Tosti,Alejandro,Tosti,alejandro tosti
34466,Peter Malnati,Peter,Malnati,peter malnati
28775,Nate Lashley,Nate,Lashley,nate lashley
36824,Paul Peterson,Paul,Peterson,paul peterson
52453,Nicolai Højgaard,Nicolai,Højgaard,nicolai højgaard
46646,Antoine Rozner,Antoine,Rozner,antoine rozner
46443,Brian Campbell,Brian,Campbell,brian campbell
28089,Jason Day,Jason,Day,jason day
56762,Will Gordon,Will,Gordon,will gordon
54304,Karl Vilips,Karl,Vilips,karl vilips
40058,Zac Blair,Zac,Blair,zac blair
63343,Aldrich Potgieter,Aldrich,Potgieter,aldrich potgieter
54421,Garrick Higgo,Garrick,Higgo,garrick higgo
58619,Kevin Velo,Kevin,Velo,kevin velo
29420,Billy Horschel,Billy,Horschel,billy horschel
47056,Rikuya Hoshino,Rikuya,Hoshino,rikuya hoshino
55708,Hayden Buckley,Hayden,Buckley,hayden buckley
52370,Mason Andersen,Mason,Andersen,mason andersen
39859,Cristobal Del Solar,Cristobal,Del Solar,cristobal del solar
35706,Niklas Nørgaard,Niklas,Nørgaard,niklas nørgaard
64693,Matthew Riedel,Matthew,Riedel,matthew riedel
52144,Braden Thornberry,Braden,Thornberry,braden thornberry
59836,Pierceson Coody,Pierceson,Coody,pierceson coody
33413,Ben Martin,Ben,Martin,ben martin
12716,Charley Hoffman,Charley,Hoffman,charley hoffman
66743,Luke Clanton,Luke,Clanton,luke clanton
51690,Taylor Dickson,Taylor,Dickson,taylor dickson
55623,Kaito Onishi,Kaito,Onishi,kaito onishi
33199,Matteo Manassero,Matteo,Manassero,matteo manassero
24024,Zach Johnson,Zach,Johnson,zach johnson
47483,Will Zalatoris,Will,Zalatoris,will zalatoris
50474,Tim Widing,Tim,Widing,tim widing
27349,Alex Noren,Alex,Noren,alex noren
45523,Thriston Lawrence,Thriston,Lawrence,thriston lawrence
29478,Kevin Kisner,Kevin,Kisner,kevin kisner
23320,Ryan Palmer,Ryan,Palmer,ryan palmer
52372,Cameron Champ,Cameron,Champ,cameron champ
22371,Aaron Baddeley,Aaron,Baddeley,aaron baddeley
25198,Francesco Molinari,Francesco,Molinari,francesco molinari
34255,Joseph Bramlett,Joseph,Bramlett,joseph bramlett
32139,Danny Willett,Danny,Willett,danny willett
54813,Philip Knowles,Philip,Knowles,philip knowles
54783,Dylan Wu,Dylan,Wu,dylan wu
29221,Webb Simpson,Webb,Simpson,webb simpson
66701,Jackson Koivun,Jackson,Koivun,jackson koivun
49303,Anders Albertson,Anders,Albertson,anders albertson
31113,Paul Waring,Paul,Waring,paul waring
32791,K.H. Lee,K.H.,Lee,k h lee
51070,Vincent Norrman,Vincent,Norrman,vincent norrman
29908,C.T. Pan,C.T.,Pan,c t pan
32982,Vince Covello,Vince,Covello,vince covello
54328,Norman Xiong,Norman,Xiong,norman xiong
24925,Jonathan Byrd,Jonathan,Byrd,jonathan byrd
36871,Matt NeSmith,Matt,NeSmith,matt nesmith
66417,Blades Brown,Blades,Brown,blades brown
27214,Kevin Streelman,Kevin,Streelman,kevin streelman
34363,Tyrrell Hatton,Tyrrell,Hatton,tyrrell hatton
32448,James Hahn,James,Hahn,james hahn
65256,David Ford,David,Ford,david ford
26476,Chez Reavie,Chez,Reavie,chez reavie
27936,Martin Laird,Martin,Laird,martin laird
46970,Jon Rahm,Jon,Rahm,jon rahm
32640,Troy Merritt,Troy,Merritt,troy merritt
47079,Harrison Endycott,Harrison,Endycott,harrison endycott
66248,Justin Hastings,Justin,Hastings,justin hastings
64442,Gordon Sargent,Gordon,Sargent,gordon sargent
34563,Chesson Hadley,Chesson,Hadley,chesson hadley
32333,Kevin Tway,Kevin,Tway,kevin tway
47959,Bryson DeChambeau,Bryson,DeChambeau,bryson dechambeau
53165,Doc Redman,Doc,Redman,doc redman
52689,Rasmus Neergaard-Petersen,Rasmus,Neergaard-Petersen,rasmus neergaard petersen
27095,Nick Watney,Nick,Watney,nick watney
25818,Scott Piercy,Scott,Piercy,scott piercy
61522,Michael Brennan,Michael,Brennan,michael brennan
63454,Johnny Keefer,Johnny,Keefer,johnny keefer
25686,Jason Dufner,Jason,Dufner,jason dufner
47567,Ben Polland,Ben,Polland,ben polland
52514,Trace Crowe,Trace,Crowe,trace crowe
29268,Bronson Burgoon,Bronson,Burgoon,bronson burgoon
49964,Aaron Wise,Aaron,Wise,aaron wise
20766,Padraig Harrington,Padraig,Harrington,padraig harrington
34362,Laurie Canter,Laurie,Canter,laurie canter
30927,Brendon Todd,Brendon,Todd,brendon todd
51003,Marco Penge,Marco,Penge,marco penge
46435,Austin Cook,Austin,Cook,austin cook
25632,Jimmy Walker,Jimmy,Walker,jimmy walker
54901,Theo Humphrey,Theo,Humphrey,theo humphrey
24924,Bill Haas,Bill,Haas,bill haas
24490,George McNeill,George,McNeill,george mcneill
57625,Trent Phillips,Trent,Phillips,trent phillips
60165,Jose Luis Ballester,Jose Luis,Ballester,jose luis ballester
34360,Patrick Reed,Patrick,Reed,patrick reed
45486,Joaquin Niemann,Joaquin,Niemann,joaquin niemann
45609,Tyler Duncan,Tyler,Duncan,tyler duncan
68384,Michael La Sasso,Michael,La Sasso,michael la sasso
50992,Brett White,Brett,White,brett white
50497,Adrien Dumont de Chassart,Adrien,Dumont de Chassart,adrien dumont de chassart
46441,Robby Shelton,Robby,Shelton,robby shelton
55454,Carl Yuan,Carl,Yuan,carl yuan
48084,Wesley Bryan,Wesley,Bryan,wesley bryan
50286,A.J. Ewart,A.J.,Ewart,a j ewart
61520,Santiago de la Fuente,Santiago,de la Fuente,santiago de la fuente
65110,Brendan Valdes,Brendan,Valdes,brendan valdes
58601,Davis Shore,Davis,Shore,davis shore
30925,Dustin Johnson,Dustin,Johnson,dustin johnson
63807,Neal Shipley,Neal,Shipley,neal shipley
24980,Scott Gutschewski,Scott,Gutschewski,scott gutschewski
23983,Luke Donald,Luke,Donald,luke donald
27974,Sung Kang,Sung,Kang,sung kang
56349,Chris Korte,Chris,Korte,chris korte
54303,Charles Reiter,Charles,Reiter,charles reiter
51491,Brandon Matthews,Brandon,Matthews,brandon matthews
46464,Jordan Smith,Jordan,Smith,jordan smith
33122,Russell Knox,Russell,Knox,russell knox
58132,Kieron van Wyk,Kieron,van Wyk,kieron van wyk
28723,John Parry,John,Parry,john parry
21209,Sergio Garcia,Sergio,Garcia,sergio garcia
54185,Elvis Smylie,Elvis,Smylie,elvis smylie
49228,Keita Nakajima,Keita,Nakajima,keita nakajima
68084,Noah Kent,Noah,Kent,noah kent
30750,Tommy Gainey,Tommy,Gainey,tommy gainey
36689,Brooks Koepka,Brooks,Koepka,brooks koepka
54218,Yuta Sugiura,Yuta,Sugiura,yuta sugiura
65469,Riley Lewis,Riley,Lewis,riley lewis
57869,Ben James,Ben,James,ben james
63455,Ross Steelman,Ross,Steelman,ross steelman
64576,Nick Gabrelcik,Nick,Gabrelcik,nick gabrelcik
61148,Kota Kaneko,Kota,Kaneko,kota kaneko
1810,Phil Mickelson,Phil,Mickelson,phil mickelson
35296,Haotong Li,Haotong,Li,haotong li
35891,Cameron Smith,Cameron,Smith,cameron smith
57321,Matthew Anderson,Matthew,Anderson,matthew anderson
31109,Richard Lee,Richard,Lee,richard lee
28420,Ryan Brehm,Ryan,Brehm,ryan brehm
39262,Alvaro Ortiz,Alvaro,Ortiz,alvaro ortiz
55955,Matthew Jordan,Matthew,Jordan,matthew jordan
49120,Kensei Hirata,Kensei,Hirata,kensei hirata
59409,Ashton McCulloch,Ashton,McCulloch,ashton mcculloch
59164,James Piot,James,Piot,james piot
31560,Brian Stuard,Brian,Stuard,brian stuard
39954,Cody Gribble,Cody,Gribble,cody gribble
60511,Austin Duncan,Austin,Duncan,austin duncan
68352,Jackson Byrd,Jackson,Byrd,jackson byrd
64052,Angel Ayora,Angel,Ayora,angel ayora
67304,Nathan Franks,Nathan,Franks,nathan franks
68272,Tyler Mawhinney,Tyler,Mawhinney,tyler mawhinney
55930,Fred Biondi,Fred,Biondi,fred biondi
45836,Richard Bland,Richard,Bland,richard bland
54954,Jesse Droemer,Jesse,Droemer,jesse droemer
25444,Justin Hicks,Justin,Hicks,justin hicks
55649,Cougar Collins,Cougar,Collins,cougar collins
50188,S.H. Kim,S.H.,Kim,s h kim
33667,Carlos Ortiz,Carlos,Ortiz,carlos ortiz
55460,Sam Choi,Sam,Choi,sam choi
67198,Sebastian Moss,Sebastian,Moss,sebastian moss
32366,Kevin Chappell,Kevin,Chappell,kevin chappell
33486,Roger Sloan,Roger,Sloan,roger sloan
34697,Yi Cao,Yi,Cao,yi cao
52374,Brandon Wu,Brandon,Wu,brandon wu
52703,Matthew Scobie,Matthew,Scobie,matthew scobie
50823,Tom McKibbin,Tom,McKibbin,tom mckibbin
65955,Matthew Watkins,Matthew,Watkins,matthew watkins
34431,Robert Streb,Robert,Streb,robert streb
49575,Derek Bard,Derek,Bard,derek bard
51680,Alistair Docherty,Alistair,Docherty,alistair docherty
58186,George Duangmanee,George,Duangmanee,george duangmanee
26758,David Hearn,David,Hearn,david hearn
35314,Andy Sullivan,Andy,Sullivan,andy sullivan
33490,Bo Hoag,Bo,Hoag,bo hoag
10423,Mike Weir,Mike,Weir,mike weir
64624,Tommy Morrison,Tommy,Morrison,tommy morrison
47125,Matt Atkins,Matt,Atkins,matt atkins
23541,Ben Crane,Ben,Crane,ben crane
66282,José Cristóbal Islas,José Cristóbal,Islas,jose cristobal islas
63544,Patrick Sheehan,Patrick,Sheehan,patrick sheehan
61193,David Puig,David,Puig,david puig
58858,Gavin Cohen,Gavin,Cohen,gavin cohen
67428,Hunter Thomson,Hunter,Thomson,hunter thomson
39489,Bobby Massa,Bobby,Massa,bobby massa
52411,Kyle Westmoreland,Kyle,Westmoreland,kyle westmoreland
54602,Cristian DiMarco,Cristian,DiMarco,cristian dimarco
49371,Otto Black,Otto,Black,otto black
59137,RJ Manke,RJ,Manke,rj manke
58668,Austen Christiansen,Austen,Christiansen,austen christiansen
68002,Gerardo Gomez,Gerardo,Gomez,gerardo gomez
34579,Alexander Levy,Alexander,Levy,alexander levy
56149,Wilson Furr,Wilson,Furr,wilson furr
65577,Owen Stamper,Owen,Stamper,owen stamper
22764,Michael Block,Michael,Block,michael block
51776,Michael Feuerstein,Michael,Feuerstein,michael feuerstein
32367,Jorge Campillo,Jorge,Campillo,jorge campillo
56555,Myles Creighton,Myles,Creighton,myles creighton
35778,Kazuki Higa,Kazuki,Higa,kazuki higa
26851,Marc Leishman,Marc,Leishman,marc leishman
57298,Preston Summerhays,Preston,Summerhays,preston summerhays
67607,Kye Meeks,Kye,Meeks,kye meeks
66562,Justin Matthews,Justin,Matthews,justin matthews
56100,Ren Yonezawa,Ren,Yonezawa,ren yonezawa
65580,Ben Warian,Ben,Warian,ben warian
65574,Zach Reuland,Zach,Reuland,zach reuland
57872,Andi Xu,Andi,Xu,andi xu
65408,Barend Botha,Barend,Botha,barend botha
47894,Wei-Hsuan Wang,Wei-Hsuan,Wang,wei hsuan wang
46405,Sebastian Soderberg,Sebastian,Soderberg,sebastian soderberg
65466,Max Kennedy,Max,Kennedy,max kennedy
23481,Marcel Siem,Marcel,Siem,marcel siem
27466,Spencer Levin,Spencer,Levin,spencer levin
67090,Dominic Clemons,Dominic,Clemons,dominic clemons
66742,Jackson Buchanan,Jackson,Buchanan,jackson buchanan
54655,Patrick Flavin,Patrick,Flavin,patrick flavin
54422,Christo Lamprecht,Christo,Lamprecht,christo lamprecht
67986,Tyler Loree,Tyler,Loree,tyler loree
35946,Willy Pumarol,Willy,Pumarol,willy pumarol
59862,Joe Hooks,Joe,Hooks,joe hooks
25804,Bubba Watson,Bubba,Watson,bubba watson
59871,Greg Koch,Greg,Koch,greg koch
31557,Jim Herman,Jim,Herman,jim herman
46113,Ryan McCormick,Ryan,McCormick,ryan mccormick
68584,Matthew Javier,Matthew,Javier,matthew javier
24461,Thomas Aiken,Thomas,Aiken,thomas aiken
34087,Carlos Sainz Jr,Carlos,Sainz Jr,carlos sainz jr
19803,Ryan Armour,Ryan,Armour,ryan armour
57342,Seungbin Choi,Seungbin,Choi,seungbin choi
45734,John Catlin,John,Catlin,john catlin
37428,Evan Harmeling,Evan,Harmeling,evan harmeling
48051,Yannik Paul,Yannik,Paul,yannik paul
54334,Ben Cook,Ben,Cook,ben cook
58351,Josh Goldenberg,Josh,Goldenberg,josh goldenberg
60518,Luke Gifford,Luke,Gifford,luke gifford
27963,Chris Stroud,Chris,Stroud,chris stroud
59680,Jose Antonio Safa,Jose Antonio,Safa,jose antonio safa
48699,Callum Tarren,Callum,Tarren,callum tarren
60386,Sudarshan Yellamaraju,Sudarshan,Yellamaraju,sudarshan yellamaraju
33974,Dean Burmester,Dean,Burmester,dean burmester
57492,Eugenio Chacarra,Eugenio,Chacarra,eugenio chacarra
58381,Kyle Mendoza,Kyle,Mendoza,kyle mendoza
48237,Oliver Lindell,Oliver,Lindell,oliver lindell
47128,Richy Werenski,Richy,Werenski,richy werenski
30852,Ryo Ishikawa,Ryo,Ishikawa,ryo ishikawa
26331,Charl Schwartzel,Charl,Schwartzel,charl schwartzel
58188,James Nicholas,James,Nicholas,james nicholas
45779,Brett Webster,Brett,Webster,brett webster
37446,Jacques Kruyswijk,Jacques,Kruyswijk,jacques kruyswijk
53912,Danny List,Danny,List,danny list
58391,Jared Jones,Jared,Jones,jared jones
31202,William McGirt,William,McGirt,william mcgirt
27330,Josh Teater,Josh,Teater,josh teater
51635,Chris Nido,Chris,Nido,chris nido
30110,Kyle Stanley,Kyle,Stanley,kyle stanley
65417,Connor Creasy,Connor,Creasy,connor creasy
60767,"Blaine Hale, Jr.",Blaine,"Hale, Jr.",blaine hale jr
63806,Hunter Logan,Hunter,Logan,hunter logan
69500,Tyler Watts,Tyler,Watts,tyler watts
59243,Connor Howe,Connor,Howe,connor howe
64561,Alejandro Madariaga,Alejandro,Madariaga,alejandro madariaga
35181,Daniel van Tonder,Daniel,van Tonder,daniel van tonder
35449,Adam Long,Adam,Long,adam long
28679,Fabián Gómez,Fabián,Gómez,fabian gomez
50157,"Philip Barbaree, Jr.",Philip,"Barbaree, Jr.",philip barbaree jr
54608,Dillon Board,Dillon,Board,dillon board
58658,Peter Knade,Peter,Knade,peter knade
35230,Nelson Ledesma,Nelson,Ledesma,nelson ledesma
65562,Randall Hudson,Randall,Hudson,randall hudson
23623,Bo Van Pelt,Bo,Van Pelt,bo van pelt
45618,Evan Beck,Evan,Beck,evan beck
68020,Connor Williams,Connor,Williams,connor williams
29289,S.Y. Noh,S.Y.,Noh,s y noh
49855,Kristoffer Reitan,Kristoffer,Reitan,kristoffer reitan
33735,Gabe Reynolds,Gabe,Reynolds,gabe reynolds
28593,Jesse Mueller,Jesse,Mueller,jesse mueller
68021,Reinaldo Simoni,Reinaldo,Simoni,reinaldo simoni
67652,Mao Matsuyama,Mao,Matsuyama,mao matsuyama
27408,Martin Kaymer,Martin,Kaymer,martin kaymer
60369,Sam Bairstow,Sam,Bairstow,sam bairstow
66246,Kelvin Hernandez,Kelvin,Hernandez,kelvin hernandez
66862,Patrick Pockels,Patrick,Pockels,patrick pockels
23814,Edoardo Molinari,Edoardo,Molinari,edoardo molinari
68612,Tyler Weaver,Tyler,Weaver,tyler weaver
59005,Evan Brown,Evan,Brown,evan brown
56625,Max Sear,Max,Sear,max sear
28780,Nicholas Thompson,Nicholas,Thompson,nicholas thompson
54364,Stephen Stallings Jr.,Stephen,Stallings Jr.,stephen stallings jr
56297,John Somers,John,Somers,john somers
59567,Emilio Gonzalez,Emilio,Gonzalez,emilio gonzalez
24140,Sean O'Hair,Sean,O'Hair,sean o hair
25834,Daniel Summerhays,Daniel,Summerhays,daniel summerhays
24846,Ricky Barnes,Ricky,Barnes,ricky barnes
68606,Frankie Harris,Frankie,Harris,frankie harris
51836,Michael Kartrude,Michael,Kartrude,michael kartrude
64692,Erich Fortlage,Erich,Fortlage,erich fortlage
65545,Dawson Jones,Dawson,Jones,dawson jones
40042,Tyler McCumber,Tyler,McCumber,tyler mccumber
28259,Sangmoon Bae,Sangmoon,Bae,sangmoon bae
54788,Chandler Blanchet,Chandler,Blanchet,chandler blanchet
34126,Scott Vincent,Scott,Vincent,scott vincent
54404,David Longmire,David,Longmire,david longmire
20396,Lee Westwood,Lee,Westwood,lee westwood
65587,Andre Chi,Andre,Chi,andre chi
33689,Jinichiro Kozuma,Jinichiro,Kozuma,jinichiro kozuma
46732,Rick Lamb,Rick,Lamb,rick lamb
51366,Riki Kawamoto,Riki,Kawamoto,riki kawamoto
1666,Bernhard Langer,Bernhard,Langer,bernhard langer
68022,Gustavo Rangel,Gustavo,Rangel,gustavo rangel
30978,Kiradech Aphibarnrat,Kiradech,Aphibarnrat,kiradech aphibarnrat
37410,Hiram Silfa,Hiram,Silfa,hiram silfa
12309,Bob Sowards,Bob,Sowards,bob sowards
68614,Lance Simpson,Lance,Simpson,lance simpson
24494,Erik Compton,Erik,Compton,erik compton
1928,Corey Pavin,Corey,Pavin,corey pavin
57860,Maxwell Moldovan,Maxwell,Moldovan,maxwell moldovan
51458,Preston Cole,Preston,Cole,preston cole
46301,JJ Guerra,JJ,Guerra,jj guerra
55741,Hiroshi Tai,Hiroshi,Tai,hiroshi tai
56264,Manuel Torres,Manuel,Torres,manuel torres
6515,Shaun Micheel,Shaun,Micheel,shaun micheel
37250,Romain Langasque,Romain,Langasque,romain langasque
46581,Ryan Lenahan,Ryan,Lenahan,ryan lenahan
68159,Connor Doyal,Connor,Doyal,connor doyal
60895,Kris Kim,Kris,Kim,kris kim
24219,Wes Heffernan,Wes,Heffernan,wes heffernan
59570,Tyler Collet,Tyler,Collet,tyler collet
50006,Willie Mack III,Willie,Mack III,willie mack iii
58696,Peter Kuest,Peter,Kuest,peter kuest
1378,David Frost,David,Frost,david frost
45426,Nathan Kimsey,Nathan,Kimsey,nathan kimsey
29970,Dylan Frittelli,Dylan,Frittelli,dylan frittelli
59865,Cameron Tankersley,Cameron,Tankersley,cameron tankersley
30944,Jason Kokrak,Jason,Kokrak,jason kokrak
59657,Joey Herrera,Joey,Herrera,joey herrera
36852,Jim Knous,Jim,Knous,jim knous
1226,Fred Couples,Fred,Couples,fred couples
12195,Tom Johnson,Tom,Johnson,tom johnson
46125,Eric Steger,Eric,Steger,eric steger
50762,Alejandro Del Rey,Alejandro,Del Rey,alejandro del rey
34656,Mikumu Horikawa,Mikumu,Horikawa,mikumu horikawa
52585,Frederic LaCroix,Frederic,LaCroix,frederic lacroix
28475,Jeff Overton,Jeff,Overton,jeff overton
6373,José María Olazábal,José María,Olazábal,jose maria olazabal
61065,Brandon Bingaman,Brandon,Bingaman,brandon bingaman
45733,Austen Truslow,Austen,Truslow,austen truslow
48001,Zach Bauchou,Zach,Bauchou,zach bauchou
60065,Ryan Hall,Ryan,Hall,ryan hall
55417,Timothy Wiseman,Timothy,Wiseman,timothy wiseman
68607,Mason Howell,Mason,Howell,mason howell
51449,Dylan Newman,Dylan,Newman,dylan newman
32698,Bobby Gates,Bobby,Gates,bobby gates
60567,Harrison Ott,Harrison,Ott,harrison ott
21528,Henrik Stenson,Henrik,Stenson,henrik stenson
32335,Brian Bergstol,Brian,Bergstol,brian bergstol
50493,Justin Suh,Justin,Suh,justin suh
1139,Olin Browne,Olin,Browne,olin browne
29485,Brett Stegmaier,Brett,Stegmaier,brett stegmaier
46594,Ricardo Gouveia,Ricardo,Gouveia,ricardo gouveia
20848,Ángel Cabrera,Ángel,Cabrera,angel cabrera
36802,Mark Hoffman,Mark,Hoffman,mark hoffman
24358,Robert Garrigus,Robert,Garrigus,robert garrigus
46404,Marcus Kinhult,Marcus,Kinhult,marcus kinhult
68610,Zach Pollo,Zach,Pollo,zach pollo
54459,Andrew Filbert,Andrew,Filbert,andrew filbert
67988,Kelly Welsh,Kelly,Welsh,kelly welsh
59601,Grant Haefner,Grant,Haefner,grant haefner
39067,MJ Daffue,MJ,Daffue,mj daffue
47888,Taiga Semikawa,Taiga,Semikawa,taiga semikawa
54869,Chase Johnson,Chase,Johnson,chase johnson
68003,Leandro Mihaich,Leandro,Mihaich,leandro mihaich
34371,Adrien Saddier,Adrien,Saddier,adrien saddier
39412,Zack Fischer,Zack,Fischer,zack fischer
35376,Roberto Díaz,Roberto,Díaz,roberto diaz
58116,Taiga Kobayashi,Taiga,Kobayashi,taiga kobayashi
39871,Takanori Konishi,Takanori,Konishi,takanori konishi
46035,Callum Shinkwin,Callum,Shinkwin,callum shinkwin
32816,Satoshi Kodaira,Satoshi,Kodaira,satoshi kodaira
30756,Andrea Pavan,Andrea,Pavan,andrea pavan
50414,Tatsunori Shogenji,Tatsunori,Shogenji,tatsunori shogenji
51151,Todd Clements,Todd,Clements,todd clements
67203,Trevor Gutschewski,Trevor,Gutschewski,trevor gutschewski
68284,Rodrigo Huerta,Rodrigo,Huerta,rodrigo huerta
62847,Nic Ishee,Nic,Ishee,nic ishee
39834,Guido Migliozzi,Guido,Migliozzi,guido migliozzi
68608,Bryan Lee,Bryan,Lee,bryan lee
35564,Joel Girrbach,Joel,Girrbach,joel girrbach
34374,Erik Barnes,Erik,Barnes,erik barnes
47847,Ivan Cantero Gutierrez,Ivan,Cantero Gutierrez,ivan cantero gutierrez
48632,Yuto Katsuragawa,Yuto,Katsuragawa,yuto katsuragawa
53196,Robin Williams,Robin,Williams,robin williams
34317,Joakim Lagergren,Joakim,Lagergren,joakim lagergren
35091,Joshua Kelley,Joshua,Kelley,joshua kelley
