provider,provider_event_id,provider_market_id,provider_league,provider_market_name,book,book_display_name,book_category,sport,market_type,stat,player_name,line,home_spread,away_spread,home_team,away_team,over_odds,under_odds,draw_odds,extra_outcomes,updated_at,period,event_date,question
draftkings,33394665,1_82817715,ufc,Moneyline,draftkings,DraftKings,sportsbook,ufc,game_winner,winner,,,,,Islam Makhachev,Ian Machado Garry,-340,270,,"[{""key"":""Home"",""label"":""Islam Makhachev"",""odds"":-340},{""key"":""Away"",""label"":""Ian Machado Garry"",""odds"":270}]",2026-08-16T03:30:00.0000000Z,,2026-08-16T03:30:00.0000000Z,Islam Makhachev vs Ian Machado Garry
draftkings,34292155,1_85195070,ufc,Moneyline,draftkings,DraftKings,sportsbook,ufc,game_winner,winner,,,,,Mackenzie Dern,Gillian Robertson,-225,185,,"[{""key"":""Home"",""label"":""Mackenzie Dern"",""odds"":-225},{""key"":""Away"",""label"":""Gillian Robertson"",""odds"":185}]",2026-08-16T02:45:00.0000000Z,,2026-08-16T02:45:00.0000000Z,Mackenzie Dern vs Gillian Robertson
draftkings,34372937,1_85433276,ufc,Moneyline,draftkings,DraftKings,sportsbook,ufc,game_winner,winner,,,,,Umar Nurmagomedov,Song Yadong,-455,350,,"[{""key"":""Home"",""label"":""Umar Nurmagomedov"",""odds"":-455},{""key"":""Away"",""label"":""Song Yadong"",""odds"":350}]",2026-08-29T20:00:00.0000000Z,,2026-08-29T20:00:00.0000000Z,Umar Nurmagomedov vs Song Yadong
draftkings,34481680,1_85761274,ufc,Moneyline,draftkings,DraftKings,sportsbook,ufc,game_winner,winner,,,,,Edson Barboza,Esteban Ribovics,425,-575,,"[{""key"":""Home"",""label"":""Edson Barboza"",""odds"":425},{""key"":""Away"",""label"":""Esteban Ribovics"",""odds"":-575}]",2026-08-16T01:15:00.0000000Z,,2026-08-16T01:15:00.0000000Z,Edson Barboza vs Esteban Ribovics
draftkings,34481681,1_85761275,ufc,Moneyline,draftkings,DraftKings,sportsbook,ufc,game_winner,winner,,,,,Vicente Luque,Tresean Gore,102,-122,,"[{""key"":""Home"",""label"":""Vicente Luque"",""odds"":102},{""key"":""Away"",""label"":""Tresean Gore"",""odds"":-122}]",2026-08-15T23:15:00.0000000Z,,2026-08-15T23:15:00.0000000Z,Vicente Luque vs Tresean Gore
draftkings,34481682,1_85761276,ufc,Moneyline,draftkings,DraftKings,sportsbook,ufc,game_winner,winner,,,,,Mansur Abdul-Malik,Dustin Stoltzfus,-625,455,,"[{""key"":""Home"",""label"":""Mansur Abdul-Malik"",""odds"":-625},{""key"":""Away"",""label"":""Dustin Stoltzfus"",""odds"":455}]",2026-08-15T21:00:00.0000000Z,,2026-08-15T21:00:00.0000000Z,Mansur Abdul-Malik vs Dustin Stoltzfus
draftkings,34481683,1_85761277,ufc,Moneyline,draftkings,DraftKings,sportsbook,ufc,game_winner,winner,,,,,Jeremiah Wells,Myktybek Orolbai,650,-1000,,"[{""key"":""Home"",""label"":""Jeremiah Wells"",""odds"":650},{""key"":""Away"",""label"":""Myktybek Orolbai"",""odds"":-1000}]",2026-08-16T01:45:00.0000000Z,,2026-08-16T01:45:00.0000000Z,Jeremiah Wells vs Myktybek Orolbai
draftkings,34481684,1_85761278,ufc,Moneyline,draftkings,DraftKings,sportsbook,ufc,game_winner,winner,,,,,Neil Magny,Ramiz Brahimaj,105,-125,,"[{""key"":""Home"",""label"":""Neil Magny"",""odds"":105},{""key"":""Away"",""label"":""Ramiz Brahimaj"",""odds"":-125}]",2026-08-15T22:15:00.0000000Z,,2026-08-15T22:15:00.0000000Z,Neil Magny vs Ramiz Brahimaj
draftkings,34481685,1_85761279,ufc,Moneyline,draftkings,DraftKings,sportsbook,ufc,game_winner,winner,,,,,Jalin Turner,Kaue Fernandes,-162,136,,"[{""key"":""Home"",""label"":""Jalin Turner"",""odds"":-162},{""key"":""Away"",""label"":""Kaue Fernandes"",""odds"":136}]",2026-08-16T00:15:00.0000000Z,,2026-08-16T00:15:00.0000000Z,Jalin Turner vs Kaue Fernandes
draftkings,34481686,1_85761280,ufc,Moneyline,draftkings,DraftKings,sportsbook,ufc,game_winner,winner,,,,,Charles Johnson,Jose Ochoa,330,-425,,"[{""key"":""Home"",""label"":""Charles Johnson"",""odds"":330},{""key"":""Away"",""label"":""Jose Ochoa"",""odds"":-425}]",2026-08-15T21:00:00.0000000Z,,2026-08-15T21:00:00.0000000Z,Charles Johnson vs Jose Ochoa
draftkings,34481697,1_85761291,ufc,Moneyline,draftkings,DraftKings,sportsbook,ufc,game_winner,winner,,,,,Rafael Tobias,Lucas Fernando,235,-290,,"[{""key"":""Home"",""label"":""Rafael Tobias"",""odds"":235},{""key"":""Away"",""label"":""Lucas Fernando"",""odds"":-290}]",2026-08-15T22:45:00.0000000Z,,2026-08-15T22:45:00.0000000Z,Rafael Tobias vs Lucas Fernando
draftkings,34481698,1_85761292,ufc,Moneyline,draftkings,DraftKings,sportsbook,ufc,game_winner,winner,,,,,Donte Johnson,Eric McConico,-245,200,,"[{""key"":""Home"",""label"":""Donte Johnson"",""odds"":-245},{""key"":""Away"",""label"":""Eric McConico"",""odds"":200}]",2026-08-15T23:45:00.0000000Z,,2026-08-15T23:45:00.0000000Z,Donte Johnson vs Eric McConico
draftkings,34484258,1_85768456,ufc,Moneyline,draftkings,DraftKings,sportsbook,ufc,game_winner,winner,,,,,Yair Rodriguez,Jean Silva,280,-355,,"[{""key"":""Home"",""label"":""Yair Rodriguez"",""odds"":280},{""key"":""Away"",""label"":""Jean Silva"",""odds"":-355}]",2026-09-13T04:00:00.0000000Z,,2026-09-13T04:00:00.0000000Z,Yair Rodriguez vs Jean Silva
draftkings,34486336,1_85775187,ufc,Moneyline,draftkings,DraftKings,sportsbook,ufc,game_winner,winner,,,,,Tai Tuivasa,Robelis Despaigne,380,-500,,"[{""key"":""Home"",""label"":""Tai Tuivasa"",""odds"":380},{""key"":""Away"",""label"":""Robelis Despaigne"",""odds"":-500}]",2026-09-20T00:00:00.0000000Z,,2026-09-20T00:00:00.0000000Z,Tai Tuivasa vs Robelis Despaigne
draftkings,34487566,1_85778371,ufc,Moneyline,draftkings,DraftKings,sportsbook,ufc,game_winner,winner,,,,,Joshua Van,Alexandre Pantoja,-110,-110,,"[{""key"":""Home"",""label"":""Joshua Van"",""odds"":-110},{""key"":""Away"",""label"":""Alexandre Pantoja"",""odds"":-110}]",2026-09-20T04:00:00.0000000Z,,2026-09-20T04:00:00.0000000Z,Joshua Van vs Alexandre Pantoja
draftkings,34488314,1_85780887,ufc,Moneyline,draftkings,DraftKings,sportsbook,ufc,game_winner,winner,,,,,Chidi Njokuani,Joel Alvarez,230,-285,,"[{""key"":""Home"",""label"":""Chidi Njokuani"",""odds"":230},{""key"":""Away"",""label"":""Joel Alvarez"",""odds"":-285}]",2026-08-16T00:45:00.0000000Z,,2026-08-16T00:45:00.0000000Z,Chidi Njokuani vs Joel Alvarez
draftkings,34490378,1_85787179,ufc,Moneyline,draftkings,DraftKings,sportsbook,ufc,game_winner,winner,,,,,Arman Tsarukyan,Mauricio Ruffy,-360,285,,"[{""key"":""Home"",""label"":""Arman Tsarukyan"",""odds"":-360},{""key"":""Away"",""label"":""Mauricio Ruffy"",""odds"":285}]",2026-09-20T03:30:00.0000000Z,,2026-09-20T03:30:00.0000000Z,Arman Tsarukyan vs Mauricio Ruffy
draftkings,34490379,1_85787180,ufc,Moneyline,draftkings,DraftKings,sportsbook,ufc,game_winner,winner,,,,,Gable Steveson,Sean Sharaf,-1100,700,,"[{""key"":""Home"",""label"":""Gable Steveson"",""odds"":-1100},{""key"":""Away"",""label"":""Sean Sharaf"",""odds"":700}]",2026-09-20T00:00:00.0000000Z,,2026-09-20T00:00:00.0000000Z,Gable Steveson vs Sean Sharaf
draftkings,33394665,2_85845827:-9.5,ufc,Point Spread,draftkings,DraftKings,sportsbook,ufc,game_spread,spread,,9.5,-9.5,9.5,Islam Makhachev,Ian Machado Garry,-110,-120,,,2026-08-16T03:30:00.0000000Z,,2026-08-16T03:30:00.0000000Z,Point Spread
draftkings,34488314,3_85818692:1.5,ufc,Total Rounds,draftkings,DraftKings,sportsbook,ufc,game_total,totalrounds,,1.5,,,Chidi Njokuani,Joel Alvarez,-145,114,,,2026-08-16T00:45:00.0000000Z,,2026-08-16T00:45:00.0000000Z,Total Rounds
draftkings,34481682,3_85818693:1.5,ufc,Total Rounds,draftkings,DraftKings,sportsbook,ufc,game_total,totalrounds,,1.5,,,Mansur Abdul-Malik,Dustin Stoltzfus,-160,124,,,2026-08-15T21:00:00.0000000Z,,2026-08-15T21:00:00.0000000Z,Total Rounds
draftkings,34481698,3_85818694:1.5,ufc,Total Rounds,draftkings,DraftKings,sportsbook,ufc,game_total,totalrounds,,1.5,,,Donte Johnson,Eric McConico,-166,130,,,2026-08-15T23:45:00.0000000Z,,2026-08-15T23:45:00.0000000Z,Total Rounds
draftkings,34481685,3_85819065:1.5,ufc,Total Rounds,draftkings,DraftKings,sportsbook,ufc,game_total,totalrounds,,1.5,,,Jalin Turner,Kaue Fernandes,114,-145,,,2026-08-16T00:15:00.0000000Z,,2026-08-16T00:15:00.0000000Z,Total Rounds
draftkings,34481683,3_85819066:1.5,ufc,Total Rounds,draftkings,DraftKings,sportsbook,ufc,game_total,totalrounds,,1.5,,,Jeremiah Wells,Myktybek Orolbai,-125,-105,,,2026-08-16T01:45:00.0000000Z,,2026-08-16T01:45:00.0000000Z,Total Rounds
draftkings,34481680,3_85819067:1.5,ufc,Total Rounds,draftkings,DraftKings,sportsbook,ufc,game_total,totalrounds,,1.5,,,Edson Barboza,Esteban Ribovics,-115,-115,,,2026-08-16T01:15:00.0000000Z,,2026-08-16T01:15:00.0000000Z,Total Rounds
draftkings,34292155,3_85819068:3.5,ufc,Total Rounds,draftkings,DraftKings,sportsbook,ufc,game_total,totalrounds,,3.5,,,Mackenzie Dern,Gillian Robertson,-220,170,,,2026-08-16T02:45:00.0000000Z,,2026-08-16T02:45:00.0000000Z,Total Rounds
draftkings,33394665,3_85819069:4.5,ufc,Total Rounds,draftkings,DraftKings,sportsbook,ufc,game_total,totalrounds,,4.5,,,Islam Makhachev,Ian Machado Garry,-180,140,,,2026-08-16T03:30:00.0000000Z,,2026-08-16T03:30:00.0000000Z,Total Rounds
draftkings,34481681,3_85819656:1.5,ufc,Total Rounds,draftkings,DraftKings,sportsbook,ufc,game_total,totalrounds,,1.5,,,Vicente Luque,Tresean Gore,-166,130,,,2026-08-15T23:15:00.0000000Z,,2026-08-15T23:15:00.0000000Z,Total Rounds
draftkings,34481684,3_85819657:2.5,ufc,Total Rounds,draftkings,DraftKings,sportsbook,ufc,game_total,totalrounds,,2.5,,,Neil Magny,Ramiz Brahimaj,124,-160,,,2026-08-15T22:15:00.0000000Z,,2026-08-15T22:15:00.0000000Z,Total Rounds
draftkings,34481697,3_85819658:2.5,ufc,Total Rounds,draftkings,DraftKings,sportsbook,ufc,game_total,totalrounds,,2.5,,,Rafael Tobias,Lucas Fernando,130,-166,,,2026-08-15T22:45:00.0000000Z,,2026-08-15T22:45:00.0000000Z,Total Rounds
draftkings,34481686,3_85823828:2.5,ufc,Total Rounds,draftkings,DraftKings,sportsbook,ufc,game_total,totalrounds,,2.5,,,Charles Johnson,Jose Ochoa,-160,124,,,2026-08-15T21:00:00.0000000Z,,2026-08-15T21:00:00.0000000Z,Total Rounds
draftkings,33394665,33394665:fight_method,ufc,Method of Victory,draftkings,DraftKings,sportsbook,ufc,fight_method,method,,,,,Islam Makhachev,Ian Machado Garry,349,180,,"[{""key"":""ko"",""label"":""KO/TKO/DQ"",""odds"":349},{""key"":""sub"",""label"":""Submission"",""odds"":180},{""key"":""decision"",""label"":""Decision"",""odds"":-196}]",2026-08-16T03:30:00.0000000Z,,2026-08-16T03:30:00.0000000Z,Method of Victory
draftkings,33394665,359385912,ufc,Winning Round,draftkings,DraftKings,sportsbook,ufc,fight_round,endinground,,,,,Islam Makhachev,Ian Machado Garry,650,650,,"[{""key"":""1st"",""label"":""1st"",""odds"":650},{""key"":""2nd"",""label"":""2nd"",""odds"":650},{""key"":""3rd"",""label"":""3rd"",""odds"":800},{""key"":""4th"",""label"":""4th"",""odds"":1000},{""key"":""5th"",""label"":""5th"",""odds"":1200},{""key"":""decision"",""label"":""Decision"",""odds"":-155}]",2026-08-16T03:30:00.0000000Z,,2026-08-16T03:30:00.0000000Z,Winning Round
fanduel,35917755,734.180152165,ufc,Moneyline,fanduel,FanDuel,sportsbook,ufc,game_winner,winner,,,,,Tai Tuivasa,Robelis Despaigne,360,-530,,"[{""key"":""home"",""label"":""Tai Tuivasa"",""odds"":360},{""key"":""away"",""label"":""Robelis Despaigne"",""odds"":-530}]",2026-09-20T02:00:00.000Z,,2026-09-20T02:00:00.000Z,Tai Tuivasa v Robelis Despaigne
fanduel,35917756,734.180152173,ufc,Moneyline,fanduel,FanDuel,sportsbook,ufc,game_winner,winner,,,,,Gable Steveson,Sean Sharaf,-1800,800,,"[{""key"":""home"",""label"":""Gable Steveson"",""odds"":-1800},{""key"":""away"",""label"":""Sean Sharaf"",""odds"":800}]",2026-09-20T01:30:00.000Z,,2026-09-20T01:30:00.000Z,Gable Steveson v Sean Sharaf
fanduel,35849341,734.177429805,ufc,Moneyline,fanduel,FanDuel,sportsbook,ufc,game_winner,winner,,,,,Umar Nurmagomedov,Song Yadong,-520,350,,"[{""key"":""home"",""label"":""Umar Nurmagomedov"",""odds"":-520},{""key"":""away"",""label"":""Song Yadong"",""odds"":350}]",2026-08-29T12:45:00.000Z,,2026-08-29T12:45:00.000Z,Umar Nurmagomedov v Song Yadong
fanduel,35917754,734.180152160,ufc,Moneyline,fanduel,FanDuel,sportsbook,ufc,game_winner,winner,,,,,Arman Tsarukyan,Mauricio Ruffy,-390,280,,"[{""key"":""home"",""label"":""Arman Tsarukyan"",""odds"":-390},{""key"":""away"",""label"":""Mauricio Ruffy"",""odds"":280}]",2026-09-20T02:30:00.000Z,,2026-09-20T02:30:00.000Z,Arman Tsarukyan v Mauricio Ruffy
fanduel,35734546,734.173355214,ufc,Moneyline,fanduel,FanDuel,sportsbook,ufc,game_winner,winner,,,,,Islam Makhachev,Ian Machado Garry,-390,280,,"[{""key"":""home"",""label"":""Islam Makhachev"",""odds"":-390},{""key"":""away"",""label"":""Ian Machado Garry"",""odds"":280}]",2026-08-16T03:30:00.000Z,,2026-08-16T03:30:00.000Z,Islam Makhachev v Ian Machado Garry
fanduel,35734545,734.173355213,ufc,Moneyline,fanduel,FanDuel,sportsbook,ufc,game_winner,winner,,,,,Mackenzie Dern,Gillian Robertson,-245,186,,"[{""key"":""home"",""label"":""Mackenzie Dern"",""odds"":-245},{""key"":""away"",""label"":""Gillian Robertson"",""odds"":186}]",2026-08-16T02:45:00.000Z,,2026-08-16T02:45:00.000Z,Mackenzie Dern v Gillian Robertson
fanduel,35917319,734.180138015,ufc,Moneyline,fanduel,FanDuel,sportsbook,ufc,game_winner,winner,,,,,Jeremiah Wells,Myktybek Orolbai,520,-900,,"[{""key"":""home"",""label"":""Jeremiah Wells"",""odds"":520},{""key"":""away"",""label"":""Myktybek Orolbai"",""odds"":-900}]",2026-08-15T21:15:00.000Z,,2026-08-15T21:15:00.000Z,Jeremiah Wells v Myktybek Orolbai
fanduel,35917753,734.180152159,ufc,Moneyline,fanduel,FanDuel,sportsbook,ufc,game_winner,winner,,,,,Joshua Van,Alexandre Pantoja,-120,-106,,"[{""key"":""home"",""label"":""Joshua Van"",""odds"":-120},{""key"":""away"",""label"":""Alexandre Pantoja"",""odds"":-106}]",2026-09-20T03:00:00.000Z,,2026-09-20T03:00:00.000Z,Joshua Van v Alexandre Pantoja
fanduel,35917321,734.180138044,ufc,Moneyline,fanduel,FanDuel,sportsbook,ufc,game_winner,winner,,,,,Rafael Tobias,Lucas Fernando,230,-310,,"[{""key"":""home"",""label"":""Rafael Tobias"",""odds"":230},{""key"":""away"",""label"":""Lucas Fernando"",""odds"":-310}]",2026-08-15T22:20:00.000Z,,2026-08-15T22:20:00.000Z,Rafael Tobias v Lucas Fernando
fanduel,35917323,734.180138054,ufc,Moneyline,fanduel,FanDuel,sportsbook,ufc,game_winner,winner,,,,,Donte Johnson,Eric McConico,-230,176,,"[{""key"":""home"",""label"":""Donte Johnson"",""odds"":-230},{""key"":""away"",""label"":""Eric McConico"",""odds"":176}]",2026-08-15T23:40:00.000Z,,2026-08-15T23:40:00.000Z,Donte Johnson v Eric McConico
fanduel,35917320,734.180138034,ufc,Moneyline,fanduel,FanDuel,sportsbook,ufc,game_winner,winner,,,,,Neil Magny,Ramiz Brahimaj,100,-128,,"[{""key"":""home"",""label"":""Neil Magny"",""odds"":100},{""key"":""away"",""label"":""Ramiz Brahimaj"",""odds"":-128}]",2026-08-15T21:50:00.000Z,,2026-08-15T21:50:00.000Z,Neil Magny v Ramiz Brahimaj
fanduel,35917322,734.180138050,ufc,Moneyline,fanduel,FanDuel,sportsbook,ufc,game_winner,winner,,,,,Vicente Luque,Tresean Gore,102,-130,,"[{""key"":""home"",""label"":""Vicente Luque"",""odds"":102},{""key"":""away"",""label"":""Tresean Gore"",""odds"":-130}]",2026-08-15T23:10:00.000Z,,2026-08-15T23:10:00.000Z,Vicente Luque v Tresean Gore
fanduel,35917335,734.180138080,ufc,Moneyline,fanduel,FanDuel,sportsbook,ufc,game_winner,winner,,,,,Edson Barboza,Esteban Ribovics,350,-520,,"[{""key"":""home"",""label"":""Edson Barboza"",""odds"":350},{""key"":""away"",""label"":""Esteban Ribovics"",""odds"":-520}]",2026-08-16T01:15:00.000Z,,2026-08-16T01:15:00.000Z,Edson Barboza v Esteban Ribovics
fanduel,35917336,734.180138091,ufc,Moneyline,fanduel,FanDuel,sportsbook,ufc,game_winner,winner,,,,,Mansur Abdul Malik,Dustin Stoltzfus,-530,360,,"[{""key"":""home"",""label"":""Mansur Abdul Malik"",""odds"":-530},{""key"":""away"",""label"":""Dustin Stoltzfus"",""odds"":360}]",2026-08-16T01:45:00.000Z,,2026-08-16T01:45:00.000Z,Mansur Abdul Malik v Dustin Stoltzfus
fanduel,35917333,734.180138060,ufc,Moneyline,fanduel,FanDuel,sportsbook,ufc,game_winner,winner,,,,,Jalin Turner,Kaue Fernandes,-172,134,,"[{""key"":""home"",""label"":""Jalin Turner"",""odds"":-172},{""key"":""away"",""label"":""Kaue Fernandes"",""odds"":134}]",2026-08-16T00:10:00.000Z,,2026-08-16T00:10:00.000Z,Jalin Turner v Kaue Fernandes
fanduel,35917334,734.180138071,ufc,Moneyline,fanduel,FanDuel,sportsbook,ufc,game_winner,winner,,,,,Chidi Njokuani,Joel Alvarez,210,-280,,"[{""key"":""home"",""label"":""Chidi Njokuani"",""odds"":210},{""key"":""away"",""label"":""Joel Alvarez"",""odds"":-280}]",2026-08-16T00:35:00.000Z,,2026-08-16T00:35:00.000Z,Chidi Njokuani v Joel Alvarez
fanduel,35926383,734.180426302,ufc,Moneyline,fanduel,FanDuel,sportsbook,ufc,game_winner,winner,,,,,Charles Johnson,Jose Ochoa,285,-400,,"[{""key"":""home"",""label"":""Charles Johnson"",""odds"":285},{""key"":""away"",""label"":""Jose Ochoa"",""odds"":-400}]",2026-08-16T02:15:00.000Z,,2026-08-16T02:15:00.000Z,Charles Johnson v Jose Ochoa
fanduel,35734545,734.180491369,ufc,Double Chance,fanduel,FanDuel,sportsbook,ufc,double_chance,doublechance,,,,,Mackenzie Dern,Gillian Robertson,180,130,,"[{""key"":""home"",""label"":""Mackenzie Dern by KO/TKO or Submission"",""odds"":180},{""key"":""home"",""label"":""Mackenzie Dern by KO/TKO or on Points"",""odds"":130},{""key"":""home"",""label"":""Mackenzie Dern by Submission or on Points"",""odds"":-200},{""key"":""draw"",""label"":""Draw"",""odds"":5000},{""key"":""away"",""label"":""Gillian Robertson by KO/TKO or Submission"",""odds"":650},{""key"":""away"",""label"":""Gillian Robertson by KO/TKO or on Points"",""odds"":220},{""key"":""away"",""label"":""Gillian Robertson by Submission or on Points"",""odds"":220}]",2026-08-16T02:45:00.000Z,,2026-08-16T02:45:00.000Z,Double Chance
fanduel,35734545,734.180491363,ufc,How fight will End,fanduel,FanDuel,sportsbook,ufc,fight_method,method,,,,,Mackenzie Dern,Gillian Robertson,750,175,,"[{""key"":""ko"",""label"":""KO/TKO"",""odds"":750},{""key"":""sub"",""label"":""Submission"",""odds"":175},{""key"":""decision"",""label"":""Decision"",""odds"":-165}]",2026-08-16T02:45:00.000Z,,2026-08-16T02:45:00.000Z,How fight will End
fanduel,35734545,734.180491373,ufc,Method of Victory,fanduel,FanDuel,sportsbook,ufc,fight_method,method,,,,,Mackenzie Dern,Gillian Robertson,697,164,,"[{""key"":""ko"",""label"":""KO/TKO"",""odds"":697},{""key"":""sub"",""label"":""Submission"",""odds"":164},{""key"":""decision"",""label"":""Decision"",""odds"":-168}]",2026-08-16T02:45:00.000Z,,2026-08-16T02:45:00.000Z,Method of Victory
fanduel,35734545,734.180491370,ufc,Total Rounds,fanduel,FanDuel,sportsbook,ufc,game_total,total,,4.5,,,Mackenzie Dern,Gillian Robertson,-168,132,,,2026-08-16T02:45:00.000Z,,2026-08-16T02:45:00.000Z,Total Rounds
fanduel,35734546,734.178627358,ufc,Total Rounds,fanduel,FanDuel,sportsbook,ufc,game_total,total,,4.5,,,Islam Makhachev,Ian Machado Garry,-154,122,,,2026-08-16T03:30:00.000Z,,2026-08-16T03:30:00.000Z,Total Rounds
fanduel,35734546,734.178627345,ufc,Double Chance,fanduel,FanDuel,sportsbook,ufc,double_chance,doublechance,,,,,Islam Makhachev,Ian Machado Garry,145,-105,,"[{""key"":""home"",""label"":""Islam Makhachev by KO/TKO or Submission"",""odds"":145},{""key"":""home"",""label"":""Islam Makhachev by KO/TKO or on Points"",""odds"":-105},{""key"":""home"",""label"":""Islam Makhachev by Submission or on Points"",""odds"":-250},{""key"":""draw"",""label"":""Draw"",""odds"":5000},{""key"":""away"",""label"":""Ian Machado Garry by KO/TKO or Submission"",""odds"":900},{""key"":""away"",""label"":""Ian Machado Garry by KO/TKO or on Points"",""odds"":290},{""key"":""away"",""label"":""Ian Machado Garry by Submission or on Points"",""odds"":390}]",2026-08-16T03:30:00.000Z,,2026-08-16T03:30:00.000Z,Double Chance
fanduel,35734546,734.178627344,ufc,Method of Victory,fanduel,FanDuel,sportsbook,ufc,fight_method,method,,,,,Islam Makhachev,Ian Machado Garry,460,184,,"[{""key"":""ko"",""label"":""KO/TKO"",""odds"":460},{""key"":""sub"",""label"":""Submission"",""odds"":184},{""key"":""decision"",""label"":""Decision"",""odds"":-155}]",2026-08-16T03:30:00.000Z,,2026-08-16T03:30:00.000Z,Method of Victory
fanduel,35734546,734.178627355,ufc,How fight will End,fanduel,FanDuel,sportsbook,ufc,fight_method,method,,,,,Islam Makhachev,Ian Machado Garry,500,200,,"[{""key"":""ko"",""label"":""KO/TKO"",""odds"":500},{""key"":""sub"",""label"":""Submission"",""odds"":200},{""key"":""decision"",""label"":""Decision"",""odds"":-150}]",2026-08-16T03:30:00.000Z,,2026-08-16T03:30:00.000Z,How fight will End
