Season,CLOSE_DEF_PERSON_ID,PLAYER_NAME,PLAYER_LAST_TEAM_ID,PLAYER_LAST_TEAM_ABBREVIATION,PLAYER_POSITION,AGE,GP,G,FREQ,FG3M,FG3A,FG3_PCT,NS_FG3_PCT,PLUSMINUS
2025-26,1642270,Donovan Clingan,1610612757,POR,C,22.0,77,75,0.335,2.62,6.83,0.384,0.36,0.024
2025-26,1641705,Victor Wembanyama,1610612759,SAS,F-C,22.0,64,64,0.37,2.02,6.67,0.302,0.354,-0.052
2025-26,1642273,Kyshawn George,1610612764,WAS,F,22.0,48,48,0.411,2.5,6.48,0.386,0.363,0.023
2025-26,1629029,Luka Dončić,1610612747,LAL,F-G,27.0,64,64,0.392,2.03,6.45,0.315,0.364,-0.049
2025-26,1629645,Kevin Porter Jr.,1610612749,MIL,G-F,25.0,38,38,0.433,2.37,6.08,0.39,0.36,0.03
2025-26,1628991,Jaren Jackson Jr.,1610612762,UTA,F-C,26.0,48,47,0.407,2.04,6.08,0.336,0.356,-0.02
2025-26,1627750,Jamal Murray,1610612743,DEN,G,29.0,75,75,0.429,2.05,6.05,0.339,0.362,-0.023
2025-26,1643047,CJ Huntley,1610612756,PHX,F,24.0,1,1,0.5,2.0,6.0,0.333,0.394,-0.061
2025-26,1643060,Hayden Gray,1610612762,UTA,G,22.0,1,1,0.429,3.0,6.0,0.5,0.373,0.128
2025-26,1628973,Jalen Brunson,1610612752,NYK,G,29.0,72,72,0.452,2.06,5.86,0.351,0.363,-0.013
2025-26,1630578,Alperen Sengun,1610612745,HOU,C,23.0,71,71,0.326,2.3,5.86,0.392,0.357,0.035
2025-26,203952,Andrew Wiggins,1610612748,MIA,F,31.0,68,68,0.42,2.07,5.82,0.356,0.364,-0.008
2025-26,1627759,Jaylen Brown,1610612738,BOS,G-F,29.0,71,71,0.512,2.0,5.8,0.345,0.36,-0.016
2025-26,1630595,Cade Cunningham,1610612765,DET,G,24.0,64,63,0.418,1.83,5.77,0.317,0.369,-0.052
2025-26,1628401,Derrick White,1610612738,BOS,G,31.0,77,75,0.405,1.91,5.75,0.332,0.363,-0.031
2025-26,1630530,Trey Murphy III,1610612740,NOP,F,25.0,66,66,0.41,2.09,5.7,0.367,0.366,0.001
2025-26,1630581,Josh Giddey,1610612741,CHI,G,23.0,53,53,0.41,2.13,5.66,0.377,0.361,0.016
2025-26,1628404,Josh Hart,1610612752,NYK,G,31.0,66,65,0.398,1.95,5.62,0.348,0.354,-0.007
2025-26,1631157,Ryan Rollins,1610612749,MIL,G,23.0,74,74,0.42,1.92,5.57,0.345,0.362,-0.018
2025-26,1630178,Tyrese Maxey,1610612755,PHI,G,25.0,70,70,0.442,1.94,5.54,0.351,0.366,-0.016
2025-26,1628384,OG Anunoby,1610612752,NYK,F-G,28.0,66,65,0.429,1.86,5.5,0.339,0.357,-0.018
2025-26,1630596,Evan Mobley,1610612739,CLE,C,24.0,65,65,0.332,1.8,5.48,0.329,0.357,-0.028
2025-26,1642843,Cooper Flagg,1610612742,DAL,F,19.0,70,70,0.37,1.9,5.44,0.349,0.361,-0.012
2025-26,1642882,Julian Reese,1610612764,WAS,F,22.0,13,12,0.368,2.0,5.38,0.371,0.338,0.034
2025-26,203999,Nikola Jokić,1610612743,DEN,C,31.0,65,65,0.285,2.14,5.32,0.402,0.348,0.054
2025-26,1630700,Dyson Daniels,1610612737,ATL,G,23.0,76,76,0.38,1.84,5.26,0.35,0.362,-0.012
2025-26,1641718,Keyonte George,1610612762,UTA,G,22.0,53,53,0.409,1.79,5.23,0.343,0.364,-0.021
2025-26,1628389,Bam Adebayo,1610612748,MIA,C-F,28.0,73,73,0.349,1.81,5.22,0.346,0.358,-0.012
2025-26,1641727,Dariq Whitehead,1610612763,MEM,G-F,21.0,5,5,0.371,1.6,5.2,0.308,0.368,-0.06
2025-26,1643016,Bez Mbeng,1610612762,UTA,G,22.0,15,14,0.375,1.73,5.2,0.333,0.357,-0.024
2025-26,1628368,De'Aaron Fox,1610612759,SAS,G,28.0,72,72,0.454,1.93,5.19,0.372,0.365,0.006
2025-26,1631094,Paolo Banchero,1610612753,ORL,F,23.0,72,71,0.372,1.9,5.19,0.366,0.361,0.006
2025-26,203897,Zach LaVine,1610612758,SAC,G,31.0,39,38,0.467,2.03,5.18,0.391,0.363,0.028
2025-26,1642852,Derik Queen,1610612740,NOP,C,21.0,81,79,0.338,1.67,5.17,0.322,0.357,-0.035
2025-26,1641717,Cason Wallace,1610612760,OKC,G,22.0,77,77,0.439,1.74,5.16,0.338,0.359,-0.022
2025-26,203468,CJ McCollum,1610612737,ATL,G,34.0,76,76,0.42,1.78,5.14,0.345,0.366,-0.02
2025-26,201142,Kevin Durant,1610612745,HOU,F,37.0,78,78,0.423,1.82,5.12,0.356,0.36,-0.004
2025-26,1629023,P.J. Washington,1610612742,DAL,F,27.0,56,56,0.353,1.84,5.11,0.36,0.357,0.003
2025-26,1630183,Jaden McDaniels,1610612750,MIN,F,25.0,73,72,0.355,1.75,5.11,0.343,0.366,-0.023
2025-26,1630583,Santi Aldama,1610612763,MEM,F-C,25.0,43,43,0.362,1.81,5.09,0.356,0.353,0.003
2025-26,1629622,Max Strus,1610612739,CLE,G-F,30.0,12,12,0.381,2.17,5.08,0.426,0.358,0.068
2025-26,1627783,Pascal Siakam,1610612754,IND,F,32.0,62,61,0.364,1.77,5.05,0.351,0.36,-0.009
2025-26,1630532,Franz Wagner,1610612753,ORL,F,24.0,34,34,0.418,2.12,5.03,0.421,0.362,0.059
2025-26,1631260,AJ Green,1610612749,MIL,G,26.0,78,77,0.42,1.94,5.01,0.386,0.361,0.026
2025-26,203994,Jusuf Nurkić,1610612762,UTA,C,31.0,41,39,0.368,1.76,5.0,0.351,0.357,-0.006
2025-26,1642845,VJ Edgecombe,1610612755,PHI,G,20.0,74,73,0.385,1.65,4.99,0.331,0.365,-0.034
2025-26,1631170,Jaime Jaquez Jr.,1610612748,MIA,G,25.0,75,72,0.395,1.85,4.99,0.372,0.363,0.009
2025-26,1630168,Onyeka Okongwu,1610612737,ATL,F-C,25.0,74,73,0.342,1.66,4.97,0.334,0.358,-0.023
2025-26,1628415,Dillon Brooks,1610612756,PHX,G-F,30.0,56,55,0.42,1.79,4.96,0.36,0.361,-0.001
2025-26,1631128,Christian Braun,1610612743,DEN,G,24.0,44,43,0.39,1.48,4.93,0.3,0.362,-0.062
2025-26,1641824,Matas Buzelis,1610612741,CHI,F,21.0,76,76,0.349,1.83,4.93,0.371,0.365,0.006
2025-26,1642847,Jeremiah Fears,1610612740,NOP,G,19.0,82,79,0.425,1.82,4.93,0.369,0.364,0.005
2025-26,1628381,John Collins,1610612746,LAC,F-C,28.0,69,68,0.445,1.68,4.91,0.342,0.358,-0.015
2025-26,202696,Nikola Vučević,1610612738,BOS,C,35.0,63,61,0.31,1.98,4.89,0.406,0.356,0.049
2025-26,1642875,Maxime Raynaud,1610612758,SAC,C,23.0,74,72,0.325,1.74,4.86,0.358,0.35,0.008
2025-26,203076,Anthony Davis,1610612764,WAS,F-C,33.0,20,19,0.31,1.9,4.85,0.392,0.358,0.033
2025-26,1642907,Cedric Coward,1610612763,MEM,G,22.0,60,59,0.425,1.72,4.85,0.354,0.356,-0.002
2025-26,1626162,Kelly Oubre Jr.,1610612755,PHI,F-G,30.0,50,48,0.399,1.62,4.84,0.335,0.359,-0.025
2025-26,1631095,Jabari Smith Jr.,1610612745,HOU,F,22.0,77,76,0.365,1.69,4.84,0.349,0.358,-0.01
2025-26,1630567,Scottie Barnes,1610612761,TOR,F-G,24.0,79,79,0.335,1.67,4.84,0.346,0.358,-0.012
2025-26,203954,Joel Embiid,1610612755,PHI,C-F,32.0,38,38,0.296,1.5,4.84,0.31,0.356,-0.046
2025-26,1631351,Lucas Williamson,1610612763,MEM,G,27.0,6,6,0.397,1.83,4.83,0.379,0.369,0.011
2025-26,1630286,Trevon Scott,1610612751,BKN,F,29.0,6,5,0.333,1.0,4.83,0.207,0.383,-0.176
2025-26,1629627,Zion Williamson,1610612740,NOP,F,25.0,62,61,0.461,1.6,4.81,0.332,0.355,-0.022
2025-26,1630558,Davion Mitchell,1610612748,MIA,G,27.0,70,69,0.43,1.69,4.8,0.351,0.366,-0.015
2025-26,1630162,Anthony Edwards,1610612750,MIN,G,24.0,61,60,0.42,1.67,4.79,0.349,0.358,-0.009
2025-26,1642259,Alex Sarr,1610612764,WAS,C,20.0,48,48,0.268,1.81,4.79,0.378,0.358,0.02
2025-26,1628970,Miles Bridges,1610612766,CHA,F,28.0,77,76,0.413,1.66,4.78,0.348,0.357,-0.01
2025-26,201935,James Harden,1610612739,CLE,G,36.0,70,69,0.388,1.61,4.77,0.338,0.356,-0.018
2025-26,1629628,RJ Barrett,1610612761,TOR,F-G,25.0,56,55,0.388,1.66,4.77,0.348,0.355,-0.007
2025-26,1642271,Kyle Filipowski,1610612762,UTA,C,22.0,76,73,0.393,1.78,4.76,0.373,0.36,0.012
2025-26,1629630,Ja Morant,1610612763,MEM,G,26.0,20,20,0.438,2.05,4.75,0.432,0.363,0.068
2025-26,1631214,Alondes Williams,1610612764,WAS,G,26.0,4,4,0.5,2.0,4.75,0.421,0.369,0.052
2025-26,1626157,Karl-Anthony Towns,1610612752,NYK,C-F,30.0,74,74,0.345,1.89,4.74,0.399,0.359,0.04
2025-26,1641709,Ausar Thompson,1610612765,DET,G-F,23.0,72,72,0.451,1.63,4.72,0.344,0.367,-0.023
2025-26,1628983,Shai Gilgeous-Alexander,1610612760,OKC,G,27.0,68,68,0.393,1.53,4.71,0.325,0.357,-0.032
2025-26,1641739,Toumani Camara,1610612757,POR,F,25.0,82,82,0.348,1.57,4.71,0.334,0.367,-0.033
2025-26,1627739,Kris Dunn,1610612746,LAC,G,32.0,82,82,0.449,1.66,4.71,0.352,0.363,-0.01
2025-26,1630590,Scotty Pippen Jr.,1610612763,MEM,G,25.0,10,10,0.412,2.0,4.7,0.426,0.354,0.072
2025-26,203935,Marcus Smart,1610612747,LAL,G,32.0,62,62,0.485,1.56,4.68,0.334,0.361,-0.027
2025-26,1629636,Darius Garland,1610612746,LAC,G,26.0,45,44,0.401,1.67,4.67,0.357,0.37,-0.013
2025-26,1631212,Peyton Watson,1610612743,DEN,G,23.0,54,53,0.358,1.56,4.67,0.333,0.362,-0.029
2025-26,203497,Rudy Gobert,1610612750,MIN,C,33.0,76,75,0.274,1.64,4.63,0.355,0.364,-0.009
2025-26,1631217,Moussa Diabaté,1610612766,CHA,F,24.0,73,72,0.336,1.67,4.62,0.362,0.356,0.006
2025-26,1629652,Luguentz Dort,1610612760,OKC,G,26.0,69,68,0.45,1.71,4.62,0.37,0.365,0.005
2025-26,202695,Kawhi Leonard,1610612746,LAC,F,34.0,65,65,0.441,1.72,4.57,0.377,0.357,0.021
2025-26,1641710,Anthony Black,1610612753,ORL,G,22.0,63,61,0.353,1.7,4.57,0.372,0.366,0.006
2025-26,1641706,Brandon Miller,1610612766,CHA,F,23.0,65,65,0.379,1.58,4.57,0.347,0.366,-0.019
2025-26,1642846,Ace Bailey,1610612762,UTA,F,19.0,71,71,0.44,1.8,4.56,0.395,0.358,0.037
2025-26,1630217,Desmond Bane,1610612753,ORL,G,27.0,82,82,0.433,1.27,4.56,0.278,0.363,-0.085
2025-26,1641730,Noah Clowney,1610612751,BKN,F-C,21.0,65,64,0.339,1.85,4.55,0.405,0.36,0.046
2025-26,1631105,Jalen Duren,1610612765,DET,C,22.0,70,67,0.355,1.66,4.54,0.365,0.361,0.004
2025-26,1627742,Brandon Ingram,1610612761,TOR,F,28.0,76,74,0.43,1.54,4.54,0.339,0.365,-0.026
2025-26,1630174,Aaron Nesmith,1610612754,IND,G-F,26.0,45,44,0.37,1.47,4.53,0.324,0.367,-0.044
2025-26,204001,Kristaps Porziņģis,1610612744,GSW,F-C,30.0,32,29,0.331,1.53,4.53,0.338,0.352,-0.015
2025-26,201950,Jrue Holiday,1610612757,POR,G,35.0,53,53,0.43,1.53,4.53,0.338,0.365,-0.027
2025-26,1628378,Donovan Mitchell,1610612739,CLE,G,29.0,70,70,0.465,1.74,4.51,0.386,0.361,0.025
2025-26,1629674,Neemias Queta,1610612738,BOS,C,26.0,75,74,0.335,1.59,4.47,0.355,0.353,0.003
2025-26,1629661,Cameron Johnson,1610612743,DEN,F,30.0,54,53,0.422,1.76,4.46,0.394,0.355,0.039
2025-26,1630559,Austin Reaves,1610612747,LAL,G,27.0,51,51,0.323,1.47,4.45,0.33,0.365,-0.035
2025-26,1626164,Devin Booker,1610612756,PHX,G,29.0,64,61,0.398,1.41,4.45,0.316,0.352,-0.036
2025-26,1628374,Lauri Markkanen,1610612762,UTA,F-C,28.0,42,42,0.367,1.36,4.45,0.305,0.358,-0.053
2025-26,1642281,Jaylon Tyson,1610612739,CLE,G-F,23.0,66,64,0.405,1.58,4.44,0.355,0.363,-0.009
2025-26,1630552,Jalen Johnson,1610612737,ATL,F,24.0,72,71,0.349,1.53,4.44,0.344,0.363,-0.019
2025-26,203932,Aaron Gordon,1610612743,DEN,F,30.0,36,34,0.396,1.14,4.44,0.256,0.36,-0.103
2025-26,1630171,Isaac Okoro,1610612741,CHI,F-G,25.0,61,59,0.401,1.7,4.43,0.385,0.363,0.022
2025-26,1629638,Nickeil Alexander-Walker,1610612737,ATL,G,27.0,78,76,0.351,1.81,4.42,0.409,0.367,0.042
2025-26,1631117,Walker Kessler,1610612762,UTA,C,24.0,5,5,0.286,1.0,4.4,0.227,0.365,-0.138
2025-26,203110,Draymond Green,1610612744,GSW,F,36.0,68,67,0.346,1.46,4.35,0.334,0.353,-0.019
2025-26,1630540,Miles McBride,1610612752,NYK,G,25.0,41,40,0.424,1.46,4.34,0.337,0.361,-0.024
2025-26,1631096,Chet Holmgren,1610612760,OKC,C-F,23.0,69,67,0.31,1.41,4.33,0.324,0.365,-0.041
2025-26,1642955,Kadary Richmond,1610612764,WAS,G,24.0,3,3,0.65,1.0,4.33,0.231,0.344,-0.113
2025-26,202710,Jimmy Butler III,1610612744,GSW,F,36.0,38,38,0.437,1.5,4.32,0.348,0.363,-0.015
2025-26,1642268,Isaiah Collier,1610612762,UTA,G,21.0,58,57,0.453,1.93,4.31,0.448,0.364,0.084
2025-26,1631109,Mark Williams,1610612756,PHX,C,24.0,60,54,0.306,1.37,4.3,0.318,0.358,-0.04
2025-26,1642377,Jaylen Wells,1610612763,MEM,F,22.0,69,67,0.407,1.41,4.29,0.328,0.362,-0.034
2025-26,203501,Tim Hardaway Jr.,1610612743,DEN,G-F,34.0,80,79,0.458,1.46,4.29,0.341,0.357,-0.016
2025-26,1628960,Grayson Allen,1610612756,PHX,G,30.0,51,51,0.392,1.69,4.27,0.394,0.37,0.025
2025-26,1642851,Kon Knueppel,1610612766,CHA,G-F,20.0,81,80,0.324,1.38,4.25,0.326,0.362,-0.037
2025-26,1628436,Luke Kornet,1610612759,SAS,C-F,30.0,68,64,0.288,1.38,4.22,0.328,0.351,-0.023
2025-26,1630230,Naji Marshall,1610612742,DAL,F,28.0,74,73,0.39,1.39,4.22,0.33,0.359,-0.029
2025-26,1641729,Brice Sensabaugh,1610612762,UTA,F,22.0,73,71,0.459,1.49,4.22,0.354,0.362,-0.008
2025-26,1642263,Reed Sheppard,1610612745,HOU,G,21.0,82,79,0.35,1.45,4.2,0.346,0.359,-0.013
2025-26,1628369,Jayson Tatum,1610612738,BOS,F-G,28.0,16,16,0.479,1.25,4.19,0.299,0.362,-0.064
2025-26,1627826,Ivica Zubac,1610612754,IND,C,29.0,48,46,0.271,1.52,4.17,0.365,0.357,0.008
2025-26,1642383,Walter Clayton Jr.,1610612763,MEM,G,23.0,68,64,0.454,1.53,4.16,0.367,0.36,0.007
2025-26,1630191,Isaiah Stewart,1610612765,DET,F-C,24.0,58,57,0.374,1.62,4.16,0.39,0.357,0.033
2025-26,1628971,Bruce Brown,1610612743,DEN,G-F,29.0,82,80,0.417,1.33,4.15,0.321,0.357,-0.036
2025-26,203944,Julius Randle,1610612750,MIN,F-C,31.0,79,77,0.36,1.59,4.15,0.384,0.365,0.019
2025-26,1630173,Precious Achiuwa,1610612758,SAC,F,26.0,72,69,0.365,1.35,4.14,0.326,0.356,-0.03
2025-26,202331,Paul George,1610612755,PHI,F,35.0,37,37,0.367,1.57,4.14,0.379,0.369,0.01
2025-26,1629660,Ty Jerome,1610612763,MEM,G-F,28.0,15,15,0.466,1.4,4.13,0.339,0.356,-0.017
2025-26,1642274,Yves Missi,1610612740,NOP,C,21.0,66,62,0.382,1.42,4.12,0.346,0.363,-0.017
2025-26,1628969,Mikal Bridges,1610612752,NYK,G-F,29.0,80,80,0.353,1.34,4.11,0.325,0.365,-0.04
2025-26,1630202,Payton Pritchard,1610612738,BOS,G,28.0,79,75,0.406,1.51,4.09,0.368,0.364,0.004
2025-26,1629631,De'Andre Hunter,1610612758,SAC,F-G,28.0,45,45,0.428,1.73,4.09,0.424,0.369,0.055
2025-26,1630591,Jalen Suggs,1610612753,ORL,G,24.0,57,56,0.365,1.44,4.09,0.352,0.362,-0.01
2025-26,1626167,Myles Turner,1610612749,MIL,C-F,30.0,71,67,0.283,1.56,4.08,0.383,0.355,0.028
2025-26,1631131,Oscar Tshiebwe,1610612762,UTA,F-C,26.0,26,25,0.434,1.54,4.08,0.377,0.363,0.015
2025-26,1630533,Ziaire Williams,1610612751,BKN,F,24.0,55,54,0.434,1.44,4.07,0.353,0.364,-0.011
2025-26,1630193,Immanuel Quickley,1610612761,TOR,G,26.0,70,69,0.378,1.4,4.06,0.345,0.362,-0.017
2025-26,1631108,Max Christie,1610612742,DAL,G,23.0,77,76,0.343,1.4,4.01,0.35,0.367,-0.018
2025-26,1631338,Mouhamadou Gueye,1610612741,CHI,F,27.0,2,2,0.421,1.5,4.0,0.375,0.335,0.04
2025-26,1641796,Pelle Larsson,1610612748,MIA,G,25.0,69,66,0.391,1.42,4.0,0.355,0.366,-0.011
2025-26,1626171,Bobby Portis,1610612749,MIL,F,31.0,67,65,0.382,1.36,3.99,0.341,0.359,-0.018
2025-26,1630573,Sam Hauser,1610612738,BOS,F,28.0,78,76,0.409,1.44,3.99,0.36,0.365,-0.004
2025-26,2544,LeBron James,1610612747,LAL,F,41.0,60,58,0.421,1.4,3.98,0.351,0.362,-0.011
2025-26,1629656,Quentin Grimes,1610612755,PHI,G,25.0,74,74,0.401,1.14,3.97,0.286,0.361,-0.075
2025-26,1629012,Collin Sexton,1610612741,CHI,G,27.0,67,67,0.456,1.34,3.97,0.338,0.361,-0.023
2025-26,1631221,Collin Gillespie,1610612756,PHX,G,26.0,80,80,0.351,1.29,3.93,0.328,0.363,-0.035
2025-26,1642264,Stephon Castle,1610612759,SAS,G,21.0,68,66,0.351,1.49,3.93,0.378,0.362,0.017
2025-26,1629004,Svi Mykhailiuk,1610612762,UTA,G-F,28.0,50,49,0.436,1.5,3.92,0.383,0.367,0.016
2025-26,1642363,Nique Clifford,1610612758,SAC,G,24.0,75,71,0.39,1.48,3.91,0.379,0.361,0.018
2025-26,1631230,Dominick Barlow,1610612755,PHI,F,22.0,70,67,0.347,1.46,3.91,0.372,0.359,0.013
2025-26,1626220,Royce O'Neale,1610612756,PHX,F,32.0,78,75,0.361,1.35,3.9,0.345,0.361,-0.015
2025-26,1631222,Jake LaRavia,1610612747,LAL,F,24.0,82,79,0.345,1.37,3.9,0.35,0.364,-0.014
2025-26,1628386,Jarrett Allen,1610612739,CLE,C,27.0,56,51,0.299,1.36,3.89,0.349,0.36,-0.011
2025-26,1631342,Daeqwon Plowden,1610612758,SAC,G-F,27.0,32,31,0.396,1.56,3.88,0.403,0.349,0.054
2025-26,203507,Giannis Antetokounmpo,1610612749,MIL,F,31.0,36,35,0.408,1.53,3.86,0.396,0.354,0.042
2025-26,1629655,Daniel Gafford,1610612742,DAL,F-C,27.0,55,50,0.301,1.27,3.85,0.33,0.359,-0.029
2025-26,1628978,Donte DiVincenzo,1610612750,MIN,G,29.0,82,82,0.357,1.3,3.85,0.339,0.367,-0.029
2025-26,203924,Jerami Grant,1610612757,POR,F,32.0,57,56,0.429,1.35,3.84,0.352,0.365,-0.013
2025-26,1629684,Grant Williams,1610612766,CHA,F,27.0,36,36,0.451,1.08,3.83,0.283,0.358,-0.075
2025-26,1629639,Tyler Herro,1610612748,MIA,G,26.0,33,33,0.337,1.42,3.82,0.373,0.368,0.005
2025-26,1631113,Kennedy Chandler,1610612762,UTA,G,23.0,11,11,0.389,1.45,3.82,0.381,0.38,0.001
2025-26,1630180,Saddiq Bey,1610612740,NOP,G-F,27.0,72,70,0.427,1.26,3.82,0.331,0.36,-0.03
2025-26,1629027,Trae Young,1610612764,WAS,G,27.0,15,15,0.401,1.4,3.8,0.368,0.352,0.017
2025-26,1630541,Moses Moody,1610612744,GSW,G,23.0,60,60,0.365,1.4,3.8,0.368,0.364,0.004
2025-26,1629651,Nic Claxton,1610612751,BKN,C,26.0,69,68,0.303,1.36,3.8,0.359,0.362,-0.003
2025-26,1643253,Toby Okani,1610612763,MEM,F,24.0,5,5,0.244,1.2,3.8,0.316,0.379,-0.063
2025-26,1627884,Derrick Jones Jr.,1610612746,LAC,F,29.0,50,49,0.386,1.32,3.8,0.347,0.366,-0.018
2025-26,1629614,Andrew Nembhard,1610612754,IND,G-F,26.0,57,56,0.336,1.35,3.79,0.356,0.361,-0.004
2025-26,1629673,Jordan Poole,1610612740,NOP,G,26.0,39,36,0.431,1.26,3.79,0.331,0.365,-0.034
2025-26,203084,Harrison Barnes,1610612759,SAS,F,33.0,77,71,0.44,1.22,3.79,0.322,0.356,-0.034
2025-26,1629028,Deandre Ayton,1610612747,LAL,C,27.0,72,70,0.269,1.28,3.78,0.338,0.354,-0.016
2025-26,1641783,Tristan da Silva,1610612753,ORL,F,24.0,77,74,0.388,1.3,3.78,0.344,0.358,-0.014
2025-26,201143,Al Horford,1610612744,GSW,C-F,39.0,45,45,0.331,1.0,3.78,0.265,0.358,-0.093
2025-26,1631246,Vince Williams Jr.,1610612762,UTA,G,25.0,40,39,0.423,1.28,3.78,0.338,0.36,-0.022
2025-26,1642362,Payton Sandfort,1610612760,OKC,F,23.0,4,4,0.625,2.25,3.75,0.6,0.309,0.291
2025-26,1642504,Cormac Ryan,1610612749,MIL,G,27.0,11,9,0.466,1.36,3.73,0.366,0.353,0.013
2025-26,203500,Steven Adams,1610612745,HOU,C,32.0,32,30,0.302,1.13,3.72,0.303,0.336,-0.034
2025-26,1641708,Amen Thompson,1610612745,HOU,G-F,23.0,79,75,0.372,1.16,3.71,0.314,0.358,-0.044
2025-26,1630598,Aaron Wiggins,1610612760,OKC,G,27.0,65,62,0.401,1.63,3.69,0.442,0.358,0.083
2025-26,1631119,Jaylin Williams,1610612760,OKC,F,23.0,65,57,0.348,1.11,3.69,0.3,0.357,-0.057
2025-26,1641771,Jalen Slawson,1610612754,IND,F,26.0,13,12,0.343,0.92,3.69,0.25,0.346,-0.096
2025-26,1631165,Keon Ellis,1610612739,CLE,G,26.0,72,69,0.408,1.32,3.68,0.358,0.365,-0.007
2025-26,1626172,Kevon Looney,1610612740,NOP,F,30.0,21,18,0.458,1.33,3.67,0.364,0.348,0.016
2025-26,1641778,Leaky Black,1610612764,WAS,F,26.0,15,13,0.322,1.53,3.67,0.418,0.358,0.06
2025-26,201939,Stephen Curry,1610612744,GSW,G,38.0,43,43,0.382,1.42,3.67,0.386,0.372,0.014
2025-26,1642910,John Tonje,1610612738,BOS,G,24.0,3,3,0.647,1.33,3.67,0.364,0.337,0.027
2025-26,1629610,DaQuan Jeffries,1610612758,SAC,G-F,28.0,3,3,0.579,1.67,3.67,0.455,0.365,0.09
2025-26,203114,Khris Middleton,1610612742,DAL,F,34.0,63,60,0.417,1.3,3.67,0.355,0.362,-0.007
2025-26,1642380,Adama Bal,1610612763,MEM,G,22.0,6,6,0.333,2.0,3.67,0.545,0.377,0.168
2025-26,203078,Bradley Beal,1610612746,LAC,G,32.0,6,6,0.595,1.5,3.67,0.409,0.366,0.043
2025-26,1628366,Lonzo Ball,1610612739,CLE,G,28.0,35,33,0.449,1.26,3.66,0.344,0.368,-0.025
2025-26,1629632,Coby White,1610612766,CHA,G,26.0,50,49,0.421,1.34,3.66,0.366,0.36,0.007
2025-26,1629130,Duncan Robinson,1610612765,DET,F,31.0,77,74,0.373,1.34,3.65,0.367,0.363,0.003
2025-26,1631159,Leonard Miller,1610612741,CHI,F,22.0,36,33,0.42,1.33,3.64,0.366,0.36,0.006
2025-26,1630166,Deni Avdija,1610612757,POR,F,25.0,66,63,0.309,1.48,3.62,0.41,0.364,0.046
2025-26,1627751,Jakob Poeltl,1610612761,TOR,C,30.0,45,42,0.279,1.33,3.62,0.368,0.362,0.006
2025-26,1631101,Shaedon Sharpe,1610612757,POR,G,22.0,50,49,0.353,1.28,3.62,0.354,0.362,-0.009
2025-26,1642867,Collin Murray-Boyles,1610612761,TOR,F,20.0,56,54,0.358,1.25,3.61,0.347,0.364,-0.018
2025-26,1641757,Jordan Miller,1610612746,LAC,G,26.0,59,56,0.38,1.27,3.61,0.352,0.36,-0.008
2025-26,1628392,Isaiah Hartenstein,1610612760,OKC,C-F,27.0,47,44,0.303,1.36,3.6,0.379,0.358,0.02
2025-26,1630224,Jalen Green,1610612756,PHX,G,24.0,32,30,0.401,1.06,3.59,0.296,0.369,-0.073
2025-26,1630228,Jonathan Kuminga,1610612737,ATL,F,23.0,36,35,0.436,1.14,3.58,0.318,0.36,-0.043
2025-26,1627734,Domantas Sabonis,1610612758,SAC,F-C,29.0,19,19,0.239,1.53,3.58,0.426,0.362,0.064
2025-26,1630264,Anthony Gill,1610612764,WAS,F,33.0,47,41,0.379,1.38,3.57,0.387,0.356,0.031
2025-26,202699,Tobias Harris,1610612765,DET,F,33.0,63,59,0.357,1.16,3.57,0.324,0.356,-0.031
2025-26,1631099,Keegan Murray,1610612758,SAC,F,25.0,23,22,0.256,1.22,3.57,0.341,0.371,-0.029
2025-26,1630577,Julian Champagnie,1610612759,SAS,F,24.0,82,80,0.351,1.32,3.56,0.37,0.365,0.005
2025-26,1629675,Naz Reid,1610612750,MIN,C-F,26.0,77,73,0.343,1.29,3.55,0.363,0.362,0.001
2025-26,1630198,Isaiah Joe,1610612760,OKC,G,26.0,71,68,0.475,1.17,3.55,0.329,0.36,-0.03
2025-26,1631097,Bennedict Mathurin,1610612746,LAC,G-F,23.0,54,53,0.372,1.37,3.54,0.387,0.367,0.02
2025-26,1630572,Sandro Mamukelashvili,1610612761,TOR,F-C,26.0,79,77,0.33,1.27,3.54,0.357,0.359,-0.002
2025-26,1629060,Rui Hachimura,1610612747,LAL,F,28.0,68,67,0.376,1.22,3.53,0.346,0.359,-0.013
2025-26,1641713,GG Jackson,1610612763,MEM,F,21.0,49,45,0.355,1.31,3.53,0.37,0.363,0.007
2025-26,201566,Russell Westbrook,1610612758,SAC,G,37.0,64,58,0.385,1.22,3.52,0.347,0.359,-0.013
2025-26,1628398,Kyle Kuzma,1610612749,MIL,F,30.0,69,68,0.376,1.3,3.52,0.37,0.363,0.008
2025-26,1629011,Mitchell Robinson,1610612752,NYK,C-F,28.0,58,52,0.374,1.12,3.52,0.319,0.356,-0.037
2025-26,203471,Dennis Schröder,1610612739,CLE,G,32.0,70,68,0.407,1.26,3.51,0.358,0.368,-0.01
2025-26,1641750,Ryan Kalkbrenner,1610612766,CHA,C,24.0,69,65,0.287,1.16,3.51,0.331,0.343,-0.012
2025-26,1643158,Andersson Garcia,1610612762,UTA,F,25.0,4,4,0.264,1.5,3.5,0.429,0.391,0.037
2025-26,1628964,Mo Bamba,1610612762,UTA,C,27.0,4,4,0.519,1.5,3.5,0.429,0.344,0.084
2025-26,1642269,Devin Carter,1610612758,SAC,G,24.0,37,33,0.461,1.59,3.49,0.457,0.357,0.1
2025-26,1631106,Tari Eason,1610612745,HOU,F,24.0,60,60,0.383,1.3,3.48,0.373,0.356,0.017
2025-26,1628963,Marvin Bagley III,1610612742,DAL,F,27.0,60,54,0.34,1.15,3.47,0.332,0.358,-0.027
2025-26,1642857,Kasparas Jakučionis,1610612748,MIA,G,19.0,50,48,0.399,1.4,3.46,0.405,0.359,0.046
2025-26,1631121,Bryce McGowens,1610612740,NOP,G,23.0,40,38,0.373,1.08,3.45,0.312,0.359,-0.047
2025-26,1630529,Herbert Jones,1610612740,NOP,F,27.0,56,53,0.378,1.13,3.45,0.326,0.359,-0.033
2025-26,1629013,Landry Shamet,1610612752,NYK,G,29.0,49,49,0.405,1.51,3.45,0.438,0.364,0.074
2025-26,1642258,Zaccharie Risacher,1610612737,ATL,F,21.0,67,61,0.369,1.18,3.45,0.342,0.359,-0.017
2025-26,1642942,Jahmai Mashack,1610612763,MEM,G,23.0,27,25,0.317,1.04,3.44,0.301,0.348,-0.047
2025-26,1641869,Malachi Smith,1610612751,BKN,G,26.0,14,12,0.364,1.64,3.43,0.479,0.379,0.1
2025-26,1630695,Micah Potter,1610612754,IND,C,28.0,45,40,0.309,1.22,3.42,0.357,0.35,0.007
2025-26,1642276,Kel'el Ware,1610612748,MIA,C,21.0,77,66,0.286,1.03,3.42,0.3,0.357,-0.057
2025-26,1631245,Quenton Jackson,1610612754,IND,G,27.0,46,46,0.397,1.13,3.41,0.331,0.368,-0.037
2025-26,1642347,Jamal Shead,1610612761,TOR,G,23.0,81,78,0.455,1.16,3.4,0.342,0.362,-0.021
2025-26,1642267,Bub Carrington,1610612764,WAS,G,20.0,82,78,0.377,1.22,3.39,0.36,0.367,-0.007
2025-26,1630570,Trendon Watford,1610612755,PHI,G-F,25.0,50,44,0.459,1.36,3.38,0.402,0.36,0.042
2025-26,1642914,Javon Small,1610612763,MEM,G,23.0,37,34,0.428,1.08,3.38,0.32,0.346,-0.026
2025-26,1631174,Tyler Burton,1610612763,MEM,F,26.0,11,11,0.327,1.64,3.36,0.486,0.371,0.115
2025-26,1630165,Killian Hayes,1610612758,SAC,G,24.0,22,19,0.507,1.55,3.36,0.459,0.353,0.107
2025-26,1630643,Jay Huff,1610612754,IND,C,28.0,81,78,0.283,1.0,3.35,0.299,0.356,-0.058
2025-26,1630551,Justin Champagnie,1610612764,WAS,G-F,24.0,67,63,0.348,1.12,3.33,0.336,0.361,-0.024
2025-26,1641989,Elijah Harkless,1610612762,UTA,G,26.0,24,23,0.372,1.17,3.33,0.35,0.36,-0.01
2025-26,1628976,Wendell Carter Jr.,1610612753,ORL,C-F,26.0,78,76,0.259,1.06,3.32,0.32,0.359,-0.039
2025-26,1629611,Terance Mann,1610612751,BKN,G-F,29.0,62,56,0.369,1.15,3.32,0.345,0.367,-0.023
2025-26,1628989,Kevin Huerter,1610612765,DET,G-F,27.0,69,66,0.359,1.12,3.32,0.336,0.358,-0.021
2025-26,201942,DeMar DeRozan,1610612758,SAC,G-F,36.0,77,75,0.358,1.36,3.32,0.41,0.365,0.045
2025-26,1629008,Michael Porter Jr.,1610612751,BKN,F,27.0,52,50,0.316,1.31,3.31,0.395,0.366,0.029
2025-26,1626156,D'Angelo Russell,1610612764,WAS,G,30.0,26,26,0.379,1.12,3.31,0.337,0.367,-0.03
2025-26,1630314,Brandon Williams,1610612742,DAL,G,26.0,66,62,0.375,1.21,3.3,0.367,0.355,0.012
2025-26,1630610,DeJon Jarreau,1610612763,MEM,G,28.0,10,10,0.375,0.7,3.3,0.212,0.374,-0.161
2025-26,1626181,Norman Powell,1610612748,MIA,G,32.0,57,55,0.384,1.39,3.3,0.42,0.363,0.057
2025-26,1642396,Blake Hinson,1610612762,UTA,F,26.0,14,14,0.474,1.14,3.29,0.348,0.362,-0.014
2025-26,1642364,Jamir Watkins,1610612764,WAS,F,24.0,47,43,0.329,1.3,3.28,0.396,0.355,0.042
2025-26,1630679,Ethan Thompson,1610612754,IND,G,26.0,29,26,0.396,1.1,3.28,0.337,0.362,-0.025
2025-26,1630611,Gui Santos,1610612744,GSW,F,23.0,65,57,0.334,1.22,3.28,0.371,0.362,0.009
2025-26,1642954,Will Richard,1610612744,GSW,G,23.0,67,60,0.404,1.16,3.28,0.355,0.371,-0.017
2025-26,1627747,Caris LeVert,1610612765,DET,G,31.0,60,56,0.416,1.17,3.27,0.357,0.37,-0.013
2025-26,1631223,David Roddy,1610612743,DEN,F,25.0,4,4,0.406,0.5,3.25,0.154,0.367,-0.213
2025-26,1629637,Jaxson Hayes,1610612747,LAL,C-F,25.0,66,63,0.385,1.06,3.24,0.327,0.362,-0.035
2025-26,203992,Bogdan Bogdanović,1610612746,LAC,G,33.0,22,20,0.364,1.32,3.23,0.408,0.367,0.041
2025-26,1642967,John Poulakidas,1610612742,DAL,G,23.0,13,12,0.42,1.08,3.23,0.333,0.373,-0.039
2025-26,1630172,Patrick Williams,1610612741,CHI,F,24.0,71,64,0.387,1.15,3.23,0.358,0.354,0.005
2025-26,1631172,Ousmane Dieng,1610612749,MIL,F,22.0,57,49,0.404,1.04,3.23,0.321,0.352,-0.032
2025-26,1642883,Sion James,1610612766,CHA,G,23.0,82,78,0.353,1.17,3.23,0.362,0.362,0.0
2025-26,1630245,Ayo Dosunmu,1610612750,MIN,G,26.0,69,65,0.371,0.93,3.22,0.288,0.357,-0.069
2025-26,1631466,Nate Williams,1610612744,GSW,G,27.0,14,14,0.464,1.21,3.21,0.378,0.364,0.014
2025-26,1630241,Sam Merrill,1610612739,CLE,G,29.0,52,49,0.349,1.1,3.21,0.341,0.365,-0.023
2025-26,1641764,Brandin Podziemski,1610612744,GSW,G,23.0,82,77,0.334,1.13,3.2,0.355,0.361,-0.006
2025-26,1642848,Tre Johnson,1610612764,WAS,G,20.0,59,56,0.38,1.07,3.2,0.333,0.37,-0.037
2025-26,1630200,Tre Jones,1610612741,CHI,G,26.0,64,62,0.343,1.06,3.2,0.332,0.361,-0.029
2025-26,1629014,Anfernee Simons,1610612741,CHI,G,26.0,55,52,0.358,1.07,3.18,0.337,0.359,-0.022
2025-26,201572,Brook Lopez,1610612746,LAC,C,38.0,75,65,0.283,1.01,3.17,0.319,0.357,-0.037
2025-26,1642349,Ajay Mitchell,1610612760,OKC,G,23.0,57,54,0.382,1.19,3.16,0.378,0.364,0.014
2025-26,1642366,Quinten Post,1610612744,GSW,C,26.0,67,62,0.313,0.94,3.15,0.299,0.357,-0.058
2025-26,1630579,Jericho Sims,1610612749,MIL,C,27.0,64,57,0.427,1.02,3.14,0.323,0.357,-0.034
2025-26,1627752,Taurean Prince,1610612749,MIL,F,32.0,26,26,0.405,1.38,3.12,0.444,0.354,0.09
2025-26,1630175,Cole Anthony,1610612749,MIL,G,25.0,33,32,0.477,1.3,3.12,0.417,0.361,0.057
2025-26,1631323,Simone Fontecchio,1610612748,MIA,F,30.0,68,62,0.456,1.06,3.09,0.343,0.361,-0.018
2025-26,1642461,Spencer Jones,1610612743,DEN,F,24.0,62,56,0.378,1.0,3.08,0.325,0.354,-0.03
2025-26,1627749,Dejounte Murray,1610612740,NOP,G,29.0,14,13,0.301,1.21,3.07,0.395,0.364,0.031
2025-26,1641790,PJ Hall,1610612766,CHA,C,24.0,16,13,0.366,1.0,3.06,0.327,0.374,-0.047
2025-26,1630188,Jalen Smith,1610612741,CHI,F-C,26.0,52,47,0.327,1.25,3.06,0.409,0.36,0.049
2025-26,1642262,Cody Williams,1610612762,UTA,F,21.0,64,57,0.346,1.31,3.06,0.429,0.365,0.063
2025-26,1629723,John Konchar,1610612762,UTA,G,30.0,54,50,0.321,0.85,3.06,0.279,0.358,-0.08
2025-26,1630692,Jordan Goodwin,1610612756,PHX,G,27.0,70,64,0.408,1.17,3.06,0.383,0.363,0.02
2025-26,1631250,Pete Nance,1610612749,MIL,F,26.0,39,37,0.37,1.15,3.05,0.378,0.358,0.02
2025-26,1641707,Taylor Hendricks,1610612763,MEM,F,22.0,56,52,0.362,1.27,3.04,0.418,0.355,0.063
2025-26,1630696,Dru Smith,1610612748,MIA,G,28.0,70,68,0.404,1.0,3.04,0.329,0.363,-0.034
2025-26,1630163,LaMelo Ball,1610612766,CHA,G,24.0,72,67,0.381,1.21,3.04,0.397,0.363,0.035
2025-26,1630568,Luka Garza,1610612738,BOS,C,27.0,67,61,0.351,1.16,3.04,0.382,0.352,0.03
2025-26,1627936,Alex Caruso,1610612760,OKC,G,32.0,56,50,0.428,1.18,3.04,0.388,0.358,0.03
2025-26,1641765,Olivier-Maxence Prosper,1610612763,MEM,F,23.0,47,41,0.303,1.23,3.04,0.406,0.356,0.05
2025-26,1630703,Scoot Henderson,1610612757,POR,G,22.0,30,28,0.346,1.37,3.03,0.451,0.368,0.083
2025-26,1642285,Cam Spencer,1610612763,MEM,G,26.0,72,66,0.357,1.14,3.03,0.376,0.36,0.016
2025-26,1630170,Devin Vassell,1610612759,SAS,G-F,25.0,67,64,0.319,1.04,3.01,0.347,0.362,-0.016
2025-26,1630631,Jose Alvarado,1610612752,NYK,G,28.0,68,61,0.441,1.04,3.01,0.346,0.359,-0.013
2025-26,1642490,Josh Oduro,1610612740,NOP,C,25.0,3,3,0.3,1.67,3.0,0.556,0.39,0.166
2025-26,1631457,Alex Morales,1610612753,ORL,G,28.0,2,2,1.0,2.0,3.0,0.667,0.374,0.293
2025-26,1641726,Dereck Lively II,1610612742,DAL,C,22.0,7,7,0.309,1.29,3.0,0.429,0.366,0.062
2025-26,203914,Gary Harris,1610612749,MIL,G,31.0,47,45,0.496,1.11,3.0,0.369,0.359,0.009
2025-26,1642345,Oso Ighodaro,1610612756,PHX,F,23.0,82,72,0.297,0.96,3.0,0.321,0.359,-0.038
2025-26,1642856,Egor Dëmin,1610612751,BKN,G,20.0,52,49,0.309,1.13,2.98,0.381,0.369,0.012
2025-26,1629731,Dean Wade,1610612739,CLE,F-C,29.0,58,55,0.307,0.98,2.98,0.329,0.363,-0.034
2025-26,203083,Andre Drummond,1610612755,PHI,C,32.0,62,56,0.301,0.97,2.98,0.324,0.353,-0.029
2025-26,203937,Kyle Anderson,1610612750,MIN,F-G,32.0,43,42,0.39,0.88,2.98,0.297,0.35,-0.053
2025-26,1641716,Jarace Walker,1610612754,IND,F,22.0,76,70,0.341,0.99,2.97,0.332,0.361,-0.029
2025-26,1631107,Nikola Jović,1610612748,MIA,F,22.0,45,41,0.322,0.87,2.96,0.293,0.356,-0.062
2025-26,1641854,Craig Porter Jr.,1610612739,CLE,G,26.0,63,61,0.346,1.06,2.95,0.36,0.351,0.009
2025-26,1631114,Jalen Williams,1610612760,OKC,G-F,24.0,33,32,0.361,1.09,2.94,0.371,0.366,0.005
2025-26,1630249,Vít Krejčí,1610612757,POR,G,25.0,65,61,0.348,1.2,2.94,0.408,0.362,0.046
2025-26,1642266,Ja'Kobe Walter,1610612761,TOR,G,21.0,71,68,0.347,0.96,2.94,0.325,0.36,-0.034
2025-26,1642346,Ryan Dunn,1610612756,PHX,F,23.0,69,60,0.386,1.03,2.94,0.35,0.365,-0.015
2025-26,1642874,Danny Wolf,1610612751,BKN,F,21.0,55,53,0.324,0.91,2.93,0.311,0.371,-0.06
2025-26,1641737,Adem Bona,1610612755,PHI,F,23.0,70,64,0.357,1.14,2.93,0.39,0.364,0.027
2025-26,1641744,Zach Edey,1610612763,MEM,C,23.0,11,10,0.241,1.36,2.91,0.469,0.359,0.11
2025-26,1629057,Robert Williams III,1610612757,POR,C-F,28.0,59,54,0.306,0.9,2.9,0.31,0.358,-0.048
2025-26,1642277,Johnny Furphy,1610612754,IND,G,21.0,34,30,0.318,1.12,2.88,0.388,0.373,0.015
2025-26,1631169,Josh Minott,1610612751,BKN,F,23.0,47,44,0.375,1.17,2.87,0.407,0.358,0.049
2025-26,1642879,Ben Saraf,1610612751,BKN,G,20.0,43,37,0.351,1.19,2.86,0.415,0.375,0.04
2025-26,1630526,Jeremiah Robinson-Earl,1610612742,DAL,F,25.0,21,19,0.417,1.19,2.86,0.417,0.351,0.066
2025-26,1641772,Nae'Qwan Tomlin,1610612739,CLE,F,25.0,61,54,0.455,1.07,2.85,0.374,0.357,0.016
2025-26,1630543,Isaiah Jackson,1610612746,LAC,F,24.0,55,50,0.315,0.84,2.84,0.295,0.362,-0.067
2025-26,201599,DeAndre Jordan,1610612740,NOP,C,37.0,12,12,0.321,0.58,2.83,0.206,0.353,-0.147
2025-26,1641842,Ronald Holland II,1610612765,DET,F,20.0,78,75,0.409,1.04,2.82,0.368,0.359,0.009
2025-26,1642272,Jared McCain,1610612760,OKC,G,22.0,66,59,0.394,1.06,2.82,0.376,0.36,0.016
2025-26,1628370,Malik Monk,1610612758,SAC,G,28.0,62,58,0.392,1.06,2.81,0.379,0.363,0.017
2025-26,1642450,Daniss Jenkins,1610612765,DET,G,24.0,69,64,0.386,0.9,2.81,0.32,0.36,-0.04
2025-26,1642948,Ryan Nembhard,1610612742,DAL,G,23.0,60,49,0.374,0.95,2.8,0.339,0.36,-0.021
2025-26,1629216,Gabe Vincent,1610612737,ATL,G,29.0,53,50,0.451,1.19,2.79,0.426,0.364,0.062
2025-26,1630167,Obi Toppin,1610612754,IND,F,28.0,23,20,0.46,0.91,2.78,0.328,0.365,-0.037
2025-26,1629001,De'Anthony Melton,1610612744,GSW,G,27.0,49,47,0.315,1.08,2.78,0.39,0.365,0.025
2025-26,1629018,Gary Trent Jr.,1610612749,MIL,G,27.0,58,54,0.44,1.12,2.76,0.406,0.359,0.047
2025-26,1630557,Corey Kispert,1610612737,ATL,F,27.0,58,52,0.367,0.88,2.76,0.319,0.357,-0.038
2025-26,1641775,Jordan Walsh,1610612738,BOS,G,22.0,65,63,0.372,1.03,2.74,0.376,0.359,0.017
2025-26,1628975,Jevon Carter,1610612753,ORL,G,30.0,49,42,0.417,0.8,2.71,0.293,0.363,-0.07
2025-26,1631255,Karlo Matković,1610612740,NOP,F-C,25.0,61,53,0.363,0.84,2.7,0.309,0.357,-0.048
2025-26,1641774,Tristan Vukcevic,1610612764,WAS,F,23.0,48,41,0.313,1.04,2.69,0.388,0.355,0.033
2025-26,1642849,Nolan Traore,1610612751,BKN,G,19.0,54,49,0.322,1.13,2.69,0.421,0.369,0.051
2025-26,1629640,Keldon Johnson,1610612759,SAS,F-G,26.0,82,75,0.358,0.9,2.68,0.336,0.353,-0.017
2025-26,1641731,Bilal Coulibaly,1610612764,WAS,G,21.0,56,49,0.322,0.93,2.64,0.351,0.362,-0.011
2025-26,203482,Kelly Olynyk,1610612759,SAS,F-C,34.0,40,36,0.482,0.8,2.63,0.305,0.344,-0.039
2025-26,1630592,Jalen Wilson,1610612751,BKN,F,25.0,51,48,0.415,1.14,2.63,0.433,0.359,0.074
2025-26,1641712,Rayan Rupert,1610612763,MEM,G-F,21.0,58,48,0.396,0.91,2.62,0.349,0.355,-0.007
2025-26,1629111,Jock Landale,1610612737,ATL,C,30.0,68,59,0.277,1.07,2.62,0.41,0.358,0.052
2025-26,1642275,Tidjane Salaün,1610612766,CHA,F,20.0,34,31,0.369,1.24,2.62,0.472,0.357,0.115
2025-26,1628379,Luke Kennard,1610612747,LAL,G,29.0,77,73,0.328,1.06,2.6,0.41,0.356,0.054
2025-26,1642864,Hugo González,1610612738,BOS,G,20.0,70,64,0.412,0.93,2.59,0.359,0.359,0.0
2025-26,1642348,Justin Edwards,1610612755,PHI,F,22.0,55,52,0.426,1.13,2.58,0.437,0.36,0.077
2025-26,1631248,Baylor Scheierman,1610612738,BOS,G,25.0,74,68,0.343,0.97,2.58,0.377,0.356,0.021
2025-26,1627741,Buddy Hield,1610612737,ATL,G,33.0,51,50,0.346,1.06,2.57,0.412,0.358,0.055
2025-26,1631213,Tyrese Martin,1610612755,PHI,F,27.0,44,36,0.423,0.95,2.57,0.372,0.37,0.002
2025-26,1630549,Day'Ron Sharpe,1610612751,BKN,C,24.0,62,51,0.322,0.92,2.56,0.358,0.358,0.0
2025-26,1643018,LJ Cryer,1610612744,GSW,G,24.0,16,14,0.477,1.25,2.56,0.488,0.378,0.11
2025-26,1630536,Sharife Cooper,1610612764,WAS,G,24.0,39,33,0.397,1.0,2.56,0.39,0.362,0.028
2025-26,1629618,Jalen Pickett,1610612743,DEN,G,26.0,42,34,0.405,0.88,2.55,0.346,0.359,-0.013
2025-26,1631093,Jaden Ivey,1610612741,CHI,G,24.0,37,32,0.376,0.97,2.54,0.383,0.366,0.017
2025-26,1631124,Julian Strawther,1610612743,DEN,G,23.0,51,46,0.449,1.14,2.51,0.453,0.359,0.094
2025-26,1628380,Zach Collins,1610612741,CHI,F-C,28.0,10,9,0.298,0.9,2.5,0.36,0.361,-0.001
2025-26,1641815,Isaiah Stevens,1610612758,SAC,G,25.0,2,2,0.5,2.0,2.5,0.8,0.341,0.459
2025-26,1630560,Cam Thomas,1610612749,MIL,G,24.0,42,38,0.365,1.05,2.5,0.419,0.358,0.061
2025-26,1643052,Chaney Johnson,1610612751,BKN,G-F,23.0,16,15,0.354,0.75,2.5,0.3,0.361,-0.061
2025-26,1629312,Haywood Highsmith,1610612756,PHX,F,29.0,6,6,0.417,0.67,2.5,0.267,0.371,-0.104
2025-26,1642920,Kobe Sanders,1610612746,LAC,G,23.0,67,62,0.364,0.9,2.49,0.359,0.361,-0.002
2025-26,1642860,Will Riley,1610612764,WAS,F,20.0,71,60,0.327,0.87,2.49,0.35,0.358,-0.008
2025-26,201144,Mike Conley,1610612750,MIN,G,38.0,53,49,0.346,0.96,2.49,0.386,0.367,0.019
2025-26,1641738,Kobe Brown,1610612754,IND,F,26.0,57,46,0.409,1.16,2.49,0.465,0.356,0.109
2025-26,1641711,Gradey Dick,1610612761,TOR,G-F,22.0,69,60,0.444,0.8,2.49,0.32,0.359,-0.039
2025-26,1631288,Jamal Cain,1610612753,ORL,F,27.0,35,32,0.39,0.71,2.49,0.287,0.364,-0.077
2025-26,1630538,Bones Hyland,1610612750,MIN,G,25.0,69,56,0.352,0.93,2.48,0.374,0.362,0.012
2025-26,1642382,Branden Carlson,1610612760,OKC,C,26.0,38,32,0.326,1.13,2.47,0.457,0.323,0.135
2025-26,1631126,Caleb Love,1610612757,POR,G,24.0,45,41,0.39,0.73,2.44,0.3,0.361,-0.061
2025-26,1631243,Mouhamed Gueye,1610612737,ATL,F,23.0,75,67,0.374,0.77,2.44,0.317,0.351,-0.034
2025-26,1630699,MarJon Beauchamp,1610612755,PHI,F,25.0,12,11,0.358,0.58,2.42,0.241,0.328,-0.087
2025-26,1641767,Ben Sheppard,1610612754,IND,G,24.0,65,56,0.344,0.89,2.42,0.369,0.37,0.0
2025-26,1627827,Dorian Finney-Smith,1610612745,HOU,F,32.0,37,34,0.389,0.81,2.41,0.337,0.353,-0.016
2025-26,1630192,Zeke Nnaji,1610612743,DEN,F-C,25.0,46,39,0.354,0.8,2.41,0.333,0.354,-0.021
2025-26,1626204,Larry Nance Jr.,1610612739,CLE,F-C,33.0,32,29,0.428,1.0,2.41,0.416,0.36,0.055
2025-26,1628420,Monte Morris,1610612754,IND,G,30.0,5,4,0.429,0.2,2.4,0.083,0.361,-0.278
2025-26,1630194,Paul Reed,1610612765,DET,F,26.0,63,54,0.319,0.65,2.4,0.272,0.363,-0.092
2025-26,1630621,Hunter Dickinson,1610612740,NOP,C,25.0,5,4,0.4,0.8,2.4,0.333,0.355,-0.022
2025-26,1629646,Charles Bassey,1610612744,GSW,C-F,25.0,10,8,0.316,1.0,2.4,0.417,0.353,0.064
2025-26,201567,Kevin Love,1610612762,UTA,F-C,37.0,35,33,0.305,0.71,2.4,0.298,0.365,-0.067
2025-26,1630208,Nick Richards,1610612741,CHI,C,28.0,47,42,0.284,0.96,2.38,0.402,0.369,0.033
2025-26,1629048,Goga Bitadze,1610612753,ORL,C-F,26.0,63,55,0.312,0.9,2.38,0.38,0.361,0.019
2025-26,1629750,Javonte Green,1610612765,DET,G,32.0,81,73,0.384,0.88,2.37,0.37,0.362,0.007
2025-26,1642928,Dylan Cardwell,1610612758,SAC,C,24.0,44,38,0.246,0.8,2.36,0.337,0.353,-0.016
2025-26,1630534,Ochai Agbaji,1610612751,BKN,G,25.0,60,49,0.373,0.85,2.35,0.362,0.368,-0.006
2025-26,203484,Kentavious Caldwell-Pope,1610612763,MEM,G,33.0,50,46,0.409,0.98,2.34,0.419,0.362,0.057
2025-26,203552,Seth Curry,1610612744,GSW,G,35.0,9,8,0.512,1.11,2.33,0.476,0.384,0.092
2025-26,1642844,Dylan Harper,1610612759,SAS,G,20.0,69,61,0.335,0.77,2.33,0.329,0.362,-0.033
2025-26,1630619,Moussa Cisse,1610612742,DAL,C,23.0,36,29,0.302,0.64,2.33,0.274,0.358,-0.084
2025-26,1628467,Maxi Kleber,1610612747,LAL,F,34.0,40,32,0.348,0.95,2.33,0.409,0.358,0.05
2025-26,203903,Jordan Clarkson,1610612752,NYK,G,33.0,69,64,0.382,1.06,2.32,0.456,0.358,0.099
2025-26,1631321,Sidy Cissoko,1610612757,POR,G,22.0,70,60,0.375,0.87,2.29,0.381,0.353,0.028
2025-26,203926,Doug McDermott,1610612758,SAC,F,34.0,28,23,0.416,0.68,2.29,0.297,0.355,-0.058
2025-26,202691,Klay Thompson,1610612742,DAL,G,36.0,69,66,0.351,0.78,2.29,0.342,0.362,-0.02
2025-26,1630311,Pat Spencer,1610612744,GSW,G,29.0,60,51,0.302,0.78,2.28,0.343,0.364,-0.021
2025-26,203939,Dwight Powell,1610612742,DAL,F-C,34.0,57,45,0.263,0.86,2.28,0.377,0.366,0.01
2025-26,1641722,Jordan Hawkins,1610612740,NOP,G,23.0,50,41,0.388,0.7,2.26,0.31,0.357,-0.047
2025-26,1642354,KJ Simpson,1610612743,DEN,G,23.0,16,15,0.336,0.69,2.25,0.306,0.346,-0.04
2025-26,1627780,Gary Payton II,1610612744,GSW,G,33.0,71,59,0.397,0.85,2.25,0.375,0.358,0.017
2025-26,1642265,Rob Dillingham,1610612741,CHI,G,21.0,61,45,0.368,0.72,2.23,0.324,0.357,-0.033
2025-26,1641733,Nick Smith Jr.,1610612747,LAL,G,21.0,27,24,0.448,0.78,2.22,0.35,0.364,-0.014
2025-26,1642868,Carter Bryant,1610612759,SAS,F,20.0,67,54,0.385,0.84,2.22,0.376,0.342,0.034
2025-26,201587,Nicolas Batum,1610612746,LAC,G-F,37.0,71,60,0.36,0.92,2.2,0.417,0.362,0.055
2025-26,1626166,Cameron Payne,1610612755,PHI,G,31.0,20,15,0.393,0.75,2.2,0.341,0.37,-0.03
2025-26,1628988,Aaron Holiday,1610612745,HOU,G,29.0,52,46,0.406,0.54,2.19,0.246,0.352,-0.107
2025-26,1629020,Jarred Vanderbilt,1610612747,LAL,F,27.0,63,56,0.373,0.63,2.19,0.29,0.366,-0.076
2025-26,1628396,Tony Bradley,1610612737,ATL,C-F,28.0,34,28,0.4,0.88,2.18,0.405,0.361,0.044
2025-26,1629234,Drew Eubanks,1610612758,SAC,F-C,29.0,41,34,0.304,0.78,2.17,0.36,0.358,0.001
2025-26,1629006,Josh Okogie,1610612745,HOU,G,27.0,75,62,0.361,0.83,2.17,0.38,0.353,0.028
2025-26,1630604,E.J. Liddell,1610612751,BKN,F,25.0,23,15,0.388,0.91,2.17,0.42,0.374,0.046
2025-26,201569,Eric Gordon,1610612755,PHI,G,37.0,6,5,0.565,1.0,2.17,0.462,0.343,0.118
2025-26,1631200,Kris Murray,1610612757,POR,F,25.0,57,51,0.294,0.68,2.16,0.317,0.354,-0.037
2025-26,1630811,Keaton Wallace,1610612737,ATL,G,27.0,44,35,0.444,0.77,2.16,0.358,0.347,0.011
2025-26,1642962,Drake Powell,1610612751,BKN,G-F,20.0,61,47,0.347,0.8,2.15,0.374,0.371,0.003
2025-26,1642260,Nikola Topić,1610612760,OKC,G,20.0,8,7,0.354,0.75,2.13,0.353,0.373,-0.02
2025-26,1642530,Yuki Kawamura,1610612741,CHI,G,24.0,16,14,0.382,0.88,2.13,0.412,0.342,0.069
2025-26,1642869,Noah Penda,1610612753,ORL,G-F,21.0,56,47,0.341,0.8,2.13,0.378,0.355,0.023
2025-26,204456,T.J. McConnell,1610612754,IND,G,34.0,56,45,0.381,0.88,2.11,0.415,0.373,0.043
2025-26,1630623,Tyson Etienne,1610612751,BKN,G,26.0,19,15,0.357,0.84,2.11,0.4,0.368,0.032
2025-26,1642434,Riley Minix,1610612739,CLE,F,25.0,9,8,0.594,0.56,2.11,0.263,0.354,-0.091
2025-26,1642938,Curtis Jones,1610612743,DEN,G,24.0,9,7,0.559,0.56,2.11,0.263,0.344,-0.081
2025-26,1630182,Josh Green,1610612766,CHA,G,25.0,56,53,0.427,0.48,2.09,0.231,0.363,-0.132
2025-26,1631132,Christian Koloko,1610612737,ATL,C,25.0,27,22,0.263,0.67,2.07,0.321,0.344,-0.022
2025-26,1627824,Guerschon Yabusele,1610612741,CHI,F,30.0,66,55,0.316,0.67,2.05,0.326,0.354,-0.028
2025-26,1643007,Taelon Peter,1610612754,IND,G,24.0,34,24,0.312,0.74,2.03,0.362,0.359,0.003
2025-26,1629026,Kenrich Williams,1610612760,OKC,G-F,31.0,54,46,0.384,0.91,2.02,0.45,0.351,0.098
2025-26,1631123,Jamaree Bouyea,1610612756,PHX,G,26.0,41,29,0.372,0.63,2.02,0.313,0.367,-0.053
2025-26,1642877,Micah Peavy,1610612740,NOP,G-F,24.0,57,46,0.398,0.68,2.02,0.339,0.361,-0.021
2025-26,1641715,Cam Whitmore,1610612764,WAS,F,21.0,21,19,0.372,0.71,2.0,0.357,0.362,-0.004
2025-26,1642933,Keshon Gilbert,1610612737,ATL,G,22.0,4,3,0.276,1.25,2.0,0.625,0.349,0.276
2025-26,1629021,Moritz Wagner,1610612753,ORL,F-C,28.0,35,29,0.372,0.97,2.0,0.486,0.358,0.128
2025-26,1628365,Markelle Fultz,1610612761,TOR,G,27.0,4,4,0.5,0.75,2.0,0.375,0.352,0.023
2025-26,1631166,Drew Timme,1610612747,LAL,F,25.0,23,18,0.393,0.7,2.0,0.348,0.362,-0.014
2025-26,1642278,Tyler Kolek,1610612752,NYK,G,25.0,52,48,0.4,0.73,2.0,0.365,0.358,0.007
2025-26,1629680,Matisse Thybulle,1610612757,POR,G-F,29.0,29,23,0.392,0.45,2.0,0.224,0.368,-0.144
2025-26,1630644,Mac McClung,1610612741,CHI,G,27.0,9,7,0.367,0.78,2.0,0.389,0.368,0.021
2025-26,1641755,Kevin McCullar Jr.,1610612752,NYK,G,25.0,15,12,0.469,0.73,2.0,0.367,0.366,0.001
2025-26,1631207,Dalen Terry,1610612755,PHI,F,23.0,41,33,0.36,0.76,1.98,0.383,0.357,0.025
2025-26,1630544,Tre Mann,1610612766,CHA,G,25.0,47,34,0.362,1.02,1.96,0.522,0.359,0.163
2025-26,1642854,Asa Newell,1610612737,ATL,F,20.0,39,30,0.349,0.72,1.95,0.368,0.353,0.016
2025-26,1628418,Thomas Bryant,1610612739,CLE,C-F,28.0,56,45,0.285,1.04,1.95,0.532,0.362,0.17
2025-26,1642484,RayJ Dennis,1610612737,ATL,G,25.0,14,12,0.403,0.86,1.93,0.444,0.376,0.068
2025-26,1628997,Caleb Martin,1610612742,DAL,F,30.0,57,47,0.297,0.6,1.93,0.309,0.368,-0.059
2025-26,1641871,Duop Reath,1610612757,POR,C,29.0,28,26,0.4,0.57,1.93,0.296,0.354,-0.057
2025-26,1630702,Jaden Hardy,1610612764,WAS,G,23.0,51,40,0.338,0.63,1.9,0.33,0.362,-0.032
2025-26,201959,Taj Gibson,1610612763,MEM,F,40.0,10,8,0.373,0.7,1.9,0.368,0.37,-0.001
2025-26,1641740,Jaylen Clark,1610612750,MIN,G,24.0,64,55,0.354,0.59,1.89,0.314,0.365,-0.051
2025-26,1628449,Chris Boucher,1610612738,BOS,F,33.0,8,7,0.306,0.5,1.88,0.267,0.338,-0.071
2025-26,1641725,Trey Alexander,1610612740,NOP,G,22.0,8,7,0.283,0.63,1.88,0.333,0.379,-0.045
2025-26,1642853,Rasheer Fleming,1610612756,PHX,F,21.0,48,40,0.378,0.56,1.83,0.307,0.358,-0.051
2025-26,203991,Clint Capela,1610612745,HOU,C,31.0,74,64,0.297,0.5,1.82,0.274,0.352,-0.078
2025-26,1642353,Cam Christie,1610612746,LAC,G,20.0,48,36,0.442,0.67,1.81,0.368,0.364,0.004
2025-26,101108,Chris Paul,1610612746,LAC,G,40.0,16,13,0.358,0.56,1.81,0.31,0.352,-0.041
2025-26,203967,Dario Saric,1610612758,SAC,F-C,32.0,5,5,0.375,0.4,1.8,0.222,0.319,-0.097
2025-26,1631111,Wendell Moore Jr.,1610612765,DET,G,24.0,5,3,0.375,0.0,1.8,0.0,0.346,-0.346
2025-26,1629726,Garrison Mathews,1610612754,IND,G,29.0,14,11,0.342,0.5,1.79,0.28,0.356,-0.076
2025-26,201145,Jeff Green,1610612745,HOU,F,39.0,23,16,0.488,0.3,1.78,0.171,0.343,-0.172
2025-26,202685,Jonas Valančiūnas,1610612743,DEN,C,33.0,63,50,0.259,0.83,1.78,0.464,0.348,0.116
2025-26,1630214,Xavier Tillman,1610612766,CHA,F,27.0,26,15,0.451,0.65,1.77,0.37,0.355,0.015
2025-26,1642863,Khaman Maluach,1610612756,PHX,C,19.0,43,30,0.335,0.67,1.77,0.382,0.362,0.02
2025-26,1628998,Cody Martin,1610612754,IND,F,30.0,4,3,0.333,0.25,1.75,0.143,0.368,-0.225
2025-26,1641890,Tyler Smith,1610612742,DAL,F,21.0,12,10,0.389,0.83,1.75,0.476,0.36,0.116
2025-26,1642905,Yang Hansen,1610612757,POR,C,20.0,42,27,0.353,0.6,1.74,0.342,0.355,-0.013
2025-26,203486,Mason Plumlee,1610612759,SAS,F-C,36.0,19,15,0.3,0.74,1.74,0.424,0.345,0.079
2025-26,1641763,Julian Phillips,1610612750,MIN,F,22.0,37,27,0.464,0.65,1.73,0.375,0.357,0.018
2025-26,1642873,Amari Williams,1610612738,BOS,F-C,24.0,15,14,0.406,0.53,1.73,0.308,0.335,-0.027
2025-26,1631204,Marcus Sasser,1610612765,DET,G,25.0,33,29,0.388,0.58,1.73,0.333,0.348,-0.014
2025-26,1642880,Kam Jones,1610612754,IND,G,24.0,32,28,0.294,0.63,1.72,0.364,0.366,-0.002
2025-26,1626145,Tyus Jones,1610612743,DEN,G,29.0,65,52,0.349,0.65,1.71,0.378,0.364,0.015
2025-26,1641752,Bobi Klintman,1610612765,DET,F,23.0,10,7,0.567,0.7,1.7,0.412,0.331,0.08
2025-26,1641747,DaRon Holmes II,1610612743,DEN,F,23.0,22,15,0.319,0.59,1.68,0.351,0.34,0.011
2025-26,1631110,Jeremy Sochan,1610612752,NYK,F,22.0,37,30,0.312,0.68,1.68,0.403,0.346,0.057
2025-26,1630574,Ariel Hukporti,1610612752,NYK,C,24.0,50,39,0.346,0.52,1.68,0.31,0.349,-0.04
2025-26,1642502,Malevy Leons,1610612744,GSW,F,26.0,24,16,0.336,0.79,1.67,0.475,0.354,0.121
2025-26,1630846,Olivier Sarr,1610612739,CLE,C,27.0,3,3,0.294,0.67,1.67,0.4,0.363,0.037
2025-26,1642918,Alijah Martin,1610612761,TOR,G,24.0,14,9,0.377,0.36,1.64,0.217,0.34,-0.122
2025-26,1642878,Tyrese Proctor,1610612739,CLE,G,22.0,44,34,0.39,0.59,1.61,0.366,0.349,0.017
2025-26,1642885,Mohamed Diawara,1610612752,NYK,F,20.0,58,45,0.449,0.55,1.59,0.348,0.359,-0.011
2025-26,1626192,Pat Connaughton,1610612766,CHA,G,33.0,32,24,0.405,0.56,1.59,0.353,0.358,-0.005
2025-26,1642949,Yanic Konan Niederhäuser,1610612746,LAC,C,23.0,34,23,0.252,0.59,1.59,0.37,0.362,0.008
2025-26,1642066,Myron Gardner,1610612748,MIA,F,24.0,38,28,0.382,0.45,1.58,0.283,0.368,-0.085
2025-26,1629599,Amir Coffey,1610612756,PHX,G-F,28.0,40,26,0.444,0.58,1.58,0.365,0.357,0.008
2025-26,1642449,Tolu Smith,1610612765,DET,F,25.0,12,10,0.365,0.5,1.58,0.316,0.363,-0.047
2025-26,1642261,Dalton Knecht,1610612747,LAL,F,24.0,45,30,0.359,0.6,1.58,0.38,0.362,0.019
2025-26,1631133,Jabari Walker,1610612755,PHI,F,23.0,61,47,0.347,0.52,1.57,0.333,0.351,-0.018
2025-26,1642886,Koby Brea,1610612756,PHX,G,23.0,7,5,0.44,0.86,1.57,0.545,0.353,0.192
2025-26,1642358,AJ Johnson,1610612742,DAL,G,21.0,40,30,0.392,0.63,1.55,0.403,0.37,0.033
2025-26,1631218,Trayce Jackson-Davis,1610612761,TOR,F,26.0,47,31,0.266,0.49,1.55,0.315,0.347,-0.032
2025-26,1642355,Bronny James,1610612747,LAL,G,21.0,36,28,0.399,0.44,1.53,0.291,0.36,-0.069
2025-26,1642862,Liam McNeeley,1610612766,CHA,F,20.0,29,21,0.361,0.69,1.52,0.455,0.353,0.101
2025-26,1642352,Keshad Johnson,1610612748,MIA,F,24.0,23,19,0.337,0.57,1.52,0.371,0.339,0.033
2025-26,1631205,Buddy Boeheim,1610612760,OKC,F,26.0,2,2,0.25,0.5,1.5,0.333,0.379,-0.046
2025-26,1630625,Dalano Banton,1610612738,BOS,F,26.0,4,2,0.353,0.25,1.5,0.167,0.347,-0.18
2025-26,1630164,James Wiseman,1610612754,IND,C,25.0,4,3,0.24,0.25,1.5,0.167,0.376,-0.209
2025-26,1642282,Hunter Sallis,1610612755,PHI,G,23.0,4,4,0.5,0.25,1.5,0.167,0.357,-0.191
2025-26,1641724,Jett Howard,1610612753,ORL,G,22.0,51,36,0.347,0.57,1.45,0.392,0.361,0.031
2025-26,200768,Kyle Lowry,1610612755,PHI,G,40.0,11,8,0.41,0.55,1.45,0.375,0.355,0.02
2025-26,1642950,Lachlan Olbrich,1610612741,CHI,C,22.0,29,21,0.316,0.52,1.45,0.357,0.358,-0.001
2025-26,1642964,Brooks Barnhizer,1610612760,OKC,G,24.0,35,23,0.345,0.66,1.4,0.469,0.35,0.12
2025-26,1641748,Andre Jackson Jr.,1610612749,MIL,G,24.0,40,27,0.361,0.43,1.4,0.304,0.351,-0.047
2025-26,1630587,Isaiah Livers,1610612756,PHX,F,27.0,33,24,0.348,0.39,1.39,0.283,0.36,-0.077
2025-26,1631199,Ron Harper Jr.,1610612738,BOS,G-F,26.0,23,15,0.381,0.3,1.39,0.219,0.346,-0.127
2025-26,1631104,Blake Wesley,1610612757,POR,G,23.0,26,18,0.383,0.42,1.38,0.306,0.377,-0.071
2025-26,1631103,Malaki Branham,1610612764,WAS,F,22.0,25,14,0.358,0.4,1.36,0.294,0.358,-0.063
2025-26,1630322,Lindy Waters III,1610612759,SAS,F,28.0,34,26,0.505,0.44,1.35,0.326,0.354,-0.028
2025-26,1630545,Terrence Shannon Jr.,1610612750,MIN,G-F,25.0,41,28,0.324,0.44,1.34,0.327,0.367,-0.04
2025-26,1642866,Joan Beringer,1610612750,MIN,F,19.0,37,27,0.235,0.43,1.3,0.333,0.345,-0.012
2025-26,1641780,Johni Broome,1610612755,PHI,F,23.0,7,5,0.29,0.29,1.29,0.222,0.297,-0.075
2025-26,1642384,Isaiah Crawford,1610612745,HOU,F,24.0,7,4,0.391,0.14,1.29,0.111,0.35,-0.239
2025-26,1630256,Jae'Sean Tate,1610612745,HOU,F,30.0,39,28,0.313,0.38,1.28,0.3,0.361,-0.061
2025-26,1631120,JD Davison,1610612745,HOU,G,23.0,23,13,0.33,0.43,1.26,0.345,0.348,-0.004
2025-26,1630209,Omer Yurtseven,1610612744,GSW,C,27.0,8,6,0.2,0.5,1.25,0.4,0.358,0.042
2025-26,1642400,Tristan Enaruna,1610612739,CLE,F,24.0,8,6,0.357,0.5,1.25,0.4,0.343,0.057
2025-26,1641761,Grant Nelson,1610612751,BKN,F,24.0,4,1,0.238,0.25,1.25,0.2,0.348,-0.148
2025-26,1631116,Patrick Baldwin Jr.,1610612758,SAC,F,23.0,8,6,0.313,0.5,1.25,0.4,0.351,0.049
2025-26,203648,Thanasis Antetokounmpo,1610612749,MIL,F,33.0,21,13,0.481,0.38,1.24,0.308,0.341,-0.033
2025-26,1642959,Chris Youngblood,1610612757,POR,G,24.0,22,17,0.415,0.59,1.23,0.481,0.351,0.13
2025-26,202687,Bismack Biyombo,1610612759,SAS,C,33.0,22,12,0.365,0.41,1.23,0.333,0.329,0.004
2025-26,1642939,Miles Kelly,1610612742,DAL,G,23.0,9,7,0.289,0.44,1.22,0.364,0.353,0.01
2025-26,1642917,Max Shulga,1610612738,BOS,G,23.0,6,4,0.5,0.17,1.17,0.143,0.355,-0.212
2025-26,1628371,Jonathan Isaac,1610612753,ORL,F,28.0,45,32,0.299,0.33,1.16,0.288,0.36,-0.072
2025-26,1641816,Hunter Tyson,1610612743,DEN,F,25.0,20,12,0.371,0.25,1.15,0.217,0.354,-0.137
2025-26,1641810,Antonio Reeves,1610612766,CHA,G,25.0,7,4,0.471,0.43,1.14,0.375,0.37,0.006
2025-26,1642357,David Jones Garcia,1610612759,SAS,G,24.0,8,4,0.29,0.5,1.13,0.444,0.368,0.076
2025-26,1629162,Jordan McLaughlin,1610612759,SAS,G,30.0,33,21,0.375,0.45,1.09,0.417,0.355,0.061
2025-26,1642419,Jamison Battle,1610612761,TOR,F,24.0,49,32,0.311,0.41,1.06,0.385,0.329,0.055
2025-26,1642859,Jase Richardson,1610612753,ORL,G,20.0,45,24,0.269,0.31,1.02,0.304,0.361,-0.057
2025-26,1627746,Skal Labissiere,1610612764,WAS,F-C,30.0,3,2,0.15,0.0,1.0,0.0,0.275,-0.275
2025-26,1643133,Lawson Lovering,1610612763,MEM,C,22.0,2,1,0.074,0.0,1.0,0.0,0.303,-0.303
2025-26,1642935,Chucky Hepburn,1610612761,TOR,G,23.0,2,1,0.333,1.0,1.0,1.0,0.367,0.633
2025-26,1641998,Trey Jemison III,1610612752,NYK,C,26.0,9,6,0.31,0.11,1.0,0.111,0.315,-0.204
2025-26,1642389,Zyon Pullin,1610612750,MIN,G,25.0,3,2,0.103,0.0,1.0,0.0,0.417,-0.417
2025-26,1641787,Tosan Evbuomwan,1610612766,CHA,F,25.0,2,1,0.5,0.0,1.0,0.0,0.355,-0.355
2025-26,1642367,Jonathan Mogbo,1610612761,TOR,F,24.0,31,13,0.277,0.39,1.0,0.387,0.367,0.021
2025-26,1641753,Chris Livingston,1610612739,CLE,F,22.0,1,1,0.333,0.0,1.0,0.0,0.414,-0.414
2025-26,1630828,Alex Antetokounmpo,1610612749,MIL,F,24.0,4,3,0.667,0.25,1.0,0.25,0.272,-0.022
2025-26,1630639,A.J. Lawson,1610612761,TOR,G,25.0,19,13,0.358,0.47,1.0,0.474,0.352,0.122
2025-26,1630649,Stanley Umude,1610612759,SAS,G,27.0,1,1,1.0,1.0,1.0,1.0,0.39,0.61
2025-26,1641803,Tristen Newton,1610612745,HOU,G,24.0,1,1,0.2,1.0,1.0,1.0,0.26,0.74
2025-26,1630548,Johnny Juzang,1610612750,MIN,G,25.0,16,12,0.469,0.38,0.94,0.4,0.367,0.033
2025-26,204060,Joe Ingles,1610612750,MIN,F-G,38.0,16,9,0.333,0.38,0.94,0.4,0.331,0.069
2025-26,202066,Garrett Temple,1610612761,TOR,G-F,39.0,13,7,0.444,0.15,0.92,0.167,0.325,-0.158
2025-26,1641723,Kobe Bufkin,1610612747,LAL,G,22.0,12,8,0.289,0.5,0.92,0.545,0.373,0.172
2025-26,1642443,Jahmir Young,1610612748,MIA,G,25.0,10,6,0.45,0.3,0.9,0.333,0.328,0.005
2025-26,1643024,Chris Mañon,1610612747,LAL,G,24.0,7,5,0.273,0.14,0.86,0.167,0.347,-0.181
2025-26,1642403,Isaac Jones,1610612765,DET,F,25.0,6,3,0.357,0.33,0.83,0.4,0.352,0.048
2025-26,1641809,Drew Peterson,1610612766,CHA,F,26.0,6,3,0.25,0.17,0.83,0.2,0.331,-0.131
2025-26,1631247,Luke Travers,1610612739,CLE,F,24.0,11,7,0.273,0.45,0.82,0.556,0.362,0.194
2025-26,1641813,Mark Sears,1610612749,MIL,G,24.0,5,3,0.4,0.4,0.8,0.5,0.372,0.128
2025-26,1642911,Rocco Zikarsky,1610612750,MIN,C,19.0,5,2,0.143,0.4,0.8,0.5,0.332,0.168
2025-26,1642876,Adou Thiero,1610612747,LAL,G,21.0,21,10,0.262,0.43,0.76,0.563,0.361,0.201
2025-26,1631115,Orlando Robinson,1610612753,ORL,C,25.0,4,2,0.176,0.5,0.75,0.667,0.414,0.253
2025-26,1642402,Enrique Freeman,1610612750,MIN,F,25.0,4,3,0.188,0.0,0.75,0.0,0.269,-0.269
2025-26,1630658,Colin Castleton,1610612753,ORL,C,25.0,4,2,0.429,0.25,0.75,0.333,0.237,0.097
2025-26,1642359,Pacôme Dadiet,1610612752,NYK,F,20.0,19,6,0.286,0.37,0.74,0.5,0.367,0.133
2025-26,1643141,Jahmyl Telfort,1610612746,LAC,G,24.0,3,2,0.286,0.0,0.67,0.0,0.449,-0.449
2025-26,1641794,Dillon Jones,1610612752,NYK,F,24.0,6,2,0.286,0.33,0.67,0.5,0.349,0.151
2025-26,1642404,Chaz Lanier,1610612765,DET,G,24.0,21,8,0.255,0.14,0.67,0.214,0.355,-0.14
2025-26,1631102,TyTy Washington Jr.,1610612746,LAC,G,24.0,13,6,0.267,0.23,0.62,0.375,0.345,0.03
2025-26,1628502,Nigel Hayes-Davis,1610612756,PHX,F,31.0,18,8,0.212,0.17,0.61,0.273,0.358,-0.085
2025-26,1641801,Emanuel Miller,1610612759,SAS,F,25.0,5,2,0.273,0.4,0.6,0.667,0.34,0.326
2025-26,1631451,Javonte Cooke,1610612757,POR,G,26.0,17,7,0.263,0.18,0.59,0.3,0.359,-0.059
2025-26,1631216,Caleb Houstan,1610612737,ATL,G,23.0,7,3,0.364,0.29,0.57,0.5,0.352,0.149
2025-26,1642951,Sean Pedulla,1610612746,LAC,G,23.0,4,2,0.286,0.5,0.5,1.0,0.334,0.666
2025-26,1631210,Jacob Toppin,1610612737,ATL,F,25.0,2,1,0.5,0.0,0.5,0.0,0.316,-0.316
2025-26,1643257,Jayson Kent,1610612757,POR,F,24.0,5,2,0.222,0.4,0.4,1.0,0.364,0.636
2025-26,1642884,Vladislav Goldin,1610612748,MIA,C,24.0,5,1,0.143,0.2,0.4,0.5,0.105,0.395
2025-26,1641807,Norchad Omier,1610612746,LAC,F,24.0,5,2,0.286,0.2,0.4,0.5,0.335,0.166
2025-26,1642368,N'Faly Dante,1610612737,ATL,C,24.0,3,1,0.125,0.0,0.33,0.0,0.352,-0.352
2025-26,1631211,Trevor Keels,1610612748,MIA,G,22.0,4,1,0.25,0.0,0.25,0.0,0.26,-0.26
