Season,CLOSE_DEF_PERSON_ID,PLAYER_NAME,PLAYER_LAST_TEAM_ID,PLAYER_LAST_TEAM_ABBREVIATION,PLAYER_POSITION,AGE,GP,G,FREQ,FGM_LT_06,FGA_LT_06,LT_06_PCT,NS_LT_06_PCT,PLUSMINUS
2025-26,1642259,Alex Sarr,1610612764,WAS,C,20.0,48,48,0.543,5.35,9.69,0.553,0.643,-0.09
2025-26,203999,Nikola Jokić,1610612743,DEN,C,31.0,65,65,0.395,4.65,7.37,0.63,0.645,-0.014
2025-26,1630578,Alperen Sengun,1610612745,HOU,C,23.0,71,71,0.406,4.56,7.31,0.624,0.647,-0.023
2025-26,1630596,Evan Mobley,1610612739,CLE,C,24.0,65,65,0.441,3.88,7.28,0.533,0.644,-0.111
2025-26,203954,Joel Embiid,1610612755,PHI,C-F,32.0,38,38,0.436,4.21,7.13,0.59,0.645,-0.055
2025-26,1642270,Donovan Clingan,1610612757,POR,C,22.0,77,77,0.342,3.81,6.97,0.546,0.647,-0.101
2025-26,1642852,Derik Queen,1610612740,NOP,C,21.0,81,77,0.434,3.95,6.64,0.595,0.651,-0.056
2025-26,1642875,Maxime Raynaud,1610612758,SAC,C,23.0,74,71,0.427,4.08,6.39,0.638,0.651,-0.012
2025-26,203497,Rudy Gobert,1610612750,MIN,C,33.0,76,76,0.378,3.5,6.38,0.548,0.638,-0.09
2025-26,1642843,Cooper Flagg,1610612742,DAL,F,19.0,70,70,0.429,3.67,6.31,0.581,0.639,-0.058
2025-26,1630567,Scottie Barnes,1610612761,TOR,F-G,24.0,79,79,0.432,3.8,6.24,0.609,0.639,-0.03
2025-26,1641824,Matas Buzelis,1610612741,CHI,F,21.0,76,76,0.437,3.57,6.18,0.577,0.637,-0.06
2025-26,1631096,Chet Holmgren,1610612760,OKC,C-F,23.0,69,69,0.436,2.99,6.1,0.489,0.643,-0.154
2025-26,1641705,Victor Wembanyama,1610612759,SAS,F-C,22.0,64,63,0.338,3.42,6.09,0.562,0.649,-0.088
2025-26,1626167,Myles Turner,1610612749,MIL,C-F,30.0,71,70,0.422,3.59,6.08,0.59,0.638,-0.048
2025-26,202696,Nikola Vučević,1610612738,BOS,C,35.0,63,61,0.383,3.84,6.05,0.635,0.648,-0.013
2025-26,1629029,Luka Dončić,1610612747,LAL,F-G,27.0,64,63,0.363,4.05,5.98,0.676,0.64,0.036
2025-26,1631109,Mark Williams,1610612756,PHX,C,24.0,60,60,0.424,3.83,5.95,0.644,0.647,-0.002
2025-26,1641730,Noah Clowney,1610612751,BKN,F-C,21.0,65,64,0.44,3.92,5.91,0.664,0.64,0.024
2025-26,1629023,P.J. Washington,1610612742,DAL,F,27.0,56,55,0.408,3.41,5.91,0.577,0.647,-0.07
2025-26,1627751,Jakob Poeltl,1610612761,TOR,C,30.0,45,45,0.453,3.8,5.89,0.645,0.643,0.002
2025-26,1631217,Moussa Diabaté,1610612766,CHA,F,24.0,73,73,0.427,3.74,5.88,0.636,0.648,-0.011
2025-26,1630552,Jalen Johnson,1610612737,ATL,F,24.0,72,72,0.456,3.69,5.82,0.635,0.64,-0.005
2025-26,1630643,Jay Huff,1610612754,IND,C,28.0,81,80,0.486,3.27,5.74,0.57,0.642,-0.072
2025-26,1630530,Trey Murphy III,1610612740,NOP,F,25.0,66,66,0.412,3.79,5.73,0.661,0.649,0.013
2025-26,1630168,Onyeka Okongwu,1610612737,ATL,F-C,25.0,74,74,0.391,3.57,5.69,0.627,0.642,-0.015
2025-26,1629651,Nic Claxton,1610612751,BKN,C,26.0,69,68,0.452,3.3,5.67,0.583,0.639,-0.056
2025-26,1627826,Ivica Zubac,1610612754,IND,C,29.0,48,48,0.369,2.98,5.67,0.526,0.652,-0.126
2025-26,1630183,Jaden McDaniels,1610612750,MIN,F,25.0,73,71,0.391,2.97,5.63,0.528,0.637,-0.109
2025-26,1631094,Paolo Banchero,1610612753,ORL,F,23.0,72,71,0.401,3.47,5.6,0.62,0.64,-0.019
2025-26,1630583,Santi Aldama,1610612763,MEM,F-C,25.0,43,42,0.398,3.44,5.6,0.614,0.64,-0.026
2025-26,1642273,Kyshawn George,1610612764,WAS,F,22.0,48,48,0.354,3.44,5.58,0.616,0.643,-0.028
2025-26,1628991,Jaren Jackson Jr.,1610612762,UTA,F-C,26.0,48,46,0.37,3.1,5.52,0.562,0.632,-0.07
2025-26,1642276,Kel'el Ware,1610612748,MIA,C,21.0,77,76,0.461,3.35,5.51,0.608,0.659,-0.051
2025-26,1630581,Josh Giddey,1610612741,CHI,G,23.0,53,53,0.391,3.53,5.4,0.654,0.636,0.017
2025-26,1627783,Pascal Siakam,1610612754,IND,F,32.0,62,61,0.388,3.44,5.39,0.638,0.646,-0.008
2025-26,1628386,Jarrett Allen,1610612739,CLE,C,27.0,56,56,0.41,3.0,5.34,0.562,0.651,-0.089
2025-26,1629028,Deandre Ayton,1610612747,LAL,C,27.0,72,71,0.379,3.17,5.33,0.594,0.64,-0.046
2025-26,204001,Kristaps Porziņģis,1610612744,GSW,F-C,30.0,32,32,0.388,3.0,5.31,0.565,0.648,-0.084
2025-26,1628389,Bam Adebayo,1610612748,MIA,C-F,28.0,73,73,0.353,3.33,5.29,0.63,0.652,-0.022
2025-26,1630559,Austin Reaves,1610612747,LAL,G,27.0,51,50,0.379,3.51,5.22,0.673,0.639,0.034
2025-26,1642271,Kyle Filipowski,1610612762,UTA,C,22.0,76,74,0.426,3.54,5.16,0.686,0.64,0.046
2025-26,1629655,Daniel Gafford,1610612742,DAL,F-C,27.0,55,55,0.401,2.85,5.15,0.555,0.656,-0.101
2025-26,1630695,Micah Potter,1610612754,IND,C,28.0,45,43,0.462,3.38,5.11,0.661,0.643,0.018
2025-26,1629638,Nickeil Alexander-Walker,1610612737,ATL,G,27.0,78,76,0.404,3.36,5.09,0.66,0.629,0.031
2025-26,1630700,Dyson Daniels,1610612737,ATL,G,23.0,76,76,0.367,3.11,5.08,0.611,0.634,-0.022
2025-26,1628401,Derrick White,1610612738,BOS,G,31.0,77,77,0.357,2.75,5.08,0.542,0.629,-0.087
2025-26,1629674,Neemias Queta,1610612738,BOS,C,26.0,75,75,0.378,2.73,5.04,0.542,0.64,-0.097
2025-26,1631105,Jalen Duren,1610612765,DET,C,22.0,70,70,0.391,3.01,5.0,0.603,0.645,-0.042
2025-26,1628436,Luke Kornet,1610612759,SAS,C-F,30.0,68,67,0.338,2.78,4.96,0.561,0.644,-0.083
2025-26,1631212,Peyton Watson,1610612743,DEN,G,23.0,54,51,0.372,3.02,4.85,0.622,0.636,-0.014
2025-26,1627750,Jamal Murray,1610612743,DEN,G,29.0,75,74,0.344,3.28,4.85,0.676,0.632,0.044
2025-26,203994,Jusuf Nurkić,1610612762,UTA,C,31.0,41,41,0.357,2.93,4.85,0.603,0.662,-0.059
2025-26,1631095,Jabari Smith Jr.,1610612745,HOU,F,22.0,77,77,0.365,2.77,4.84,0.571,0.635,-0.064
2025-26,1628404,Josh Hart,1610612752,NYK,G,31.0,66,64,0.342,3.29,4.83,0.68,0.645,0.035
2025-26,1642845,VJ Edgecombe,1610612755,PHI,G,20.0,74,73,0.372,3.14,4.82,0.65,0.638,0.012
2025-26,1630595,Cade Cunningham,1610612765,DET,G,24.0,64,61,0.349,2.75,4.81,0.571,0.629,-0.058
2025-26,1641739,Toumani Camara,1610612757,POR,F,25.0,82,81,0.356,3.15,4.8,0.655,0.637,0.018
2025-26,1641765,Olivier-Maxence Prosper,1610612763,MEM,F,23.0,47,45,0.472,3.04,4.74,0.641,0.647,-0.006
2025-26,1641750,Ryan Kalkbrenner,1610612766,CHA,C,24.0,69,65,0.387,2.62,4.74,0.554,0.648,-0.094
2025-26,1631157,Ryan Rollins,1610612749,MIL,G,23.0,74,74,0.356,2.82,4.72,0.599,0.621,-0.022
2025-26,1641710,Anthony Black,1610612753,ORL,G,22.0,63,61,0.362,3.08,4.7,0.655,0.627,0.029
2025-26,1641706,Brandon Miller,1610612766,CHA,F,23.0,65,63,0.388,2.63,4.68,0.563,0.634,-0.071
2025-26,203500,Steven Adams,1610612745,HOU,C,32.0,32,32,0.378,3.03,4.66,0.651,0.647,0.004
2025-26,1629008,Michael Porter Jr.,1610612751,BKN,F,27.0,52,51,0.444,3.13,4.65,0.674,0.64,0.034
2025-26,1642364,Jamir Watkins,1610612764,WAS,F,24.0,47,46,0.466,2.91,4.64,0.628,0.641,-0.013
2025-26,1629628,RJ Barrett,1610612761,TOR,F-G,25.0,56,53,0.376,2.93,4.63,0.633,0.637,-0.004
2025-26,1642851,Kon Knueppel,1610612766,CHA,G-F,20.0,81,76,0.352,2.63,4.62,0.57,0.641,-0.071
2025-26,1642263,Reed Sheppard,1610612745,HOU,G,21.0,82,79,0.381,2.88,4.57,0.629,0.627,0.002
2025-26,1628978,Donte DiVincenzo,1610612750,MIN,G,29.0,82,80,0.422,2.73,4.56,0.599,0.628,-0.029
2025-26,1628983,Shai Gilgeous-Alexander,1610612760,OKC,G,27.0,68,66,0.38,2.5,4.54,0.55,0.635,-0.084
2025-26,1629675,Naz Reid,1610612750,MIN,C-F,26.0,77,75,0.439,2.71,4.53,0.599,0.643,-0.044
2025-26,203110,Draymond Green,1610612744,GSW,F,36.0,68,67,0.358,2.6,4.5,0.578,0.647,-0.069
2025-26,201935,James Harden,1610612739,CLE,G,36.0,70,69,0.364,2.96,4.47,0.661,0.635,0.026
2025-26,1629645,Kevin Porter Jr.,1610612749,MIL,G-F,25.0,38,37,0.319,2.61,4.47,0.582,0.635,-0.052
2025-26,201572,Brook Lopez,1610612746,LAC,C,38.0,75,73,0.398,2.37,4.47,0.531,0.646,-0.114
2025-26,1642847,Jeremiah Fears,1610612740,NOP,G,19.0,82,80,0.385,3.1,4.46,0.694,0.641,0.053
2025-26,1628976,Wendell Carter Jr.,1610612753,ORL,C-F,26.0,78,76,0.346,2.69,4.44,0.607,0.65,-0.043
2025-26,1630551,Justin Champagnie,1610612764,WAS,G-F,24.0,67,59,0.463,2.87,4.42,0.649,0.634,0.014
2025-26,1641718,Keyonte George,1610612762,UTA,G,22.0,53,51,0.346,3.47,4.42,0.786,0.638,0.149
2025-26,1626157,Karl-Anthony Towns,1610612752,NYK,C-F,30.0,74,73,0.319,2.7,4.38,0.617,0.65,-0.033
2025-26,1631222,Jake LaRavia,1610612747,LAL,F,24.0,82,77,0.387,2.77,4.38,0.632,0.635,-0.003
2025-26,1630173,Precious Achiuwa,1610612758,SAC,F,26.0,72,67,0.383,2.61,4.35,0.601,0.647,-0.047
2025-26,1630166,Deni Avdija,1610612757,POR,F,25.0,66,65,0.371,2.55,4.35,0.585,0.631,-0.046
2025-26,1630174,Aaron Nesmith,1610612754,IND,G-F,26.0,45,43,0.353,2.53,4.33,0.585,0.644,-0.06
2025-26,1629723,John Konchar,1610612762,UTA,G,30.0,54,53,0.455,3.07,4.33,0.709,0.63,0.079
2025-26,1626162,Kelly Oubre Jr.,1610612755,PHI,F-G,30.0,50,48,0.356,2.78,4.32,0.644,0.635,0.008
2025-26,1628969,Mikal Bridges,1610612752,NYK,G-F,29.0,80,79,0.37,2.75,4.31,0.638,0.637,0.0
2025-26,1626220,Royce O'Neale,1610612756,PHX,F,32.0,78,77,0.4,2.77,4.31,0.643,0.643,0.0
2025-26,1631170,Jaime Jaquez Jr.,1610612748,MIA,G,25.0,75,72,0.341,2.57,4.31,0.598,0.636,-0.039
2025-26,1642856,Egor Dëmin,1610612751,BKN,G,20.0,52,51,0.446,2.67,4.31,0.621,0.632,-0.011
2025-26,1630543,Isaiah Jackson,1610612746,LAC,F,24.0,55,52,0.479,2.69,4.31,0.624,0.645,-0.02
2025-26,1642345,Oso Ighodaro,1610612756,PHX,F,23.0,82,79,0.426,2.49,4.3,0.578,0.632,-0.054
2025-26,202331,Paul George,1610612755,PHI,F,35.0,37,37,0.381,2.62,4.3,0.61,0.63,-0.019
2025-26,203952,Andrew Wiggins,1610612748,MIA,F,31.0,68,66,0.31,2.9,4.29,0.675,0.643,0.032
2025-26,1630591,Jalen Suggs,1610612753,ORL,G,24.0,57,56,0.382,2.81,4.28,0.656,0.636,0.02
2025-26,1630572,Sandro Mamukelashvili,1610612761,TOR,F-C,26.0,79,78,0.397,2.61,4.27,0.611,0.632,-0.021
2025-26,201143,Al Horford,1610612744,GSW,C-F,39.0,45,42,0.374,2.51,4.27,0.589,0.636,-0.048
2025-26,203944,Julius Randle,1610612750,MIN,F-C,31.0,79,79,0.369,2.63,4.25,0.619,0.644,-0.025
2025-26,1631128,Christian Braun,1610612743,DEN,G,24.0,44,44,0.334,2.89,4.23,0.683,0.64,0.043
2025-26,201142,Kevin Durant,1610612745,HOU,F,37.0,78,73,0.348,2.31,4.21,0.549,0.641,-0.092
2025-26,1631108,Max Christie,1610612742,DAL,G,23.0,77,74,0.36,2.68,4.21,0.636,0.634,0.001
2025-26,1642928,Dylan Cardwell,1610612758,SAC,C,24.0,44,42,0.434,2.3,4.16,0.552,0.639,-0.087
2025-26,1629614,Andrew Nembhard,1610612754,IND,G-F,26.0,57,56,0.367,2.79,4.14,0.674,0.635,0.038
2025-26,1630178,Tyrese Maxey,1610612755,PHI,G,25.0,70,69,0.329,2.7,4.13,0.654,0.629,0.025
2025-26,1631230,Dominick Barlow,1610612755,PHI,F,22.0,70,69,0.364,2.19,4.1,0.533,0.634,-0.101
2025-26,1628374,Lauri Markkanen,1610612762,UTA,F-C,28.0,42,41,0.338,2.6,4.1,0.634,0.642,-0.008
2025-26,1626171,Bobby Portis,1610612749,MIL,F,31.0,67,67,0.392,2.88,4.09,0.704,0.642,0.062
2025-26,1629111,Jock Landale,1610612737,ATL,C,30.0,68,66,0.433,2.51,4.09,0.615,0.647,-0.032
2025-26,203468,CJ McCollum,1610612737,ATL,G,34.0,76,73,0.333,2.63,4.08,0.645,0.63,0.016
2025-26,1641774,Tristan Vukcevic,1610612764,WAS,F,23.0,48,42,0.476,2.52,4.08,0.617,0.646,-0.029
2025-26,1631221,Collin Gillespie,1610612756,PHX,G,26.0,80,79,0.364,2.66,4.06,0.655,0.637,0.018
2025-26,1628973,Jalen Brunson,1610612752,NYK,G,29.0,72,70,0.313,2.88,4.06,0.709,0.63,0.079
2025-26,1642874,Danny Wolf,1610612751,BKN,F,21.0,55,53,0.449,2.35,4.05,0.578,0.632,-0.054
2025-26,1626164,Devin Booker,1610612756,PHX,G,29.0,64,61,0.362,2.44,4.05,0.602,0.634,-0.031
2025-26,1630162,Anthony Edwards,1610612750,MIN,G,24.0,61,58,0.351,2.59,4.0,0.648,0.639,0.008
2025-26,1628384,OG Anunoby,1610612752,NYK,F-G,28.0,66,66,0.312,2.58,4.0,0.644,0.639,0.005
2025-26,1629639,Tyler Herro,1610612748,MIA,G,26.0,33,33,0.353,2.48,4.0,0.621,0.627,-0.006
2025-26,1630264,Anthony Gill,1610612764,WAS,F,33.0,47,40,0.422,2.47,3.98,0.62,0.635,-0.015
2025-26,1630611,Gui Santos,1610612744,GSW,F,23.0,65,61,0.405,2.69,3.97,0.678,0.63,0.048
2025-26,1628970,Miles Bridges,1610612766,CHA,F,28.0,77,73,0.343,2.4,3.96,0.607,0.64,-0.033
2025-26,203083,Andre Drummond,1610612755,PHI,C,32.0,62,59,0.397,2.76,3.94,0.701,0.658,0.043
2025-26,1630230,Naji Marshall,1610612742,DAL,F,28.0,74,71,0.364,2.51,3.93,0.639,0.643,-0.004
2025-26,1642907,Cedric Coward,1610612763,MEM,G,22.0,60,59,0.343,2.23,3.92,0.57,0.638,-0.068
2025-26,1641713,GG Jackson,1610612763,MEM,F,21.0,49,48,0.394,2.51,3.92,0.641,0.638,0.003
2025-26,1642274,Yves Missi,1610612740,NOP,C,21.0,66,60,0.362,2.08,3.91,0.531,0.644,-0.113
2025-26,1629636,Darius Garland,1610612746,LAC,G,26.0,45,42,0.336,2.58,3.91,0.659,0.63,0.029
2025-26,1628963,Marvin Bagley III,1610612742,DAL,F,27.0,60,58,0.383,2.27,3.9,0.581,0.651,-0.07
2025-26,1630193,Immanuel Quickley,1610612761,TOR,G,26.0,70,69,0.364,2.37,3.9,0.608,0.632,-0.024
2025-26,1630541,Moses Moody,1610612744,GSW,G,23.0,60,57,0.375,2.35,3.9,0.603,0.634,-0.031
2025-26,1630191,Isaiah Stewart,1610612765,DET,F-C,24.0,58,56,0.351,1.93,3.9,0.496,0.633,-0.138
2025-26,201566,Russell Westbrook,1610612758,SAC,G,37.0,64,62,0.426,2.7,3.89,0.695,0.646,0.049
2025-26,1642867,Collin Murray-Boyles,1610612761,TOR,F,20.0,56,51,0.387,2.41,3.89,0.619,0.645,-0.026
2025-26,1642846,Ace Bailey,1610612762,UTA,F,19.0,71,69,0.371,2.45,3.85,0.637,0.64,-0.003
2025-26,1642366,Quinten Post,1610612744,GSW,C,26.0,67,63,0.382,2.21,3.85,0.574,0.635,-0.062
2025-26,1631101,Shaedon Sharpe,1610612757,POR,G,22.0,50,47,0.374,2.76,3.84,0.719,0.631,0.088
2025-26,1641707,Taylor Hendricks,1610612763,MEM,F,22.0,56,54,0.457,2.36,3.84,0.614,0.642,-0.028
2025-26,203932,Aaron Gordon,1610612743,DEN,F,30.0,36,35,0.342,2.53,3.83,0.659,0.647,0.013
2025-26,1631107,Nikola Jović,1610612748,MIA,F,22.0,45,40,0.416,2.31,3.82,0.605,0.629,-0.025
2025-26,1628415,Dillon Brooks,1610612756,PHX,G-F,30.0,56,56,0.323,2.45,3.82,0.64,0.636,0.004
2025-26,201942,DeMar DeRozan,1610612758,SAC,G-F,36.0,77,76,0.409,2.53,3.81,0.666,0.65,0.016
2025-26,1641764,Brandin Podziemski,1610612744,GSW,G,23.0,82,79,0.398,2.41,3.8,0.635,0.64,-0.005
2025-26,202695,Kawhi Leonard,1610612746,LAC,F,34.0,65,63,0.364,2.72,3.77,0.722,0.646,0.076
2025-26,1641716,Jarace Walker,1610612754,IND,F,22.0,76,71,0.432,2.45,3.76,0.65,0.631,0.02
2025-26,1641757,Jordan Miller,1610612746,LAC,G,26.0,59,57,0.396,2.27,3.76,0.604,0.63,-0.026
2025-26,1629001,De'Anthony Melton,1610612744,GSW,G,27.0,49,48,0.426,2.51,3.76,0.668,0.631,0.038
2025-26,1630208,Nick Richards,1610612741,CHI,C,28.0,47,40,0.447,2.57,3.74,0.688,0.653,0.034
2025-26,1629014,Anfernee Simons,1610612741,CHI,G,26.0,55,54,0.419,2.35,3.73,0.629,0.625,0.004
2025-26,1627742,Brandon Ingram,1610612761,TOR,F,28.0,76,74,0.353,2.09,3.72,0.562,0.633,-0.071
2025-26,1630171,Isaac Okoro,1610612741,CHI,F-G,25.0,61,59,0.335,2.15,3.7,0.58,0.64,-0.06
2025-26,2544,LeBron James,1610612747,LAL,F,41.0,60,59,0.391,2.35,3.7,0.635,0.639,-0.004
2025-26,1631097,Bennedict Mathurin,1610612746,LAC,G-F,23.0,54,54,0.386,2.17,3.67,0.591,0.638,-0.047
2025-26,1631260,AJ Green,1610612749,MIL,G,26.0,78,73,0.306,2.36,3.65,0.646,0.628,0.017
2025-26,1642363,Nique Clifford,1610612758,SAC,G,24.0,75,72,0.363,2.33,3.64,0.641,0.633,0.008
2025-26,1641731,Bilal Coulibaly,1610612764,WAS,G,21.0,56,52,0.444,2.23,3.64,0.613,0.64,-0.028
2025-26,1642377,Jaylen Wells,1610612763,MEM,F,22.0,69,66,0.345,2.3,3.64,0.633,0.633,0.0
2025-26,1642264,Stephon Castle,1610612759,SAS,G,21.0,68,67,0.325,2.21,3.63,0.607,0.637,-0.029
2025-26,1630188,Jalen Smith,1610612741,CHI,F-C,26.0,52,51,0.389,1.9,3.63,0.524,0.638,-0.115
2025-26,1629011,Mitchell Robinson,1610612752,NYK,C-F,28.0,58,54,0.385,2.26,3.62,0.624,0.639,-0.016
2025-26,1630532,Franz Wagner,1610612753,ORL,F,24.0,34,33,0.301,2.15,3.62,0.593,0.637,-0.044
2025-26,203897,Zach LaVine,1610612758,SAC,G,31.0,39,38,0.326,2.72,3.62,0.752,0.659,0.093
2025-26,1628392,Isaiah Hartenstein,1610612760,OKC,C-F,27.0,47,43,0.303,1.79,3.6,0.497,0.65,-0.153
2025-26,1629731,Dean Wade,1610612739,CLE,F-C,29.0,58,55,0.369,2.16,3.59,0.601,0.631,-0.03
2025-26,1630529,Herbert Jones,1610612740,NOP,F,27.0,56,54,0.393,2.18,3.59,0.607,0.649,-0.042
2025-26,1630200,Tre Jones,1610612741,CHI,G,26.0,64,61,0.383,2.45,3.58,0.686,0.626,0.06
2025-26,1642262,Cody Williams,1610612762,UTA,F,21.0,64,57,0.405,2.22,3.58,0.62,0.642,-0.022
2025-26,1628989,Kevin Huerter,1610612765,DET,G-F,27.0,69,66,0.386,2.16,3.57,0.606,0.63,-0.024
2025-26,1641717,Cason Wallace,1610612760,OKC,G,22.0,77,76,0.304,2.09,3.57,0.585,0.632,-0.047
2025-26,1630224,Jalen Green,1610612756,PHX,G,24.0,32,28,0.397,1.84,3.56,0.518,0.632,-0.115
2025-26,1641854,Craig Porter Jr.,1610612739,CLE,G,26.0,63,58,0.417,2.08,3.56,0.585,0.625,-0.041
2025-26,1630249,Vít Krejčí,1610612757,POR,G,25.0,65,63,0.419,2.11,3.54,0.596,0.616,-0.021
2025-26,1642285,Cam Spencer,1610612763,MEM,G,26.0,72,65,0.417,2.33,3.54,0.659,0.631,0.027
2025-26,1629611,Terance Mann,1610612751,BKN,G-F,29.0,62,59,0.392,2.24,3.53,0.635,0.629,0.006
2025-26,1642848,Tre Johnson,1610612764,WAS,G,20.0,59,57,0.419,2.31,3.53,0.654,0.619,0.035
2025-26,1630703,Scoot Henderson,1610612757,POR,G,22.0,30,30,0.403,2.07,3.53,0.585,0.632,-0.048
2025-26,1631121,Bryce McGowens,1610612740,NOP,G,23.0,40,36,0.381,2.58,3.53,0.73,0.653,0.077
2025-26,1630170,Devin Vassell,1610612759,SAS,G-F,25.0,67,65,0.371,2.16,3.51,0.617,0.638,-0.021
2025-26,201567,Kevin Love,1610612762,UTA,F-C,37.0,35,33,0.447,2.46,3.51,0.699,0.655,0.044
2025-26,1628381,John Collins,1610612746,LAC,F-C,28.0,69,66,0.317,2.1,3.49,0.602,0.645,-0.043
2025-26,1631119,Jaylin Williams,1610612760,OKC,F,23.0,65,60,0.328,1.98,3.48,0.571,0.638,-0.067
2025-26,1631342,Daeqwon Plowden,1610612758,SAC,G-F,27.0,32,30,0.355,2.0,3.47,0.577,0.639,-0.062
2025-26,1642277,Johnny Furphy,1610612754,IND,G,21.0,34,32,0.383,2.26,3.47,0.653,0.634,0.019
2025-26,203507,Giannis Antetokounmpo,1610612749,MIL,F,31.0,36,32,0.367,1.75,3.47,0.504,0.642,-0.138
2025-26,203939,Dwight Powell,1610612742,DAL,F-C,34.0,57,49,0.398,2.12,3.46,0.614,0.651,-0.036
2025-26,1642267,Bub Carrington,1610612764,WAS,G,20.0,82,74,0.385,2.33,3.46,0.673,0.635,0.038
2025-26,1642258,Zaccharie Risacher,1610612737,ATL,F,21.0,67,61,0.369,2.24,3.45,0.649,0.632,0.017
2025-26,1642860,Will Riley,1610612764,WAS,F,20.0,71,64,0.453,2.24,3.45,0.649,0.634,0.015
2025-26,1628960,Grayson Allen,1610612756,PHX,G,30.0,51,48,0.317,2.22,3.45,0.642,0.628,0.014
2025-26,202710,Jimmy Butler III,1610612744,GSW,F,36.0,38,36,0.349,2.39,3.45,0.695,0.638,0.057
2025-26,1630558,Davion Mitchell,1610612748,MIA,G,27.0,70,67,0.308,2.24,3.44,0.651,0.636,0.016
2025-26,1630549,Day'Ron Sharpe,1610612751,BKN,C,24.0,62,61,0.431,2.16,3.44,0.629,0.632,-0.003
2025-26,202699,Tobias Harris,1610612765,DET,F,33.0,63,59,0.344,2.02,3.44,0.585,0.632,-0.047
2025-26,1641708,Amen Thompson,1610612745,HOU,G-F,23.0,79,78,0.344,2.11,3.43,0.616,0.634,-0.017
2025-26,1630311,Pat Spencer,1610612744,GSW,G,29.0,60,58,0.453,2.33,3.42,0.683,0.634,0.049
2025-26,1642266,Ja'Kobe Walter,1610612761,TOR,G,21.0,71,69,0.4,2.01,3.39,0.593,0.631,-0.038
2025-26,1629656,Quentin Grimes,1610612755,PHI,G,25.0,74,70,0.341,2.12,3.38,0.628,0.628,0.0
2025-26,1630577,Julian Champagnie,1610612759,SAS,F,24.0,82,77,0.332,2.06,3.37,0.612,0.627,-0.015
2025-26,201950,Jrue Holiday,1610612757,POR,G,35.0,53,49,0.319,2.06,3.36,0.612,0.635,-0.022
2025-26,1630573,Sam Hauser,1610612738,BOS,F,28.0,78,74,0.345,2.03,3.36,0.603,0.631,-0.028
2025-26,1629057,Robert Williams III,1610612757,POR,C-F,28.0,59,55,0.355,1.68,3.36,0.5,0.642,-0.142
2025-26,1630619,Moussa Cisse,1610612742,DAL,C,23.0,36,33,0.435,1.97,3.36,0.587,0.648,-0.062
2025-26,1629130,Duncan Robinson,1610612765,DET,F,31.0,77,74,0.343,1.86,3.35,0.554,0.626,-0.072
2025-26,1642281,Jaylon Tyson,1610612739,CLE,G-F,23.0,66,62,0.305,1.94,3.35,0.579,0.621,-0.042
2025-26,1631245,Quenton Jackson,1610612754,IND,G,27.0,46,40,0.387,1.98,3.33,0.595,0.631,-0.036
2025-26,1630568,Luka Garza,1610612738,BOS,C,27.0,67,64,0.383,2.1,3.33,0.632,0.64,-0.007
2025-26,1628398,Kyle Kuzma,1610612749,MIL,F,30.0,69,65,0.356,1.93,3.33,0.578,0.633,-0.054
2025-26,1642949,Yanic Konan Niederhäuser,1610612746,LAC,C,23.0,34,30,0.528,1.94,3.32,0.584,0.633,-0.049
2025-26,1641709,Ausar Thompson,1610612765,DET,G-F,23.0,72,70,0.316,1.88,3.31,0.567,0.634,-0.067
2025-26,1629048,Goga Bitadze,1610612753,ORL,C-F,26.0,63,58,0.432,1.75,3.3,0.529,0.63,-0.101
2025-26,1641737,Adem Bona,1610612755,PHI,F,23.0,70,64,0.4,1.87,3.29,0.57,0.654,-0.085
2025-26,1629631,De'Andre Hunter,1610612758,SAC,F-G,28.0,45,43,0.344,2.07,3.29,0.628,0.648,-0.02
2025-26,1642849,Nolan Traore,1610612751,BKN,G,19.0,54,50,0.392,2.17,3.28,0.661,0.64,0.021
2025-26,1629661,Cameron Johnson,1610612743,DEN,F,30.0,54,53,0.31,2.15,3.28,0.655,0.635,0.02
2025-26,1629673,Jordan Poole,1610612740,NOP,G,26.0,39,38,0.373,2.13,3.28,0.648,0.63,0.019
2025-26,1630194,Paul Reed,1610612765,DET,F,26.0,63,55,0.436,1.86,3.27,0.568,0.643,-0.075
2025-26,1642879,Ben Saraf,1610612751,BKN,G,20.0,43,41,0.4,2.19,3.26,0.671,0.634,0.038
2025-26,1631165,Keon Ellis,1610612739,CLE,G,26.0,72,66,0.362,1.96,3.26,0.6,0.634,-0.034
2025-26,1631250,Pete Nance,1610612749,MIL,F,26.0,39,34,0.394,2.05,3.26,0.63,0.629,0.001
2025-26,1631255,Karlo Matković,1610612740,NOP,F-C,25.0,61,57,0.436,1.79,3.25,0.551,0.642,-0.091
2025-26,1629627,Zion Williamson,1610612740,NOP,F,25.0,62,59,0.311,2.0,3.24,0.617,0.641,-0.024
2025-26,1630533,Ziaire Williams,1610612751,BKN,F,24.0,55,54,0.345,2.15,3.24,0.663,0.632,0.031
2025-26,1641783,Tristan da Silva,1610612753,ORL,F,24.0,77,73,0.332,2.05,3.23,0.635,0.631,0.003
2025-26,1630163,LaMelo Ball,1610612766,CHA,G,24.0,72,66,0.403,2.07,3.22,0.642,0.623,0.019
2025-26,201939,Stephen Curry,1610612744,GSW,G,38.0,43,41,0.333,1.93,3.21,0.601,0.625,-0.024
2025-26,1641729,Brice Sensabaugh,1610612762,UTA,F,22.0,73,67,0.346,2.3,3.18,0.724,0.636,0.088
2025-26,1630217,Desmond Bane,1610612753,ORL,G,27.0,82,78,0.301,2.01,3.17,0.635,0.632,0.002
2025-26,1641796,Pelle Larsson,1610612748,MIA,G,25.0,69,61,0.311,1.97,3.17,0.621,0.634,-0.013
2025-26,1629060,Rui Hachimura,1610612747,LAL,F,28.0,68,64,0.336,2.12,3.16,0.67,0.642,0.028
2025-26,1630245,Ayo Dosunmu,1610612750,MIN,G,26.0,69,66,0.365,1.83,3.16,0.578,0.629,-0.051
2025-26,203114,Khris Middleton,1610612742,DAL,F,34.0,63,62,0.359,1.79,3.16,0.568,0.641,-0.073
2025-26,1642914,Javon Small,1610612763,MEM,G,23.0,37,34,0.401,1.86,3.16,0.59,0.618,-0.028
2025-26,1631114,Jalen Williams,1610612760,OKC,G-F,24.0,33,29,0.387,1.85,3.15,0.587,0.641,-0.055
2025-26,1630172,Patrick Williams,1610612741,CHI,F,24.0,71,66,0.379,2.1,3.15,0.665,0.638,0.027
2025-26,1627884,Derrick Jones Jr.,1610612746,LAC,F,29.0,50,45,0.317,1.86,3.12,0.596,0.637,-0.041
2025-26,1630314,Brandon Williams,1610612742,DAL,G,26.0,66,63,0.354,1.98,3.12,0.636,0.626,0.01
2025-26,1630180,Saddiq Bey,1610612740,NOP,G-F,27.0,72,71,0.345,2.08,3.08,0.676,0.648,0.028
2025-26,1642883,Sion James,1610612766,CHA,G,23.0,82,78,0.336,1.76,3.07,0.571,0.643,-0.071
2025-26,1627759,Jaylen Brown,1610612738,BOS,G-F,29.0,71,68,0.271,1.73,3.07,0.564,0.622,-0.057
2025-26,1627739,Kris Dunn,1610612746,LAC,G,32.0,82,77,0.292,1.95,3.06,0.637,0.633,0.004
2025-26,1630241,Sam Merrill,1610612739,CLE,G,29.0,52,50,0.333,2.06,3.06,0.673,0.645,0.028
2025-26,1630540,Miles McBride,1610612752,NYK,G,25.0,41,37,0.298,1.9,3.05,0.624,0.623,0.001
2025-26,1642866,Joan Beringer,1610612750,MIN,F,19.0,37,31,0.554,1.54,3.05,0.504,0.622,-0.117
2025-26,203924,Jerami Grant,1610612757,POR,F,32.0,57,55,0.339,2.02,3.04,0.665,0.632,0.033
2025-26,1628418,Thomas Bryant,1610612739,CLE,C-F,28.0,56,49,0.444,1.7,3.04,0.559,0.639,-0.08
2025-26,1631159,Leonard Miller,1610612741,CHI,F,22.0,36,31,0.349,1.89,3.03,0.624,0.639,-0.015
2025-26,1641775,Jordan Walsh,1610612738,BOS,G,22.0,65,57,0.411,1.65,3.03,0.543,0.618,-0.075
2025-26,1630598,Aaron Wiggins,1610612760,OKC,G,27.0,65,63,0.329,1.86,3.03,0.614,0.641,-0.026
2025-26,1629632,Coby White,1610612766,CHA,G,26.0,50,42,0.347,1.76,3.02,0.583,0.632,-0.049
2025-26,1631106,Tari Eason,1610612745,HOU,F,24.0,60,56,0.332,1.98,3.02,0.657,0.641,0.017
2025-26,1628368,De'Aaron Fox,1610612759,SAS,G,28.0,72,66,0.263,1.94,3.01,0.645,0.626,0.019
2025-26,1642382,Branden Carlson,1610612760,OKC,C,26.0,38,28,0.396,1.74,3.0,0.579,0.634,-0.055
2025-26,1628379,Luke Kennard,1610612747,LAL,G,29.0,77,71,0.379,1.95,3.0,0.649,0.627,0.022
2025-26,1642268,Isaiah Collier,1610612762,UTA,G,21.0,58,57,0.315,2.1,3.0,0.701,0.64,0.061
2025-26,1642857,Kasparas Jakučionis,1610612748,MIA,G,19.0,50,45,0.346,1.84,3.0,0.613,0.642,-0.029
2025-26,1630202,Payton Pritchard,1610612738,BOS,G,28.0,79,76,0.297,1.97,2.99,0.661,0.626,0.035
2025-26,1629652,Luguentz Dort,1610612760,OKC,G,26.0,69,63,0.289,1.71,2.97,0.576,0.638,-0.063
2025-26,1630192,Zeke Nnaji,1610612743,DEN,F-C,25.0,46,37,0.433,1.52,2.96,0.515,0.638,-0.123
2025-26,1626181,Norman Powell,1610612748,MIA,G,32.0,57,54,0.345,2.09,2.96,0.704,0.639,0.065
2025-26,1631200,Kris Murray,1610612757,POR,F,25.0,57,54,0.402,1.63,2.95,0.554,0.626,-0.073
2025-26,1631246,Vince Williams Jr.,1610612762,UTA,G,25.0,40,35,0.331,1.78,2.95,0.602,0.644,-0.042
2025-26,1631169,Josh Minott,1610612751,BKN,F,23.0,47,42,0.383,1.66,2.94,0.565,0.642,-0.077
2025-26,1628378,Donovan Mitchell,1610612739,CLE,G,29.0,70,69,0.301,1.71,2.93,0.585,0.641,-0.055
2025-26,1630228,Jonathan Kuminga,1610612737,ATL,F,23.0,36,34,0.355,1.78,2.92,0.61,0.631,-0.022
2025-26,1627824,Guerschon Yabusele,1610612741,CHI,F,30.0,66,53,0.45,1.83,2.91,0.63,0.645,-0.015
2025-26,1627741,Buddy Hield,1610612737,ATL,G,33.0,51,49,0.391,1.69,2.9,0.581,0.616,-0.035
2025-26,1628971,Bruce Brown,1610612743,DEN,G-F,29.0,82,75,0.29,1.99,2.88,0.691,0.634,0.057
2025-26,203501,Tim Hardaway Jr.,1610612743,DEN,G-F,34.0,80,74,0.304,2.06,2.85,0.724,0.633,0.091
2025-26,1642275,Tidjane Salaün,1610612766,CHA,F,20.0,34,29,0.402,1.53,2.85,0.536,0.62,-0.084
2025-26,203937,Kyle Anderson,1610612750,MIN,F-G,32.0,43,39,0.366,2.0,2.79,0.717,0.632,0.085
2025-26,1642954,Will Richard,1610612744,GSW,G,23.0,67,61,0.341,1.78,2.78,0.64,0.617,0.023
2025-26,1630538,Bones Hyland,1610612750,MIN,G,25.0,69,60,0.395,1.8,2.78,0.646,0.63,0.016
2025-26,1629637,Jaxson Hayes,1610612747,LAL,C-F,25.0,66,53,0.329,1.79,2.77,0.645,0.643,0.002
2025-26,1642346,Ryan Dunn,1610612756,PHX,F,23.0,69,59,0.363,1.59,2.77,0.576,0.631,-0.056
2025-26,1631218,Trayce Jackson-Davis,1610612761,TOR,F,26.0,47,38,0.474,1.36,2.77,0.492,0.63,-0.137
2025-26,1629012,Collin Sexton,1610612741,CHI,G,27.0,67,62,0.317,1.63,2.76,0.589,0.629,-0.04
2025-26,1631248,Baylor Scheierman,1610612738,BOS,G,25.0,74,64,0.366,1.51,2.76,0.549,0.624,-0.075
2025-26,1629234,Drew Eubanks,1610612758,SAC,F-C,29.0,41,36,0.386,1.66,2.76,0.602,0.658,-0.057
2025-26,1630560,Cam Thomas,1610612749,MIL,G,24.0,42,38,0.399,1.98,2.74,0.722,0.642,0.08
2025-26,1628997,Caleb Martin,1610612742,DAL,F,30.0,57,52,0.422,1.6,2.74,0.583,0.632,-0.049
2025-26,1642272,Jared McCain,1610612760,OKC,G,22.0,66,57,0.383,1.65,2.74,0.602,0.633,-0.031
2025-26,1642383,Walter Clayton Jr.,1610612763,MEM,G,23.0,68,61,0.293,1.84,2.69,0.683,0.624,0.059
2025-26,1642962,Drake Powell,1610612751,BKN,G-F,20.0,61,55,0.432,1.77,2.67,0.663,0.626,0.037
2025-26,1642948,Ryan Nembhard,1610612742,DAL,G,23.0,60,51,0.356,1.57,2.67,0.588,0.634,-0.046
2025-26,1642869,Noah Penda,1610612753,ORL,G-F,21.0,56,52,0.427,1.68,2.66,0.631,0.639,-0.008
2025-26,1631172,Ousmane Dieng,1610612749,MIL,F,22.0,57,46,0.331,1.75,2.65,0.662,0.628,0.034
2025-26,1642450,Daniss Jenkins,1610612765,DET,G,24.0,69,55,0.365,1.83,2.65,0.689,0.633,0.056
2025-26,1630702,Jaden Hardy,1610612764,WAS,G,23.0,51,45,0.467,1.69,2.63,0.642,0.624,0.017
2025-26,203935,Marcus Smart,1610612747,LAL,G,32.0,62,58,0.273,1.68,2.63,0.638,0.628,0.01
2025-26,203471,Dennis Schröder,1610612739,CLE,G,32.0,70,64,0.305,1.76,2.63,0.668,0.631,0.037
2025-26,1642880,Kam Jones,1610612754,IND,G,24.0,32,28,0.449,1.72,2.63,0.655,0.617,0.038
2025-26,1631093,Jaden Ivey,1610612741,CHI,G,24.0,37,31,0.388,1.65,2.62,0.629,0.616,0.013
2025-26,1629640,Keldon Johnson,1610612759,SAS,F-G,26.0,82,76,0.348,1.56,2.61,0.598,0.638,-0.04
2025-26,1628370,Malik Monk,1610612758,SAC,G,28.0,62,55,0.363,1.63,2.6,0.627,0.623,0.005
2025-26,1641712,Rayan Rupert,1610612763,MEM,G-F,21.0,58,46,0.391,1.67,2.59,0.647,0.625,0.022
2025-26,1643007,Taelon Peter,1610612754,IND,G,24.0,34,26,0.398,1.82,2.59,0.705,0.619,0.086
2025-26,1630570,Trendon Watford,1610612755,PHI,G-F,25.0,50,43,0.351,1.68,2.58,0.651,0.639,0.012
2025-26,1629684,Grant Williams,1610612766,CHA,F,27.0,36,30,0.304,1.5,2.58,0.581,0.631,-0.05
2025-26,1630692,Jordan Goodwin,1610612756,PHX,G,27.0,70,64,0.343,1.63,2.57,0.633,0.627,0.006
2025-26,1627747,Caris LeVert,1610612765,DET,G,31.0,60,55,0.327,1.48,2.57,0.578,0.631,-0.053
2025-26,1629020,Jarred Vanderbilt,1610612747,LAL,F,27.0,63,56,0.435,1.7,2.56,0.665,0.646,0.019
2025-26,203991,Clint Capela,1610612745,HOU,C,31.0,74,67,0.413,1.18,2.54,0.463,0.641,-0.178
2025-26,201144,Mike Conley,1610612750,MIN,G,38.0,53,48,0.352,1.6,2.53,0.634,0.621,0.013
2025-26,1642854,Asa Newell,1610612737,ATL,F,20.0,39,33,0.45,1.46,2.51,0.582,0.64,-0.058
2025-26,1630536,Sharife Cooper,1610612764,WAS,G,24.0,39,32,0.389,1.79,2.51,0.714,0.627,0.087
2025-26,1630696,Dru Smith,1610612748,MIA,G,28.0,70,62,0.334,1.56,2.51,0.619,0.626,-0.007
2025-26,1628366,Lonzo Ball,1610612739,CLE,G,28.0,35,31,0.309,1.43,2.51,0.568,0.63,-0.062
2025-26,1629004,Svi Mykhailiuk,1610612762,UTA,G-F,28.0,50,42,0.278,1.72,2.5,0.688,0.641,0.047
2025-26,1642265,Rob Dillingham,1610612741,CHI,G,21.0,61,54,0.408,1.67,2.48,0.675,0.633,0.042
2025-26,1642863,Khaman Maluach,1610612756,PHX,C,19.0,43,35,0.467,1.09,2.47,0.443,0.642,-0.199
2025-26,1641842,Ronald Holland II,1610612765,DET,F,20.0,78,72,0.357,1.47,2.46,0.599,0.625,-0.027
2025-26,1642348,Justin Edwards,1610612755,PHI,F,22.0,55,43,0.405,1.67,2.45,0.681,0.623,0.059
2025-26,202685,Jonas Valančiūnas,1610612743,DEN,C,33.0,63,54,0.354,1.4,2.43,0.575,0.636,-0.061
2025-26,203084,Harrison Barnes,1610612759,SAS,F,33.0,77,71,0.279,1.52,2.4,0.632,0.639,-0.007
2025-26,202691,Klay Thompson,1610612742,DAL,G,36.0,69,63,0.367,1.32,2.39,0.552,0.629,-0.077
2025-26,201587,Nicolas Batum,1610612746,LAC,G-F,37.0,71,63,0.388,1.42,2.37,0.601,0.626,-0.025
2025-26,1631243,Mouhamed Gueye,1610612737,ATL,F,23.0,75,62,0.364,1.39,2.37,0.584,0.647,-0.063
2025-26,1630198,Isaiah Joe,1610612760,OKC,G,26.0,71,63,0.317,1.51,2.37,0.637,0.64,-0.003
2025-26,1630592,Jalen Wilson,1610612751,BKN,F,25.0,51,42,0.375,1.61,2.37,0.678,0.632,0.045
2025-26,1642844,Dylan Harper,1610612759,SAS,G,20.0,69,59,0.337,1.36,2.35,0.58,0.62,-0.04
2025-26,1642269,Devin Carter,1610612758,SAC,G,24.0,37,29,0.311,1.7,2.35,0.724,0.627,0.097
2025-26,1631207,Dalen Terry,1610612755,PHI,F,23.0,41,35,0.422,1.41,2.32,0.611,0.618,-0.007
2025-26,1631288,Jamal Cain,1610612753,ORL,F,27.0,35,27,0.363,1.6,2.31,0.691,0.614,0.078
2025-26,1629750,Javonte Green,1610612765,DET,G,32.0,81,75,0.374,1.3,2.31,0.561,0.641,-0.08
2025-26,1628467,Maxi Kleber,1610612747,LAL,F,34.0,40,33,0.345,1.53,2.3,0.663,0.634,0.029
2025-26,1630557,Corey Kispert,1610612737,ATL,F,27.0,58,49,0.305,1.34,2.29,0.586,0.63,-0.043
2025-26,1641767,Ben Sheppard,1610612754,IND,G,24.0,65,62,0.324,1.45,2.28,0.635,0.632,0.003
2025-26,1642920,Kobe Sanders,1610612746,LAC,G,23.0,67,61,0.333,1.3,2.28,0.569,0.635,-0.067
2025-26,1629006,Josh Okogie,1610612745,HOU,G,27.0,75,62,0.378,1.36,2.28,0.596,0.625,-0.028
2025-26,1631323,Simone Fontecchio,1610612748,MIA,F,30.0,68,60,0.336,1.31,2.28,0.574,0.628,-0.053
2025-26,1642461,Spencer Jones,1610612743,DEN,F,24.0,62,49,0.279,1.42,2.27,0.624,0.641,-0.017
2025-26,1631321,Sidy Cissoko,1610612757,POR,G,22.0,70,60,0.37,1.39,2.26,0.614,0.642,-0.028
2025-26,1630631,Jose Alvarado,1610612752,NYK,G,28.0,68,58,0.331,1.57,2.26,0.695,0.632,0.063
2025-26,1641722,Jordan Hawkins,1610612740,NOP,G,23.0,50,41,0.385,1.48,2.24,0.661,0.628,0.032
2025-26,1642349,Ajay Mitchell,1610612760,OKC,G,23.0,57,49,0.27,1.23,2.23,0.551,0.62,-0.069
2025-26,1630579,Jericho Sims,1610612749,MIL,C,27.0,64,53,0.299,1.45,2.2,0.66,0.648,0.012
2025-26,1641738,Kobe Brown,1610612754,IND,F,26.0,57,44,0.36,1.25,2.19,0.568,0.633,-0.065
2025-26,1628975,Jevon Carter,1610612753,ORL,G,30.0,49,43,0.335,1.43,2.18,0.654,0.616,0.038
2025-26,1631110,Jeremy Sochan,1610612752,NYK,F,22.0,37,24,0.402,1.32,2.16,0.613,0.63,-0.017
2025-26,1627780,Gary Payton II,1610612744,GSW,G,33.0,71,63,0.377,1.34,2.14,0.625,0.635,-0.01
2025-26,203903,Jordan Clarkson,1610612752,NYK,G,33.0,69,56,0.348,1.25,2.12,0.589,0.627,-0.038
2025-26,1629013,Landry Shamet,1610612752,NYK,G,29.0,49,39,0.249,1.24,2.12,0.587,0.617,-0.031
2025-26,1631123,Jamaree Bouyea,1610612756,PHX,G,26.0,41,34,0.39,1.24,2.12,0.586,0.626,-0.04
2025-26,1628396,Tony Bradley,1610612737,ATL,C-F,28.0,34,28,0.389,1.18,2.12,0.556,0.642,-0.087
2025-26,1631126,Caleb Love,1610612757,POR,G,24.0,45,38,0.337,1.58,2.11,0.747,0.627,0.121
2025-26,1629021,Moritz Wagner,1610612753,ORL,F-C,28.0,35,27,0.388,1.34,2.09,0.644,0.657,-0.013
2025-26,1629018,Gary Trent Jr.,1610612749,MIL,G,27.0,58,46,0.33,1.36,2.07,0.658,0.625,0.033
2025-26,1631213,Tyrese Martin,1610612755,PHI,F,27.0,44,37,0.341,1.2,2.07,0.582,0.631,-0.049
2025-26,1627936,Alex Caruso,1610612760,OKC,G,32.0,56,49,0.29,1.36,2.05,0.661,0.641,0.02
2025-26,1642347,Jamal Shead,1610612761,TOR,G,23.0,81,67,0.273,1.44,2.04,0.709,0.625,0.084
2025-26,1642864,Hugo González,1610612738,BOS,G,20.0,70,58,0.321,1.09,2.01,0.539,0.63,-0.091
2025-26,1641772,Nae'Qwan Tomlin,1610612739,CLE,F,25.0,61,50,0.319,1.08,2.0,0.541,0.631,-0.09
2025-26,1630574,Ariel Hukporti,1610612752,NYK,C,24.0,50,37,0.407,1.04,1.98,0.525,0.635,-0.109
2025-26,1627827,Dorian Finney-Smith,1610612745,HOU,F,32.0,37,30,0.319,1.38,1.97,0.699,0.652,0.047
2025-26,1630175,Cole Anthony,1610612749,MIL,G,25.0,33,27,0.301,1.3,1.97,0.662,0.631,0.031
2025-26,1630544,Tre Mann,1610612766,CHA,G,25.0,47,33,0.362,1.36,1.96,0.696,0.637,0.059
2025-26,1630534,Ochai Agbaji,1610612751,BKN,G,25.0,60,44,0.307,1.2,1.93,0.621,0.62,0.001
2025-26,203484,Kentavious Caldwell-Pope,1610612763,MEM,G,33.0,50,42,0.336,1.48,1.92,0.771,0.638,0.133
2025-26,1626204,Larry Nance Jr.,1610612739,CLE,F-C,33.0,32,26,0.339,1.25,1.91,0.656,0.647,0.009
2025-26,1642853,Rasheer Fleming,1610612756,PHX,F,21.0,48,42,0.391,0.98,1.9,0.516,0.621,-0.104
2025-26,1642877,Micah Peavy,1610612740,NOP,G-F,24.0,57,38,0.374,1.05,1.89,0.556,0.645,-0.089
2025-26,203914,Gary Harris,1610612749,MIL,G,31.0,47,36,0.313,1.32,1.89,0.697,0.636,0.061
2025-26,1629618,Jalen Pickett,1610612743,DEN,G,26.0,42,34,0.299,1.0,1.88,0.532,0.622,-0.09
2025-26,204456,T.J. McConnell,1610612754,IND,G,34.0,56,45,0.339,1.2,1.88,0.638,0.624,0.014
2025-26,1641711,Gradey Dick,1610612761,TOR,G-F,22.0,69,57,0.333,1.33,1.87,0.713,0.617,0.096
2025-26,203482,Kelly Olynyk,1610612759,SAS,F-C,34.0,40,29,0.335,1.13,1.83,0.616,0.64,-0.023
2025-26,1629026,Kenrich Williams,1610612760,OKC,G-F,31.0,54,44,0.349,1.2,1.83,0.657,0.649,0.008
2025-26,1642868,Carter Bryant,1610612759,SAS,F,20.0,67,47,0.315,0.96,1.82,0.525,0.626,-0.102
2025-26,1626145,Tyus Jones,1610612743,DEN,G,29.0,65,54,0.368,1.34,1.8,0.744,0.627,0.117
2025-26,1631133,Jabari Walker,1610612755,PHI,F,23.0,61,49,0.397,1.16,1.8,0.645,0.646,-0.001
2025-26,1641740,Jaylen Clark,1610612750,MIN,G,24.0,64,53,0.333,0.97,1.78,0.544,0.628,-0.084
2025-26,1628371,Jonathan Isaac,1610612753,ORL,F,28.0,45,37,0.454,0.91,1.76,0.519,0.64,-0.121
2025-26,1642261,Dalton Knecht,1610612747,LAL,F,24.0,45,34,0.399,1.2,1.76,0.684,0.63,0.053
2025-26,1631124,Julian Strawther,1610612743,DEN,G,23.0,51,38,0.309,1.2,1.73,0.693,0.641,0.052
2025-26,1642367,Jonathan Mogbo,1610612761,TOR,F,24.0,31,23,0.473,0.97,1.71,0.566,0.61,-0.043
2025-26,1642355,Bronny James,1610612747,LAL,G,21.0,36,26,0.442,1.36,1.69,0.803,0.659,0.145
2025-26,1629216,Gabe Vincent,1610612737,ATL,G,29.0,53,46,0.268,1.08,1.66,0.648,0.619,0.029
2025-26,1641748,Andre Jackson Jr.,1610612749,MIL,G,24.0,40,30,0.426,1.05,1.65,0.636,0.628,0.009
2025-26,1642878,Tyrese Proctor,1610612739,CLE,G,22.0,44,34,0.396,0.91,1.64,0.556,0.628,-0.073
2025-26,1628988,Aaron Holiday,1610612745,HOU,G,29.0,52,34,0.299,1.08,1.62,0.667,0.629,0.037
2025-26,1630545,Terrence Shannon Jr.,1610612750,MIN,G-F,25.0,41,28,0.388,1.0,1.61,0.621,0.641,-0.02
2025-26,1642278,Tyler Kolek,1610612752,NYK,G,25.0,52,34,0.319,0.92,1.6,0.578,0.616,-0.038
2025-26,1630811,Keaton Wallace,1610612737,ATL,G,27.0,44,30,0.322,1.09,1.57,0.696,0.633,0.063
2025-26,1642905,Yang Hansen,1610612757,POR,C,20.0,42,35,0.304,0.86,1.5,0.571,0.63,-0.059
2025-26,1642066,Myron Gardner,1610612748,MIA,F,24.0,38,26,0.363,0.92,1.5,0.614,0.632,-0.018
2025-26,1630256,Jae'Sean Tate,1610612745,HOU,F,30.0,39,28,0.363,0.92,1.49,0.621,0.623,-0.003
2025-26,1641724,Jett Howard,1610612753,ORL,G,22.0,51,35,0.357,0.94,1.49,0.632,0.629,0.002
2025-26,1642419,Jamison Battle,1610612761,TOR,F,24.0,49,34,0.425,0.8,1.45,0.549,0.626,-0.077
2025-26,1630182,Josh Green,1610612766,CHA,G,25.0,56,41,0.288,0.89,1.41,0.633,0.629,0.003
2025-26,1642859,Jase Richardson,1610612753,ORL,G,20.0,45,35,0.368,0.89,1.4,0.635,0.625,0.01
2025-26,1630587,Isaiah Livers,1610612756,PHX,F,27.0,33,23,0.348,0.88,1.39,0.63,0.628,0.003
2025-26,1631204,Marcus Sasser,1610612765,DET,G,25.0,33,22,0.306,0.85,1.36,0.622,0.639,-0.017
2025-26,1642358,AJ Johnson,1610612742,DAL,G,21.0,40,26,0.342,0.78,1.35,0.574,0.6,-0.026
2025-26,1642964,Brooks Barnhizer,1610612760,OKC,G,24.0,35,23,0.324,0.83,1.31,0.63,0.619,0.012
2025-26,1642353,Cam Christie,1610612746,LAC,G,20.0,48,29,0.305,0.75,1.25,0.6,0.626,-0.026
2025-26,1629599,Amir Coffey,1610612756,PHX,G-F,28.0,40,28,0.345,0.58,1.23,0.469,0.619,-0.15
2025-26,1642885,Mohamed Diawara,1610612752,NYK,F,20.0,58,37,0.346,0.81,1.22,0.662,0.63,0.032
2025-26,1626192,Pat Connaughton,1610612766,CHA,G,33.0,32,20,0.31,0.69,1.22,0.564,0.643,-0.079
2025-26,1641763,Julian Phillips,1610612750,MIN,F,22.0,37,23,0.304,0.65,1.14,0.571,0.625,-0.054
2025-26,1629162,Jordan McLaughlin,1610612759,SAS,G,30.0,33,17,0.333,0.73,0.97,0.75,0.592,0.158
2025-26,1630322,Lindy Waters III,1610612759,SAS,F,28.0,34,19,0.253,0.41,0.68,0.609,0.636,-0.027
