Season,SEASON_ID,PLAYER_ID,PLAYER_NAME,TEAM_ID,TEAM_ABBREVIATION,TEAM_NAME,PLAY_TYPE,TYPE_GROUPING,PERCENTILE,GP,POSS_PCT,PPP,FG_PCT,FT_POSS_PCT,TOV_POSS_PCT,SF_POSS_PCT,PLUSONE_POSS_PCT,SCORE_POSS_PCT,EFG_PCT,POSS,PTS,FGM,FGA,FGMX
2025-26,22025,1627750,Jamal Murray,1610612743,DEN,Denver Nuggets,Handoff,Offensive,0.858,73,0.139,1.154,0.484,0.11,0.079,0.101,0.026,0.489,0.571,3.1,3.6,1.3,2.6,1.3
2025-26,22025,1629008,Michael Porter Jr.,1610612751,BKN,Brooklyn Nets,Handoff,Offensive,0.64,50,0.175,1.0,0.389,0.097,0.097,0.092,0.026,0.395,0.5,3.9,3.9,1.3,3.2,2.0
2025-26,22025,201939,Stephen Curry,1610612744,GSW,Golden State Warriors,Handoff,Offensive,0.996,40,0.121,1.607,0.585,0.134,0.063,0.116,0.036,0.589,0.803,2.8,4.5,1.4,2.4,1.0
2025-26,22025,201142,Kevin Durant,1610612745,HOU,Houston Rockets,Handoff,Offensive,0.804,76,0.081,1.104,0.58,0.09,0.16,0.083,0.028,0.514,0.616,1.9,2.1,0.9,1.5,0.6
2025-26,22025,1642851,Kon Knueppel,1610612766,CHA,Charlotte Hornets,Handoff,Offensive,0.596,78,0.11,0.986,0.419,0.099,0.099,0.099,0.021,0.415,0.496,1.8,1.8,0.6,1.5,0.9
2025-26,22025,1630178,Tyrese Maxey,1610612755,PHI,Philadelphia 76ers,Handoff,Offensive,0.822,67,0.069,1.139,0.5,0.09,0.123,0.09,0.033,0.467,0.605,1.8,2.1,0.7,1.5,0.7
2025-26,22025,1628973,Jalen Brunson,1610612752,NYK,New York Knicks,Handoff,Offensive,0.833,70,0.065,1.144,0.5,0.162,0.063,0.144,0.018,0.541,0.563,1.6,1.8,0.6,1.3,0.6
2025-26,22025,1629638,Nickeil Alexander-Walker,1610612737,ATL,Atlanta Hawks,Handoff,Offensive,0.778,76,0.08,1.095,0.473,0.095,0.147,0.095,0.026,0.44,0.571,1.5,1.7,0.6,1.2,0.6
2025-26,22025,1642846,Ace Bailey,1610612762,UTA,Utah Jazz,Handoff,Offensive,0.695,70,0.118,1.041,0.446,0.008,0.066,0.008,0.0,0.421,0.558,1.7,1.8,0.7,1.6,0.9
2025-26,22025,1630162,Anthony Edwards,1610612750,MIN,Minnesota Timberwolves,Handoff,Offensive,0.767,58,0.077,1.087,0.434,0.096,0.061,0.096,0.017,0.452,0.54,2.0,2.2,0.7,1.7,1.0
2025-26,22025,1628401,Derrick White,1610612738,BOS,Boston Celtics,Handoff,Offensive,0.52,75,0.102,0.939,0.41,0.106,0.129,0.106,0.03,0.402,0.471,1.8,1.7,0.6,1.4,0.8
2025-26,22025,1630217,Desmond Bane,1610612753,ORL,Orlando Magic,Handoff,Offensive,0.798,77,0.079,1.1,0.478,0.091,0.109,0.091,0.018,0.464,0.572,1.4,1.6,0.6,1.2,0.6
2025-26,22025,201942,DeMar DeRozan,1610612758,SAC,Sacramento Kings,Handoff,Offensive,0.949,74,0.075,1.28,0.654,0.097,0.075,0.097,0.011,0.634,0.673,1.3,1.6,0.7,1.1,0.4
2025-26,22025,203501,Tim Hardaway Jr.,1610612743,DEN,Denver Nuggets,Handoff,Offensive,0.898,78,0.114,1.19,0.446,0.16,0.02,0.15,0.01,0.52,0.566,1.3,1.5,0.5,1.1,0.6
2025-26,22025,1631221,Collin Gillespie,1610612756,PHX,Phoenix Suns,Handoff,Offensive,0.735,76,0.117,1.064,0.421,0.037,0.101,0.037,0.009,0.394,0.568,1.4,1.5,0.5,1.3,0.7
2025-26,22025,1628978,Donte DiVincenzo,1610612750,MIN,Minnesota Timberwolves,Handoff,Offensive,0.436,79,0.135,0.891,0.358,0.039,0.116,0.039,0.0,0.341,0.491,1.6,1.5,0.5,1.4,0.9
2025-26,22025,1626164,Devin Booker,1610612756,PHX,Phoenix Suns,Handoff,Offensive,0.527,61,0.079,0.942,0.456,0.14,0.14,0.107,0.025,0.455,0.478,2.0,1.9,0.7,1.5,0.8
2025-26,22025,1630530,Trey Murphy III,1610612740,NOP,New Orleans Pelicans,Handoff,Offensive,0.515,63,0.101,0.934,0.371,0.074,0.082,0.066,0.016,0.377,0.467,1.9,1.8,0.6,1.7,1.0
2025-26,22025,1630163,LaMelo Ball,1610612766,CHA,Charlotte Hornets,Handoff,Offensive,0.836,69,0.067,1.144,0.481,0.103,0.072,0.082,0.01,0.495,0.58,1.4,1.6,0.6,1.2,0.6
2025-26,22025,1641718,Keyonte George,1610612762,UTA,Utah Jazz,Handoff,Offensive,0.593,52,0.097,0.982,0.412,0.133,0.142,0.133,0.027,0.416,0.482,2.2,2.1,0.7,1.6,1.0
2025-26,22025,1628378,Donovan Mitchell,1610612739,CLE,Cleveland Cavaliers,Handoff,Offensive,0.665,67,0.064,1.009,0.415,0.139,0.12,0.13,0.019,0.435,0.5,1.6,1.6,0.5,1.2,0.7
2025-26,22025,1631260,AJ Green,1610612749,MIL,Milwaukee Bucks,Handoff,Offensive,0.811,75,0.138,1.116,0.398,0.032,0.053,0.032,0.011,0.389,0.568,1.3,1.4,0.5,1.2,0.7
2025-26,22025,1641706,Brandon Miller,1610612766,CHA,Charlotte Hornets,Handoff,Offensive,0.353,63,0.099,0.823,0.32,0.081,0.121,0.065,0.008,0.331,0.405,2.0,1.6,0.5,1.6,1.1
2025-26,22025,1627742,Brandon Ingram,1610612761,TOR,Toronto Raptors,Handoff,Offensive,0.756,74,0.059,1.077,0.515,0.143,0.121,0.132,0.011,0.516,0.566,1.2,1.3,0.5,0.9,0.4
2025-26,22025,1630193,Immanuel Quickley,1610612761,TOR,Toronto Raptors,Handoff,Offensive,0.884,68,0.077,1.183,0.457,0.098,0.073,0.098,0.024,0.463,0.607,1.2,1.4,0.5,1.0,0.6
2025-26,22025,1642267,Bub Carrington,1610612764,WAS,Washington Wizards,Handoff,Offensive,0.869,78,0.087,1.16,0.449,0.074,0.111,0.074,0.037,0.42,0.63,1.0,1.2,0.4,0.9,0.5
2025-26,22025,202691,Klay Thompson,1610612742,DAL,Dallas Mavericks,Handoff,Offensive,0.589,65,0.123,0.979,0.365,0.032,0.064,0.032,0.0,0.362,0.512,1.4,1.4,0.5,1.3,0.8
2025-26,22025,1629640,Keldon Johnson,1610612759,SAS,San Antonio Spurs,Handoff,Offensive,0.865,77,0.083,1.16,0.581,0.133,0.093,0.133,0.053,0.56,0.589,1.0,1.1,0.5,0.8,0.3
2025-26,22025,1630552,Jalen Johnson,1610612737,ATL,Atlanta Hawks,Handoff,Offensive,0.328,70,0.067,0.811,0.374,0.075,0.085,0.075,0.019,0.377,0.412,1.5,1.2,0.5,1.3,0.8
2025-26,22025,1641729,Brice Sensabaugh,1610612762,UTA,Utah Jazz,Handoff,Offensive,0.753,73,0.076,1.076,0.431,0.089,0.051,0.089,0.051,0.43,0.542,1.1,1.2,0.4,1.0,0.6
2025-26,22025,1627759,Jaylen Brown,1610612738,BOS,Boston Celtics,Handoff,Offensive,0.458,69,0.047,0.903,0.411,0.161,0.086,0.14,0.032,0.441,0.438,1.3,1.2,0.4,1.1,0.6
2025-26,22025,1629628,RJ Barrett,1610612761,TOR,Toronto Raptors,Handoff,Offensive,0.807,56,0.072,1.11,0.5,0.192,0.123,0.178,0.055,0.507,0.556,1.3,1.4,0.5,1.0,0.5
2025-26,22025,1629130,Duncan Robinson,1610612765,DET,Detroit Pistons,Handoff,Offensive,0.556,74,0.111,0.964,0.352,0.083,0.095,0.071,0.024,0.357,0.486,1.1,1.1,0.3,1.0,0.6
2025-26,22025,1630166,Deni Avdija,1610612757,POR,Portland Trail Blazers,Handoff,Offensive,0.72,63,0.051,1.053,0.482,0.197,0.118,0.197,0.053,0.474,0.545,1.2,1.3,0.4,0.9,0.5
2025-26,22025,1631157,Ryan Rollins,1610612749,MIL,Milwaukee Bucks,Handoff,Offensive,0.585,71,0.066,0.976,0.457,0.049,0.11,0.037,0.012,0.427,0.529,1.2,1.1,0.5,1.0,0.5
2025-26,22025,1630595,Cade Cunningham,1610612765,DET,Detroit Pistons,Handoff,Offensive,0.215,62,0.075,0.708,0.366,0.053,0.133,0.053,0.009,0.336,0.387,1.8,1.3,0.5,1.5,1.0
2025-26,22025,1630198,Isaiah Joe,1610612760,OKC,Oklahoma City Thunder,Handoff,Offensive,0.476,68,0.139,0.919,0.32,0.081,0.058,0.047,0.012,0.349,0.447,1.3,1.2,0.4,1.1,0.8
2025-26,22025,1642263,Reed Sheppard,1610612745,HOU,Houston Rockets,Handoff,Offensive,0.427,79,0.084,0.886,0.363,0.023,0.068,0.023,0.0,0.352,0.456,1.1,1.0,0.4,1.0,0.6
2025-26,22025,1630202,Payton Pritchard,1610612738,BOS,Boston Celtics,Handoff,Offensive,0.427,77,0.071,0.886,0.429,0.023,0.102,0.023,0.0,0.398,0.481,1.1,1.0,0.4,1.0,0.6
2025-26,22025,1630180,Saddiq Bey,1610612740,NOP,New Orleans Pelicans,Handoff,Offensive,0.815,69,0.06,1.119,0.439,0.149,0.045,0.149,0.045,0.478,0.526,1.0,1.1,0.4,0.8,0.5
2025-26,22025,1628368,De'Aaron Fox,1610612759,SAS,San Antonio Spurs,Handoff,Offensive,0.455,67,0.068,0.902,0.417,0.061,0.061,0.061,0.0,0.427,0.458,1.2,1.1,0.4,1.1,0.6
2025-26,22025,1630170,Devin Vassell,1610612759,SAS,San Antonio Spurs,Handoff,Offensive,0.582,62,0.096,0.973,0.433,0.053,0.067,0.053,0.013,0.427,0.493,1.2,1.2,0.5,1.1,0.6
2025-26,22025,1642272,Jared McCain,1610612760,OKC,Oklahoma City Thunder,Handoff,Offensive,0.985,30,0.175,1.412,0.638,0.02,0.078,0.02,0.02,0.588,0.766,1.7,2.4,1.0,1.6,0.6
2025-26,22025,203468,CJ McCollum,1610612764,WAS,Washington Wizards,Handoff,Offensive,0.945,31,0.101,1.273,0.523,0.164,0.109,0.145,0.073,0.509,0.636,1.8,2.3,0.7,1.4,0.7
2025-26,22025,1629673,Jordan Poole,1610612740,NOP,New Orleans Pelicans,Handoff,Offensive,0.549,39,0.131,0.959,0.364,0.027,0.068,0.014,0.0,0.356,0.492,1.9,1.8,0.6,1.7,1.1
2025-26,22025,202695,Kawhi Leonard,1610612746,LAC,LA Clippers,Handoff,Offensive,0.575,63,0.046,0.971,0.443,0.071,0.071,0.071,0.014,0.429,0.492,1.1,1.1,0.4,1.0,0.5
2025-26,22025,1641730,Noah Clowney,1610612751,BKN,Brooklyn Nets,Handoff,Offensive,0.225,63,0.117,0.717,0.254,0.207,0.12,0.185,0.011,0.348,0.286,1.5,1.0,0.3,1.0,0.7
2025-26,22025,1628969,Mikal Bridges,1610612752,NYK,New York Knicks,Handoff,Offensive,0.669,77,0.063,1.016,0.491,0.016,0.111,0.016,0.0,0.444,0.573,0.8,0.8,0.4,0.7,0.4
2025-26,22025,1628374,Lauri Markkanen,1610612762,UTA,Utah Jazz,Handoff,Offensive,0.404,40,0.076,0.873,0.275,0.211,0.085,0.183,0.014,0.394,0.333,1.8,1.6,0.4,1.3,0.9
2025-26,22025,1630540,Miles McBride,1610612752,NYK,New York Knicks,Handoff,Offensive,0.942,38,0.113,1.271,0.455,0.063,0.021,0.042,0.0,0.479,0.648,1.3,1.6,0.5,1.2,0.6
2025-26,22025,1629614,Andrew Nembhard,1610612754,IND,Indiana Pacers,Handoff,Offensive,0.447,55,0.071,0.897,0.442,0.103,0.132,0.103,0.0,0.426,0.51,1.2,1.1,0.4,0.9,0.5
2025-26,22025,1630249,Vít Krejčí,1610612737,ATL,Atlanta Hawks,Handoff,Offensive,0.989,44,0.123,1.439,0.553,0.024,0.049,0.024,0.0,0.537,0.75,0.9,1.3,0.5,0.9,0.4
2025-26,22025,1631124,Julian Strawther,1610612743,DEN,Denver Nuggets,Handoff,Offensive,0.724,57,0.145,1.054,0.489,0.107,0.107,0.089,0.054,0.464,0.532,1.0,1.0,0.4,0.8,0.4
2025-26,22025,1631094,Paolo Banchero,1610612753,ORL,Orlando Magic,Handoff,Offensive,0.887,70,0.031,1.184,0.5,0.204,0.082,0.204,0.061,0.531,0.579,0.7,0.8,0.3,0.5,0.3
2025-26,22025,1628960,Grayson Allen,1610612756,PHX,Phoenix Suns,Handoff,Offensive,0.64,50,0.07,1.0,0.391,0.123,0.088,0.105,0.018,0.421,0.489,1.1,1.1,0.4,0.9,0.6
2025-26,22025,1642843,Cooper Flagg,1610612742,DAL,Dallas Mavericks,Handoff,Offensive,0.535,66,0.042,0.95,0.455,0.05,0.033,0.033,0.0,0.45,0.491,0.9,0.9,0.4,0.8,0.5
2025-26,22025,1642273,Kyshawn George,1610612764,WAS,Washington Wizards,Handoff,Offensive,0.515,47,0.083,0.934,0.44,0.049,0.131,0.049,0.0,0.41,0.52,1.3,1.2,0.5,1.1,0.6
2025-26,22025,1629029,Luka Dončić,1610612747,LAL,Los Angeles Lakers,Handoff,Offensive,0.828,60,0.026,1.143,0.465,0.061,0.061,0.041,0.0,0.469,0.593,0.8,0.9,0.3,0.7,0.4
2025-26,22025,1630538,Bones Hyland,1610612750,MIN,Minnesota Timberwolves,Handoff,Offensive,0.687,70,0.094,1.037,0.413,0.074,0.074,0.037,0.0,0.426,0.543,0.8,0.8,0.3,0.7,0.4
2025-26,22025,1641764,Brandin Podziemski,1610612744,GSW,Golden State Warriors,Handoff,Offensive,0.509,79,0.056,0.933,0.367,0.133,0.067,0.117,0.017,0.417,0.439,0.8,0.7,0.2,0.6,0.4
2025-26,22025,203468,CJ McCollum,1610612737,ATL,Atlanta Hawks,Handoff,Offensive,0.433,41,0.083,0.889,0.392,0.095,0.095,0.079,0.0,0.413,0.451,1.5,1.4,0.5,1.2,0.8
2025-26,22025,1629631,De'Andre Hunter,1610612739,CLE,Cleveland Cavaliers,Handoff,Offensive,0.691,40,0.093,1.038,0.487,0.113,0.17,0.094,0.019,0.453,0.577,1.3,1.4,0.5,1.0,0.5
2025-26,22025,1642856,Egor Dëmin,1610612751,BKN,Brooklyn Nets,Handoff,Offensive,0.378,49,0.122,0.841,0.298,0.048,0.063,0.048,0.016,0.302,0.421,1.3,1.1,0.3,1.2,0.8
2025-26,22025,1642848,Tre Johnson,1610612764,WAS,Washington Wizards,Handoff,Offensive,0.316,58,0.087,0.803,0.377,0.076,0.121,0.03,0.0,0.379,0.415,1.1,0.9,0.3,0.9,0.6
2025-26,22025,1630573,Sam Hauser,1610612738,BOS,Boston Celtics,Handoff,Offensive,0.764,76,0.074,1.085,0.4,0.021,0.043,0.021,0.021,0.383,0.567,0.6,0.7,0.2,0.6,0.4
2025-26,22025,1630560,Cam Thomas,1610612751,BKN,Brooklyn Nets,Handoff,Offensive,0.253,24,0.17,0.75,0.4,0.088,0.191,0.074,0.015,0.368,0.44,2.8,2.1,0.8,2.1,1.3
2025-26,22025,1642849,Nolan Traore,1610612751,BKN,Brooklyn Nets,Handoff,Offensive,0.553,56,0.079,0.962,0.487,0.115,0.154,0.115,0.019,0.462,0.513,0.9,0.9,0.3,0.7,0.4
2025-26,22025,1630241,Sam Merrill,1610612739,CLE,Cleveland Cavaliers,Handoff,Offensive,0.64,51,0.09,1.0,0.372,0.041,0.082,0.041,0.0,0.367,0.5,1.0,1.0,0.3,0.8,0.5
2025-26,22025,1642845,VJ Edgecombe,1610612755,PHI,Philadelphia 76ers,Handoff,Offensive,0.244,74,0.054,0.731,0.339,0.06,0.104,0.06,0.0,0.343,0.393,0.9,0.7,0.3,0.8,0.5
2025-26,22025,1629661,Cameron Johnson,1610612743,DEN,Denver Nuggets,Handoff,Offensive,0.178,52,0.133,0.681,0.298,0.097,0.125,0.097,0.014,0.319,0.342,1.4,0.9,0.3,1.1,0.8
2025-26,22025,1629014,Anfernee Simons,1610612738,BOS,Boston Celtics,Handoff,Offensive,0.673,47,0.075,1.021,0.462,0.043,0.149,0.043,0.021,0.404,0.577,1.0,1.0,0.4,0.8,0.4
2025-26,22025,1641716,Jarace Walker,1610612754,IND,Indiana Pacers,Handoff,Offensive,0.489,73,0.057,0.923,0.405,0.115,0.115,0.096,0.038,0.404,0.488,0.7,0.7,0.2,0.6,0.3
2025-26,22025,1628384,OG Anunoby,1610612752,NYK,New York Knicks,Handoff,Offensive,0.698,64,0.046,1.044,0.457,0.111,0.133,0.111,0.022,0.444,0.557,0.7,0.7,0.3,0.5,0.3
2025-26,22025,1629675,Naz Reid,1610612750,MIN,Minnesota Timberwolves,Handoff,Offensive,0.676,74,0.046,1.022,0.378,0.152,0.087,0.152,0.043,0.413,0.459,0.6,0.6,0.2,0.5,0.3
2025-26,22025,1631101,Shaedon Sharpe,1610612757,POR,Portland Trail Blazers,Handoff,Offensive,0.367,48,0.054,0.825,0.391,0.053,0.14,0.053,0.0,0.368,0.446,1.2,1.0,0.4,1.0,0.6
2025-26,22025,1631095,Jabari Smith Jr.,1610612745,HOU,Houston Rockets,Handoff,Offensive,0.782,74,0.038,1.095,0.5,0.143,0.143,0.143,0.048,0.476,0.563,0.6,0.6,0.2,0.4,0.2
2025-26,22025,1630581,Josh Giddey,1610612741,CHI,Chicago Bulls,Handoff,Offensive,0.64,52,0.047,1.0,0.515,0.087,0.217,0.087,0.022,0.435,0.621,0.9,0.9,0.3,0.6,0.3
2025-26,22025,1629645,Kevin Porter Jr.,1610612749,MIL,Milwaukee Bucks,Handoff,Offensive,0.853,38,0.056,1.154,0.586,0.179,0.128,0.179,0.051,0.564,0.603,1.0,1.2,0.4,0.8,0.3
2025-26,22025,1626181,Norman Powell,1610612748,MIA,Miami Heat,Handoff,Offensive,0.785,54,0.039,1.098,0.455,0.122,0.098,0.122,0.024,0.463,0.561,0.8,0.8,0.3,0.6,0.3
2025-26,22025,203897,Zach LaVine,1610612758,SAC,Sacramento Kings,Handoff,Offensive,0.92,36,0.059,1.222,0.593,0.083,0.167,0.083,0.0,0.528,0.685,1.0,1.2,0.4,0.8,0.3
2025-26,22025,1630559,Austin Reaves,1610612747,LAL,Los Angeles Lakers,Handoff,Offensive,0.862,47,0.039,1.158,0.444,0.211,0.158,0.132,0.079,0.447,0.593,0.8,0.9,0.3,0.6,0.3
2025-26,22025,1642349,Ajay Mitchell,1610612760,OKC,Oklahoma City Thunder,Handoff,Offensive,0.798,52,0.057,1.1,0.515,0.075,0.125,0.075,0.025,0.475,0.591,0.8,0.8,0.3,0.6,0.3
2025-26,22025,1630577,Julian Champagnie,1610612759,SAS,San Antonio Spurs,Handoff,Offensive,0.705,77,0.056,1.048,0.343,0.095,0.095,0.071,0.024,0.357,0.5,0.5,0.6,0.2,0.5,0.3
2025-26,22025,1630591,Jalen Suggs,1610612753,ORL,Orlando Magic,Handoff,Offensive,0.342,52,0.07,0.815,0.356,0.056,0.111,0.056,0.0,0.352,0.433,1.0,0.8,0.3,0.9,0.6
2025-26,22025,1642844,Dylan Harper,1610612759,SAS,San Antonio Spurs,Handoff,Offensive,0.712,65,0.054,1.049,0.529,0.073,0.098,0.049,0.0,0.512,0.559,0.6,0.7,0.3,0.5,0.2
2025-26,22025,1627783,Pascal Siakam,1610612754,IND,Indiana Pacers,Handoff,Offensive,0.712,59,0.029,1.049,0.455,0.195,0.049,0.171,0.049,0.488,0.515,0.7,0.7,0.3,0.6,0.3
2025-26,22025,201935,James Harden,1610612746,LAC,LA Clippers,Handoff,Offensive,0.64,41,0.043,1.0,0.5,0.116,0.233,0.093,0.0,0.442,0.607,1.0,1.0,0.3,0.7,0.3
2025-26,22025,1630224,Jalen Green,1610612756,PHX,Phoenix Suns,Handoff,Offensive,0.545,32,0.072,0.956,0.472,0.111,0.111,0.111,0.022,0.444,0.514,1.4,1.3,0.5,1.1,0.6
2025-26,22025,1642847,Jeremiah Fears,1610612740,NOP,New Orleans Pelicans,Handoff,Offensive,0.328,79,0.043,0.811,0.326,0.075,0.113,0.057,0.0,0.34,0.419,0.7,0.5,0.2,0.5,0.4
2025-26,22025,1629627,Zion Williamson,1610612740,NOP,New Orleans Pelicans,Handoff,Offensive,0.924,60,0.031,1.235,0.565,0.324,0.059,0.265,0.059,0.647,0.565,0.6,0.7,0.2,0.4,0.2
2025-26,22025,1628970,Miles Bridges,1610612766,CHA,Charlotte Hornets,Handoff,Offensive,0.218,74,0.049,0.712,0.314,0.051,0.085,0.051,0.0,0.322,0.363,0.8,0.6,0.2,0.7,0.5
2025-26,22025,1642285,Cam Spencer,1610612763,MEM,Memphis Grizzlies,Handoff,Offensive,0.967,69,0.047,1.323,0.52,0.097,0.129,0.097,0.032,0.484,0.7,0.4,0.6,0.2,0.4,0.2
2025-26,22025,1630557,Corey Kispert,1610612737,ATL,Atlanta Hawks,Handoff,Offensive,0.953,39,0.096,1.281,0.545,0.219,0.125,0.219,0.031,0.563,0.659,0.8,1.1,0.3,0.6,0.3
2025-26,22025,1630183,Jaden McDaniels,1610612750,MIN,Minnesota Timberwolves,Handoff,Offensive,0.349,70,0.051,0.82,0.415,0.04,0.14,0.04,0.0,0.38,0.476,0.7,0.6,0.2,0.6,0.3
2025-26,22025,1630533,Ziaire Williams,1610612751,BKN,Brooklyn Nets,Handoff,Offensive,0.168,53,0.116,0.667,0.222,0.15,0.117,0.133,0.017,0.3,0.289,1.1,0.8,0.2,0.8,0.7
2025-26,22025,1641708,Amen Thompson,1610612745,HOU,Houston Rockets,Handoff,Offensive,0.727,76,0.027,1.054,0.484,0.135,0.027,0.135,0.0,0.541,0.516,0.5,0.5,0.2,0.4,0.2
2025-26,22025,203903,Jordan Clarkson,1610612752,NYK,New York Knicks,Handoff,Offensive,0.538,68,0.072,0.951,0.393,0.195,0.171,0.195,0.049,0.415,0.464,0.6,0.6,0.2,0.4,0.3
2025-26,22025,203924,Jerami Grant,1610612757,POR,Portland Trail Blazers,Handoff,Offensive,0.465,54,0.046,0.907,0.462,0.14,0.256,0.14,0.0,0.419,0.538,0.8,0.7,0.2,0.5,0.3
2025-26,22025,1631108,Max Christie,1610612742,DAL,Dallas Mavericks,Handoff,Offensive,0.269,73,0.062,0.765,0.381,0.039,0.157,0.039,0.02,0.333,0.44,0.7,0.5,0.2,0.6,0.4
2025-26,22025,1630174,Aaron Nesmith,1610612754,IND,Indiana Pacers,Handoff,Offensive,0.531,45,0.063,0.949,0.441,0.051,0.128,0.051,0.051,0.385,0.515,0.9,0.8,0.3,0.8,0.4
2025-26,22025,1629656,Quentin Grimes,1610612755,PHI,Philadelphia 76ers,Handoff,Offensive,0.498,72,0.043,0.925,0.375,0.1,0.1,0.05,0.0,0.4,0.438,0.6,0.5,0.2,0.4,0.3
2025-26,22025,1628370,Malik Monk,1610612758,SAC,Sacramento Kings,Handoff,Offensive,0.262,59,0.066,0.755,0.359,0.082,0.122,0.082,0.0,0.347,0.423,0.8,0.6,0.2,0.7,0.4
2025-26,22025,1630200,Tre Jones,1610612741,CHI,Chicago Bulls,Handoff,Offensive,0.909,63,0.038,1.2,0.542,0.167,0.033,0.167,0.0,0.6,0.563,0.5,0.6,0.2,0.4,0.2
2025-26,22025,1626162,Kelly Oubre Jr.,1610612755,PHI,Philadelphia 76ers,Handoff,Offensive,0.96,49,0.04,1.296,0.65,0.148,0.111,0.111,0.0,0.63,0.725,0.6,0.7,0.3,0.4,0.1
2025-26,22025,1630245,Ayo Dosunmu,1610612750,MIN,Minnesota Timberwolves,Handoff,Offensive,0.938,24,0.09,1.25,0.577,0.0,0.071,0.0,0.0,0.536,0.673,1.2,1.5,0.6,1.1,0.5
2025-26,22025,1626220,Royce O'Neale,1610612756,PHX,Phoenix Suns,Handoff,Offensive,0.938,74,0.04,1.25,0.444,0.0,0.036,0.0,0.0,0.429,0.648,0.4,0.5,0.2,0.4,0.2
2025-26,22025,1628398,Kyle Kuzma,1610612749,MIL,Milwaukee Bucks,Handoff,Offensive,0.682,66,0.041,1.029,0.542,0.176,0.147,0.176,0.029,0.529,0.583,0.5,0.5,0.2,0.4,0.2
2025-26,22025,1630567,Scottie Barnes,1610612761,TOR,Toronto Raptors,Handoff,Offensive,0.682,77,0.024,1.029,0.5,0.147,0.088,0.147,0.0,0.529,0.519,0.4,0.5,0.2,0.3,0.2
2025-26,22025,1642258,Zaccharie Risacher,1610612737,ATL,Atlanta Hawks,Handoff,Offensive,0.64,65,0.057,1.0,0.37,0.086,0.143,0.057,0.0,0.371,0.519,0.5,0.5,0.2,0.4,0.3
2025-26,22025,203944,Julius Randle,1610612750,MIN,Minnesota Timberwolves,Handoff,Offensive,0.578,76,0.023,0.972,0.348,0.25,0.111,0.25,0.0,0.472,0.37,0.5,0.5,0.1,0.3,0.2
2025-26,22025,1642874,Danny Wolf,1610612751,BKN,Brooklyn Nets,Handoff,Offensive,0.24,56,0.086,0.729,0.389,0.063,0.188,0.042,0.0,0.354,0.431,0.9,0.6,0.3,0.6,0.4
2025-26,22025,1631126,Caleb Love,1610612757,POR,Portland Trail Blazers,Handoff,Offensive,0.876,46,0.053,1.172,0.48,0.034,0.103,0.034,0.0,0.448,0.64,0.6,0.7,0.3,0.5,0.3
2025-26,22025,1631212,Peyton Watson,1610612743,DEN,Denver Nuggets,Handoff,Offensive,0.4,52,0.053,0.872,0.407,0.179,0.154,0.179,0.026,0.436,0.444,0.8,0.7,0.2,0.5,0.3
2025-26,22025,201950,Jrue Holiday,1610612757,POR,Portland Trail Blazers,Handoff,Offensive,0.92,52,0.03,1.222,0.579,0.111,0.185,0.074,0.0,0.519,0.711,0.5,0.6,0.2,0.4,0.2
2025-26,22025,1641824,Matas Buzelis,1610612741,CHI,Chicago Bulls,Handoff,Offensive,0.738,75,0.026,1.065,0.44,0.129,0.065,0.129,0.0,0.484,0.5,0.4,0.4,0.1,0.3,0.2
2025-26,22025,1629013,Landry Shamet,1610612752,NYK,New York Knicks,Handoff,Offensive,0.891,50,0.067,1.185,0.417,0.037,0.074,0.037,0.0,0.407,0.604,0.5,0.6,0.2,0.5,0.3
2025-26,22025,203084,Harrison Barnes,1610612759,SAS,San Antonio Spurs,Handoff,Offensive,0.745,72,0.048,1.067,0.44,0.067,0.1,0.067,0.0,0.433,0.58,0.4,0.4,0.2,0.3,0.2
2025-26,22025,1630314,Brandon Williams,1610612742,DAL,Dallas Mavericks,Handoff,Offensive,0.571,62,0.04,0.97,0.5,0.182,0.121,0.182,0.03,0.485,0.542,0.5,0.5,0.2,0.4,0.2
2025-26,22025,1641717,Cason Wallace,1610612760,OKC,Oklahoma City Thunder,Handoff,Offensive,0.473,72,0.054,0.914,0.375,0.029,0.057,0.029,0.0,0.371,0.484,0.5,0.4,0.2,0.4,0.3
2025-26,22025,1641705,Victor Wembanyama,1610612759,SAS,San Antonio Spurs,Handoff,Offensive,0.389,62,0.027,0.865,0.3,0.162,0.054,0.162,0.027,0.378,0.367,0.6,0.5,0.1,0.5,0.3
2025-26,22025,1642383,Walter Clayton Jr.,1610612762,UTA,Utah Jazz,Handoff,Offensive,0.931,43,0.075,1.24,0.5,0.2,0.08,0.2,0.08,0.52,0.575,0.6,0.7,0.2,0.5,0.2
2025-26,22025,1628415,Dillon Brooks,1610612756,PHX,Phoenix Suns,Handoff,Offensive,0.567,52,0.03,0.969,0.429,0.094,0.031,0.094,0.0,0.469,0.482,0.6,0.6,0.2,0.5,0.3
2025-26,22025,1642860,Will Riley,1610612764,WAS,Washington Wizards,Handoff,Offensive,0.127,70,0.066,0.608,0.268,0.078,0.137,0.078,0.02,0.275,0.293,0.7,0.4,0.2,0.6,0.4
2025-26,22025,1630598,Aaron Wiggins,1610612760,OKC,Oklahoma City Thunder,Handoff,Offensive,0.42,63,0.053,0.882,0.448,0.029,0.118,0.029,0.0,0.382,0.517,0.5,0.5,0.2,0.5,0.3
2025-26,22025,1630700,Dyson Daniels,1610612737,ATL,Atlanta Hawks,Handoff,Offensive,0.182,74,0.047,0.682,0.389,0.068,0.136,0.068,0.023,0.341,0.389,0.6,0.4,0.2,0.5,0.3
2025-26,22025,1629630,Ja Morant,1610612763,MEM,Memphis Grizzlies,Handoff,Offensive,0.978,19,0.05,1.381,0.647,0.143,0.095,0.143,0.048,0.619,0.706,1.1,1.5,0.6,0.9,0.3
2025-26,22025,201144,Mike Conley,1610612750,MIN,Minnesota Timberwolves,Handoff,Offensive,0.562,51,0.116,0.967,0.375,0.1,0.1,0.067,0.0,0.4,0.479,0.6,0.6,0.2,0.5,0.3
2025-26,22025,1628983,Shai Gilgeous-Alexander,1610612760,OKC,Oklahoma City Thunder,Handoff,Offensive,0.562,63,0.019,0.967,0.458,0.067,0.133,0.067,0.0,0.433,0.5,0.5,0.5,0.2,0.4,0.2
2025-26,22025,1629636,Darius Garland,1610612746,LAC,LA Clippers,Handoff,Offensive,0.415,19,0.089,0.879,0.36,0.091,0.182,0.061,0.03,0.333,0.46,1.7,1.5,0.5,1.3,0.8
2025-26,22025,1642264,Stephon Castle,1610612759,SAS,San Antonio Spurs,Handoff,Offensive,0.287,65,0.032,0.784,0.32,0.216,0.135,0.216,0.027,0.405,0.36,0.6,0.4,0.1,0.4,0.3
2025-26,22025,1641731,Bilal Coulibaly,1610612764,WAS,Washington Wizards,Handoff,Offensive,0.193,53,0.063,0.69,0.29,0.119,0.167,0.119,0.024,0.31,0.355,0.8,0.5,0.2,0.6,0.4
2025-26,22025,1629018,Gary Trent Jr.,1610612749,MIL,Milwaukee Bucks,Handoff,Offensive,0.105,62,0.1,0.569,0.279,0.039,0.137,0.039,0.02,0.255,0.314,0.8,0.5,0.2,0.7,0.5
2025-26,22025,1641757,Jordan Miller,1610612746,LAC,LA Clippers,Handoff,Offensive,0.64,59,0.052,1.0,0.524,0.179,0.071,0.179,0.0,0.536,0.548,0.5,0.5,0.2,0.4,0.2
2025-26,22025,1631169,Josh Minott,1610612751,BKN,Brooklyn Nets,Handoff,Offensive,1.0,16,0.099,1.8,0.692,0.133,0.067,0.133,0.067,0.667,0.923,0.9,1.7,0.6,0.8,0.3
2025-26,22025,1629023,P.J. Washington,1610612742,DAL,Dallas Mavericks,Handoff,Offensive,0.818,53,0.031,1.125,0.625,0.25,0.167,0.25,0.083,0.542,0.656,0.5,0.5,0.2,0.3,0.1
2025-26,22025,1642907,Cedric Coward,1610612763,MEM,Memphis Grizzlies,Handoff,Offensive,0.76,59,0.032,1.08,0.435,0.04,0.04,0.04,0.0,0.44,0.543,0.4,0.5,0.2,0.4,0.2
2025-26,22025,1642962,Drake Powell,1610612751,BKN,Brooklyn Nets,Handoff,Offensive,0.64,60,0.062,1.0,0.409,0.074,0.111,0.074,0.0,0.407,0.523,0.5,0.5,0.1,0.4,0.2
2025-26,22025,1642363,Nique Clifford,1610612758,SAC,Sacramento Kings,Handoff,Offensive,0.345,72,0.044,0.818,0.37,0.03,0.152,0.03,0.0,0.333,0.463,0.5,0.4,0.1,0.4,0.2
2025-26,22025,1629004,Svi Mykhailiuk,1610612762,UTA,Utah Jazz,Handoff,Offensive,0.28,49,0.089,0.771,0.3,0.057,0.086,0.057,0.0,0.314,0.383,0.7,0.6,0.2,0.6,0.4
2025-26,22025,203114,Khris Middleton,1610612742,DAL,Dallas Mavericks,Handoff,Offensive,0.927,29,0.065,1.238,0.556,0.095,0.095,0.095,0.048,0.524,0.639,0.7,0.9,0.3,0.6,0.3
2025-26,22025,1630230,Naji Marshall,1610612742,DAL,Dallas Mavericks,Handoff,Offensive,0.88,70,0.022,1.182,0.533,0.273,0.182,0.227,0.136,0.5,0.567,0.3,0.4,0.1,0.2,0.1
2025-26,22025,1630168,Onyeka Okongwu,1610612737,ATL,Atlanta Hawks,Handoff,Offensive,0.295,72,0.032,0.788,0.321,0.121,0.03,0.121,0.0,0.394,0.339,0.5,0.4,0.1,0.4,0.3
2025-26,22025,1641783,Tristan da Silva,1610612753,ORL,Orlando Magic,Handoff,Offensive,0.229,72,0.053,0.722,0.313,0.056,0.083,0.056,0.028,0.306,0.375,0.5,0.4,0.1,0.4,0.3
2025-26,22025,1641710,Anthony Black,1610612753,ORL,Orlando Magic,Handoff,Offensive,0.211,59,0.04,0.703,0.393,0.054,0.189,0.054,0.0,0.351,0.429,0.6,0.4,0.2,0.5,0.3
2025-26,22025,1630570,Trendon Watford,1610612755,PHI,Philadelphia 76ers,Handoff,Offensive,0.982,51,0.051,1.389,0.667,0.222,0.111,0.222,0.167,0.611,0.667,0.4,0.5,0.2,0.3,0.1
2025-26,22025,1631096,Chet Holmgren,1610612760,OKC,Oklahoma City Thunder,Handoff,Offensive,0.902,64,0.022,1.19,0.471,0.143,0.048,0.143,0.0,0.524,0.559,0.3,0.4,0.1,0.3,0.1
2025-26,22025,1630703,Scoot Henderson,1610612757,POR,Portland Trail Blazers,Handoff,Offensive,0.502,30,0.058,0.926,0.417,0.0,0.111,0.0,0.0,0.37,0.521,0.9,0.8,0.3,0.8,0.5
2025-26,22025,1628989,Kevin Huerter,1610612741,CHI,Chicago Bulls,Handoff,Offensive,0.32,42,0.067,0.806,0.391,0.097,0.194,0.097,0.032,0.355,0.457,0.7,0.6,0.2,0.5,0.3
2025-26,22025,1630311,Pat Spencer,1610612744,GSW,Golden State Warriors,Handoff,Offensive,0.146,65,0.073,0.625,0.333,0.0,0.25,0.0,0.0,0.25,0.417,0.6,0.4,0.2,0.5,0.3
2025-26,22025,1642268,Isaiah Collier,1610612762,UTA,Utah Jazz,Handoff,Offensive,0.774,57,0.03,1.091,0.529,0.091,0.136,0.091,0.0,0.5,0.647,0.4,0.4,0.2,0.3,0.1
2025-26,22025,1631114,Jalen Williams,1610612760,OKC,Oklahoma City Thunder,Handoff,Offensive,0.64,30,0.046,1.0,0.5,0.125,0.083,0.125,0.042,0.5,0.525,0.8,0.8,0.3,0.7,0.3
2025-26,22025,1627747,Caris LeVert,1610612765,DET,Detroit Pistons,Handoff,Offensive,0.489,57,0.054,0.923,0.429,0.038,0.154,0.038,0.0,0.385,0.524,0.5,0.4,0.2,0.4,0.2
2025-26,22025,1629027,Trae Young,1610612737,ATL,Atlanta Hawks,Handoff,Offensive,0.84,10,0.105,1.15,0.417,0.3,0.1,0.2,0.0,0.55,0.5,2.0,2.3,0.5,1.2,0.7
2025-26,22025,1629012,Collin Sexton,1610612766,CHA,Charlotte Hornets,Handoff,Offensive,0.702,39,0.041,1.045,0.538,0.227,0.227,0.182,0.045,0.5,0.577,0.6,0.6,0.2,0.3,0.2
2025-26,22025,1642281,Jaylon Tyson,1610612739,CLE,Cleveland Cavaliers,Handoff,Offensive,0.48,63,0.032,0.92,0.529,0.08,0.24,0.08,0.0,0.44,0.588,0.4,0.4,0.1,0.3,0.1
2025-26,22025,1628989,Kevin Huerter,1610612765,DET,Detroit Pistons,Handoff,Offensive,0.382,25,0.123,0.852,0.333,0.0,0.111,0.0,0.0,0.296,0.479,1.1,0.9,0.3,1.0,0.6
2025-26,22025,1641722,Jordan Hawkins,1610612740,NOP,New Orleans Pelicans,Handoff,Offensive,0.142,48,0.131,0.622,0.286,0.081,0.162,0.081,0.0,0.297,0.321,0.8,0.5,0.2,0.6,0.4
2025-26,22025,1631213,Tyrese Martin,1610612751,BKN,Brooklyn Nets,Handoff,Offensive,0.291,34,0.104,0.786,0.308,0.036,0.036,0.036,0.0,0.321,0.404,0.8,0.6,0.2,0.8,0.5
2025-26,22025,1628379,Luke Kennard,1610612737,ATL,Atlanta Hawks,Handoff,Offensive,0.716,44,0.074,1.05,0.538,0.1,0.25,0.0,0.0,0.45,0.654,0.5,0.5,0.2,0.3,0.1
2025-26,22025,1643018,LJ Cryer,1610612744,GSW,Golden State Warriors,Handoff,Offensive,0.542,18,0.159,0.955,0.333,0.0,0.045,0.0,0.0,0.318,0.5,1.2,1.2,0.4,1.2,0.8
2025-26,22025,1641739,Toumani Camara,1610612757,POR,Portland Trail Blazers,Handoff,Offensive,0.375,79,0.024,0.84,0.381,0.08,0.16,0.08,0.08,0.32,0.452,0.3,0.3,0.1,0.3,0.2
2025-26,22025,1642347,Jamal Shead,1610612761,TOR,Toronto Raptors,Handoff,Offensive,0.324,79,0.041,0.808,0.333,0.192,0.154,0.115,0.038,0.385,0.389,0.3,0.3,0.1,0.2,0.2
2025-26,22025,1630557,Corey Kispert,1610612764,WAS,Washington Wizards,Handoff,Offensive,0.971,16,0.13,1.333,0.6,0.133,0.2,0.133,0.0,0.533,0.8,0.9,1.3,0.4,0.6,0.3
2025-26,22025,1630623,Tyson Etienne,1610612751,BKN,Brooklyn Nets,Handoff,Offensive,0.64,24,0.114,1.0,0.333,0.1,0.05,0.1,0.05,0.35,0.472,0.8,0.8,0.3,0.8,0.5
2025-26,22025,1626157,Karl-Anthony Towns,1610612752,NYK,New York Knicks,Handoff,Offensive,0.64,70,0.015,1.0,0.471,0.05,0.15,0.05,0.05,0.4,0.559,0.3,0.3,0.1,0.2,0.1
2025-26,22025,1629611,Terance Mann,1610612751,BKN,Brooklyn Nets,Handoff,Offensive,0.469,60,0.049,0.909,0.45,0.0,0.091,0.0,0.0,0.409,0.5,0.4,0.3,0.2,0.3,0.2
2025-26,22025,1642879,Ben Saraf,1610612751,BKN,Brooklyn Nets,Handoff,Offensive,0.396,44,0.052,0.87,0.438,0.087,0.217,0.087,0.0,0.391,0.5,0.5,0.5,0.2,0.4,0.2
2025-26,22025,203484,Kentavious Caldwell-Pope,1610612763,MEM,Memphis Grizzlies,Handoff,Offensive,0.274,48,0.059,0.769,0.364,0.038,0.115,0.038,0.0,0.346,0.409,0.5,0.4,0.2,0.5,0.3
2025-26,22025,1630541,Moses Moody,1610612744,GSW,Golden State Warriors,Handoff,Offensive,0.189,57,0.046,0.69,0.348,0.069,0.172,0.069,0.034,0.31,0.391,0.5,0.4,0.1,0.4,0.3
2025-26,22025,1631342,Daeqwon Plowden,1610612758,SAC,Sacramento Kings,Handoff,Offensive,0.895,32,0.049,1.188,0.467,0.125,0.063,0.125,0.125,0.438,0.567,0.5,0.6,0.2,0.5,0.3
2025-26,22025,1631248,Baylor Scheierman,1610612738,BOS,Boston Celtics,Handoff,Offensive,0.731,75,0.047,1.056,0.455,0.278,0.167,0.278,0.056,0.5,0.5,0.2,0.3,0.1,0.1,0.1
2025-26,22025,1630172,Patrick Williams,1610612741,CHI,Chicago Bulls,Handoff,Offensive,0.462,70,0.037,0.905,0.412,0.048,0.143,0.048,0.0,0.381,0.529,0.3,0.3,0.1,0.2,0.1
2025-26,22025,1630532,Franz Wagner,1610612753,ORL,Orlando Magic,Handoff,Offensive,0.371,31,0.039,0.826,0.444,0.043,0.217,0.043,0.043,0.348,0.5,0.7,0.6,0.3,0.6,0.3
2025-26,22025,1629216,Gabe Vincent,1610612737,ATL,Atlanta Hawks,Handoff,Offensive,0.956,24,0.132,1.286,0.545,0.071,0.143,0.071,0.0,0.5,0.773,0.6,0.8,0.3,0.5,0.2
2025-26,22025,1631097,Bennedict Mathurin,1610612746,LAC,LA Clippers,Handoff,Offensive,0.451,26,0.044,0.9,0.438,0.1,0.1,0.05,0.0,0.45,0.438,0.8,0.7,0.3,0.6,0.3
2025-26,22025,1626156,D'Angelo Russell,1610612742,DAL,Dallas Mavericks,Handoff,Offensive,0.385,25,0.079,0.857,0.412,0.143,0.048,0.143,0.0,0.476,0.441,0.8,0.7,0.3,0.7,0.4
2025-26,22025,202331,Paul George,1610612755,PHI,Philadelphia 76ers,Handoff,Offensive,0.198,36,0.042,0.692,0.292,0.0,0.077,0.0,0.0,0.269,0.375,0.7,0.5,0.2,0.7,0.5
2025-26,22025,1631288,Jamal Cain,1610612753,ORL,Orlando Magic,Handoff,Offensive,0.913,38,0.073,1.214,0.5,0.071,0.071,0.071,0.0,0.5,0.625,0.4,0.4,0.2,0.3,0.2
2025-26,22025,1642261,Dalton Knecht,1610612747,LAL,Los Angeles Lakers,Handoff,Offensive,0.64,51,0.078,1.0,0.375,0.059,0.0,0.059,0.0,0.353,0.531,0.3,0.3,0.1,0.3,0.2
2025-26,22025,1642883,Sion James,1610612766,CHA,Charlotte Hornets,Handoff,Offensive,0.442,79,0.041,0.895,0.364,0.158,0.263,0.158,0.0,0.368,0.545,0.2,0.2,0.1,0.1,0.1
2025-26,22025,1628404,Josh Hart,1610612752,NYK,New York Knicks,Handoff,Offensive,0.442,61,0.027,0.895,0.412,0.053,0.053,0.053,0.0,0.421,0.471,0.3,0.3,0.1,0.3,0.2
2025-26,22025,1641767,Ben Sheppard,1610612754,IND,Indiana Pacers,Handoff,Offensive,0.284,62,0.051,0.773,0.389,0.0,0.182,0.0,0.0,0.318,0.472,0.4,0.3,0.1,0.3,0.2
2025-26,22025,1627752,Taurean Prince,1610612749,MIL,Milwaukee Bucks,Handoff,Offensive,0.247,26,0.103,0.739,0.333,0.043,0.174,0.043,0.0,0.304,0.417,0.9,0.7,0.2,0.7,0.5
2025-26,22025,203552,Seth Curry,1610612744,GSW,Golden State Warriors,Handoff,Offensive,0.993,10,0.2,1.455,0.5,0.091,0.0,0.091,0.0,0.545,0.65,1.1,1.6,0.5,1.0,0.5
2025-26,22025,1642348,Justin Edwards,1610612755,PHI,Philadelphia 76ers,Handoff,Offensive,0.828,61,0.041,1.143,0.462,0.143,0.0,0.143,0.071,0.5,0.5,0.2,0.3,0.1,0.2,0.1
2025-26,22025,1631099,Keegan Murray,1610612758,SAC,Sacramento Kings,Handoff,Offensive,0.745,21,0.048,1.067,0.462,0.067,0.067,0.067,0.0,0.467,0.538,0.7,0.8,0.3,0.6,0.3
2025-26,22025,1641713,GG Jackson,1610612763,MEM,Memphis Grizzlies,Handoff,Offensive,0.64,54,0.024,1.0,0.4,0.125,0.0,0.125,0.063,0.438,0.433,0.3,0.3,0.1,0.3,0.2
2025-26,22025,1631204,Marcus Sasser,1610612765,DET,Detroit Pistons,Handoff,Offensive,0.524,38,0.079,0.941,0.429,0.059,0.118,0.0,0.0,0.353,0.571,0.4,0.4,0.2,0.4,0.2
2025-26,22025,1642859,Jase Richardson,1610612753,ORL,Orlando Magic,Handoff,Offensive,0.305,52,0.091,0.8,0.389,0.05,0.1,0.05,0.05,0.35,0.444,0.4,0.3,0.1,0.3,0.2
2025-26,22025,1642262,Cody Williams,1610612762,UTA,Utah Jazz,Handoff,Offensive,0.265,66,0.033,0.762,0.294,0.143,0.048,0.143,0.0,0.381,0.324,0.3,0.2,0.1,0.3,0.2
2025-26,22025,1631097,Bennedict Mathurin,1610612754,IND,Indiana Pacers,Handoff,Offensive,0.234,25,0.052,0.727,0.417,0.182,0.318,0.182,0.045,0.364,0.417,0.9,0.6,0.2,0.5,0.3
2025-26,22025,1631245,Quenton Jackson,1610612754,IND,Indiana Pacers,Handoff,Offensive,0.16,49,0.056,0.64,0.333,0.12,0.28,0.08,0.0,0.32,0.367,0.5,0.3,0.1,0.3,0.2
2025-26,22025,1629001,De'Anthony Melton,1610612744,GSW,Golden State Warriors,Handoff,Offensive,0.131,49,0.039,0.615,0.318,0.038,0.115,0.038,0.0,0.308,0.341,0.5,0.3,0.1,0.4,0.3
2025-26,22025,1630544,Tre Mann,1610612766,CHA,Charlotte Hornets,Handoff,Offensive,0.049,50,0.096,0.5,0.269,0.0,0.188,0.0,0.0,0.219,0.308,0.6,0.3,0.1,0.5,0.4
2025-26,22025,1642967,John Poulakidas,1610612742,DAL,Dallas Mavericks,Handoff,Offensive,0.975,13,0.112,1.364,0.5,0.091,0.0,0.0,0.0,0.545,0.7,0.8,1.2,0.4,0.8,0.4
2025-26,22025,1630811,Keaton Wallace,1610612737,ATL,Atlanta Hawks,Handoff,Offensive,0.853,51,0.063,1.154,0.5,0.077,0.0,0.077,0.0,0.462,0.625,0.3,0.3,0.1,0.2,0.1
2025-26,22025,1631093,Jaden Ivey,1610612765,DET,Detroit Pistons,Handoff,Offensive,0.853,31,0.051,1.154,0.5,0.0,0.077,0.0,0.0,0.462,0.625,0.4,0.5,0.2,0.4,0.2
2025-26,22025,1630596,Evan Mobley,1610612739,CLE,Cleveland Cavaliers,Handoff,Offensive,0.853,62,0.012,1.154,0.6,0.308,0.0,0.308,0.077,0.538,0.6,0.2,0.2,0.1,0.2,0.1
2025-26,22025,1628975,Jevon Carter,1610612753,ORL,Orlando Magic,Handoff,Offensive,0.749,30,0.06,1.071,0.5,0.0,0.0,0.0,0.0,0.5,0.536,0.5,0.5,0.2,0.5,0.2
2025-26,22025,1629639,Tyler Herro,1610612748,MIA,Miami Heat,Handoff,Offensive,0.42,31,0.029,0.882,0.429,0.059,0.176,0.059,0.059,0.353,0.5,0.5,0.5,0.2,0.5,0.3
2025-26,22025,1629618,Jalen Pickett,1610612743,DEN,Denver Nuggets,Handoff,Offensive,0.298,50,0.069,0.789,0.316,0.0,0.0,0.0,0.0,0.316,0.395,0.4,0.3,0.1,0.4,0.3
2025-26,22025,1642269,Devin Carter,1610612758,SAC,Sacramento Kings,Handoff,Offensive,0.222,38,0.054,0.714,0.313,0.095,0.143,0.095,0.0,0.333,0.344,0.6,0.4,0.1,0.4,0.3
2025-26,22025,203114,Khris Middleton,1610612764,WAS,Washington Wizards,Handoff,Offensive,0.164,30,0.066,0.652,0.278,0.087,0.13,0.087,0.0,0.304,0.333,0.8,0.5,0.2,0.6,0.4
2025-26,22025,1626167,Myles Turner,1610612749,MIL,Milwaukee Bucks,Handoff,Offensive,0.873,68,0.016,1.167,0.444,0.167,0.167,0.083,0.083,0.417,0.611,0.2,0.2,0.1,0.1,0.1
2025-26,22025,203926,Doug McDermott,1610612758,SAC,Sacramento Kings,Handoff,Offensive,0.64,29,0.09,1.0,0.385,0.0,0.071,0.0,0.0,0.357,0.538,0.5,0.5,0.2,0.4,0.3
2025-26,22025,1629632,Coby White,1610612766,CHA,Charlotte Hornets,Handoff,Offensive,0.409,22,0.052,0.875,0.333,0.125,0.125,0.125,0.0,0.375,0.417,0.7,0.6,0.2,0.5,0.4
2025-26,22025,203952,Andrew Wiggins,1610612748,MIA,Miami Heat,Handoff,Offensive,0.409,65,0.017,0.875,0.429,0.0,0.125,0.0,0.0,0.375,0.5,0.2,0.2,0.1,0.2,0.1
2025-26,22025,1641854,Craig Porter Jr.,1610612739,CLE,Cleveland Cavaliers,Handoff,Offensive,0.359,62,0.052,0.824,0.429,0.0,0.176,0.0,0.0,0.353,0.5,0.3,0.2,0.1,0.2,0.1
2025-26,22025,1627741,Buddy Hield,1610612744,GSW,Golden State Warriors,Handoff,Offensive,0.359,41,0.049,0.824,0.267,0.059,0.059,0.059,0.0,0.294,0.4,0.4,0.3,0.1,0.4,0.3
2025-26,22025,202699,Tobias Harris,1610612765,DET,Detroit Pistons,Handoff,Offensive,0.359,61,0.022,0.824,0.467,0.0,0.118,0.0,0.0,0.412,0.467,0.3,0.2,0.1,0.2,0.1
2025-26,22025,1641842,Ronald Holland II,1610612765,DET,Detroit Pistons,Handoff,Offensive,0.207,75,0.03,0.7,0.364,0.2,0.35,0.15,0.1,0.3,0.364,0.3,0.2,0.1,0.1,0.1
2025-26,22025,203471,Dennis Schröder,1610612758,SAC,Sacramento Kings,Handoff,Offensive,0.049,39,0.052,0.5,0.182,0.143,0.107,0.143,0.036,0.214,0.205,0.7,0.4,0.1,0.6,0.5
2025-26,22025,1642450,Daniss Jenkins,1610612765,DET,Detroit Pistons,Handoff,Offensive,0.04,69,0.045,0.424,0.143,0.091,0.091,0.091,0.03,0.182,0.161,0.5,0.2,0.1,0.4,0.3
2025-26,22025,1630702,Jaden Hardy,1610612764,WAS,Washington Wizards,Handoff,Offensive,0.964,23,0.035,1.3,0.556,0.0,0.1,0.0,0.0,0.5,0.722,0.4,0.6,0.2,0.4,0.2
2025-26,22025,1628379,Luke Kennard,1610612747,LAL,Los Angeles Lakers,Handoff,Offensive,0.64,32,0.054,1.0,0.545,0.0,0.154,0.0,0.0,0.462,0.591,0.4,0.4,0.2,0.3,0.2
2025-26,22025,1642864,Hugo González,1610612738,BOS,Boston Celtics,Handoff,Offensive,0.64,72,0.044,1.0,0.6,0.0,0.231,0.0,0.0,0.462,0.65,0.2,0.2,0.1,0.1,0.1
2025-26,22025,1630536,Sharife Cooper,1610612764,WAS,Washington Wizards,Handoff,Offensive,0.505,39,0.042,0.929,0.545,0.071,0.214,0.071,0.071,0.429,0.545,0.4,0.3,0.2,0.3,0.1
2025-26,22025,1630592,Jalen Wilson,1610612751,BKN,Brooklyn Nets,Handoff,Offensive,0.393,53,0.042,0.867,0.385,0.2,0.0,0.2,0.067,0.467,0.423,0.3,0.2,0.1,0.2,0.2
2025-26,22025,1642504,Cormac Ryan,1610612749,MIL,Milwaukee Bucks,Handoff,Offensive,0.336,11,0.124,0.813,0.385,0.0,0.188,0.0,0.0,0.313,0.5,1.5,1.2,0.5,1.2,0.7
2025-26,22025,1641724,Jett Howard,1610612753,ORL,Orlando Magic,Handoff,Offensive,0.336,52,0.061,0.813,0.4,0.0,0.063,0.0,0.0,0.375,0.433,0.3,0.3,0.1,0.3,0.2
2025-26,22025,1628971,Bruce Brown,1610612743,DEN,Denver Nuggets,Handoff,Offensive,0.138,80,0.032,0.619,0.4,0.048,0.238,0.048,0.0,0.333,0.4,0.3,0.2,0.1,0.2,0.1
2025-26,22025,1630529,Herbert Jones,1610612740,NOP,New Orleans Pelicans,Handoff,Offensive,0.113,54,0.04,0.591,0.263,0.0,0.136,0.0,0.0,0.227,0.342,0.4,0.2,0.1,0.4,0.3
2025-26,22025,1642877,Micah Peavy,1610612740,NOP,New Orleans Pelicans,Handoff,Offensive,0.909,58,0.034,1.2,0.5,0.1,0.1,0.1,0.0,0.5,0.625,0.2,0.2,0.1,0.1,0.1
2025-26,22025,1642278,Tyler Kolek,1610612752,NYK,New York Knicks,Handoff,Offensive,0.774,58,0.037,1.091,0.5,0.0,0.091,0.0,0.0,0.455,0.6,0.2,0.2,0.1,0.2,0.1
2025-26,22025,1642878,Tyrese Proctor,1610612739,CLE,Cleveland Cavaliers,Handoff,Offensive,0.489,48,0.047,0.923,0.455,0.0,0.154,0.0,0.0,0.385,0.545,0.3,0.3,0.1,0.2,0.1
2025-26,22025,1631121,Bryce McGowens,1610612740,NOP,New Orleans Pelicans,Handoff,Offensive,0.489,41,0.045,0.923,0.375,0.308,0.231,0.308,0.154,0.385,0.375,0.3,0.3,0.1,0.2,0.1
2025-26,22025,1642265,Rob Dillingham,1610612741,CHI,Chicago Bulls,Handoff,Offensive,0.305,30,0.043,0.8,0.417,0.067,0.133,0.067,0.0,0.4,0.458,0.5,0.4,0.2,0.4,0.2
2025-26,22025,1629632,Coby White,1610612741,CHI,Chicago Bulls,Handoff,Offensive,0.305,28,0.029,0.8,0.625,0.067,0.4,0.067,0.0,0.4,0.688,0.5,0.4,0.2,0.3,0.1
2025-26,22025,1630545,Terrence Shannon Jr.,1610612750,MIN,Minnesota Timberwolves,Handoff,Offensive,0.253,42,0.072,0.75,0.286,0.063,0.063,0.063,0.0,0.313,0.357,0.4,0.3,0.1,0.3,0.2
2025-26,22025,203954,Joel Embiid,1610612755,PHI,Philadelphia 76ers,Handoff,Offensive,0.117,38,0.021,0.6,0.133,0.2,0.05,0.2,0.0,0.25,0.167,0.5,0.3,0.1,0.4,0.3
2025-26,22025,1629636,Darius Garland,1610612739,CLE,Cleveland Cavaliers,Handoff,Offensive,0.049,23,0.056,0.5,0.25,0.042,0.125,0.042,0.0,0.25,0.275,1.0,0.5,0.2,0.9,0.7
2025-26,22025,1629216,Gabe Vincent,1610612747,LAL,Los Angeles Lakers,Handoff,Offensive,0.798,26,0.071,1.1,0.333,0.1,0.0,0.1,0.0,0.4,0.5,0.4,0.4,0.1,0.3,0.2
2025-26,22025,1631323,Simone Fontecchio,1610612748,MIA,Miami Heat,Handoff,Offensive,0.798,66,0.019,1.1,0.444,0.0,0.1,0.0,0.0,0.4,0.611,0.2,0.2,0.1,0.1,0.1
2025-26,22025,1630631,Jose Alvarado,1610612752,NYK,New York Knicks,Handoff,Offensive,0.64,28,0.053,1.0,0.4,0.091,0.0,0.091,0.0,0.455,0.45,0.4,0.4,0.1,0.4,0.2
2025-26,22025,1628381,John Collins,1610612746,LAC,LA Clippers,Handoff,Offensive,0.185,66,0.021,0.688,0.308,0.063,0.125,0.063,0.0,0.313,0.385,0.2,0.2,0.1,0.2,0.1
2025-26,22025,1630551,Justin Champagnie,1610612764,WAS,Washington Wizards,Handoff,Offensive,0.098,65,0.038,0.55,0.286,0.05,0.25,0.05,0.0,0.25,0.357,0.3,0.2,0.1,0.2,0.2
2025-26,22025,1642948,Ryan Nembhard,1610612742,DAL,Dallas Mavericks,Handoff,Offensive,0.084,58,0.045,0.524,0.286,0.048,0.286,0.048,0.0,0.238,0.321,0.4,0.2,0.1,0.2,0.2
2025-26,22025,1629599,Amir Coffey,1610612749,MIL,Milwaukee Bucks,Handoff,Offensive,0.64,30,0.156,1.0,0.375,0.2,0.0,0.2,0.0,0.5,0.375,0.3,0.3,0.1,0.3,0.2
2025-26,22025,1630631,Jose Alvarado,1610612740,NOP,New Orleans Pelicans,Handoff,Offensive,0.274,38,0.043,0.769,0.333,0.0,0.077,0.0,0.0,0.308,0.417,0.3,0.3,0.1,0.3,0.2
2025-26,22025,1642920,Kobe Sanders,1610612746,LAC,LA Clippers,Handoff,Offensive,0.146,65,0.034,0.625,0.333,0.125,0.188,0.125,0.063,0.313,0.333,0.2,0.2,0.1,0.2,0.1
2025-26,22025,1631172,Ousmane Dieng,1610612749,MIL,Milwaukee Bucks,Handoff,Offensive,0.033,30,0.061,0.417,0.222,0.083,0.167,0.083,0.0,0.25,0.222,0.8,0.3,0.1,0.6,0.5
2025-26,22025,1643007,Taelon Peter,1610612754,IND,Indiana Pacers,Handoff,Offensive,0.253,36,0.063,0.75,0.222,0.083,0.167,0.083,0.0,0.25,0.333,0.3,0.3,0.1,0.3,0.2
2025-26,22025,1630245,Ayo Dosunmu,1610612741,CHI,Chicago Bulls,Handoff,Offensive,0.198,43,0.023,0.692,0.333,0.154,0.154,0.154,0.0,0.385,0.333,0.3,0.2,0.1,0.2,0.1
2025-26,22025,1627739,Kris Dunn,1610612746,LAC,LA Clippers,Handoff,Offensive,0.198,79,0.022,0.692,0.3,0.154,0.077,0.154,0.0,0.385,0.35,0.2,0.1,0.0,0.1,0.1
2025-26,22025,1641711,Gradey Dick,1610612761,TOR,Toronto Raptors,Handoff,Offensive,0.117,73,0.034,0.6,0.25,0.0,0.2,0.0,0.0,0.2,0.375,0.2,0.1,0.0,0.2,0.1
2025-26,22025,1630679,Ethan Thompson,1610612754,IND,Indiana Pacers,Handoff,Offensive,0.102,32,0.066,0.563,0.25,0.125,0.125,0.125,0.0,0.313,0.25,0.5,0.3,0.1,0.4,0.3
2025-26,22025,1641709,Ausar Thompson,1610612765,DET,Detroit Pistons,Handoff,Offensive,0.049,71,0.024,0.5,0.364,0.111,0.278,0.111,0.0,0.278,0.364,0.3,0.1,0.1,0.2,0.1
2025-26,22025,202710,Jimmy Butler III,1610612744,GSW,Golden State Warriors,Handoff,Offensive,0.305,35,0.017,0.8,0.429,0.1,0.3,0.1,0.1,0.3,0.5,0.3,0.2,0.1,0.2,0.1
2025-26,22025,1642852,Derik Queen,1610612740,NOP,New Orleans Pelicans,Handoff,Offensive,0.234,78,0.011,0.727,0.222,0.182,0.0,0.182,0.0,0.364,0.222,0.1,0.1,0.0,0.1,0.1
2025-26,22025,1642880,Kam Jones,1610612754,IND,Indiana Pacers,Handoff,Offensive,0.168,37,0.057,0.667,0.5,0.083,0.25,0.083,0.0,0.333,0.5,0.3,0.2,0.1,0.2,0.1
2025-26,22025,1631128,Christian Braun,1610612743,DEN,Denver Nuggets,Handoff,Offensive,0.168,44,0.025,0.667,0.4,0.0,0.167,0.0,0.0,0.333,0.4,0.3,0.2,0.1,0.2,0.1
2025-26,22025,1628366,Lonzo Ball,1610612739,CLE,Cleveland Cavaliers,Handoff,Offensive,0.131,33,0.057,0.615,0.25,0.0,0.077,0.0,0.0,0.231,0.333,0.4,0.2,0.1,0.4,0.3
2025-26,22025,1642271,Kyle Filipowski,1610612762,UTA,Utah Jazz,Handoff,Offensive,0.044,75,0.021,0.444,0.231,0.111,0.167,0.111,0.0,0.278,0.231,0.2,0.1,0.0,0.2,0.1
2025-26,22025,1642377,Jaylen Wells,1610612763,MEM,Memphis Grizzlies,Handoff,Offensive,0.022,66,0.033,0.296,0.19,0.037,0.185,0.037,0.0,0.148,0.19,0.4,0.1,0.1,0.3,0.3
2025-26,22025,203914,Gary Harris,1610612749,MIL,Milwaukee Bucks,Handoff,Offensive,0.153,45,0.097,0.636,0.375,0.0,0.273,0.0,0.0,0.273,0.438,0.2,0.2,0.1,0.2,0.1
2025-26,22025,1642364,Jamir Watkins,1610612764,WAS,Washington Wizards,Handoff,Offensive,0.153,47,0.03,0.636,0.375,0.0,0.273,0.0,0.0,0.273,0.438,0.2,0.1,0.1,0.2,0.1
2025-26,22025,1642266,Ja'Kobe Walter,1610612761,TOR,Toronto Raptors,Handoff,Offensive,0.109,69,0.026,0.583,0.222,0.167,0.083,0.167,0.0,0.333,0.222,0.2,0.1,0.0,0.1,0.1
2025-26,22025,204456,T.J. McConnell,1610612754,IND,Indiana Pacers,Handoff,Offensive,0.087,53,0.027,0.538,0.273,0.077,0.077,0.077,0.0,0.308,0.273,0.2,0.1,0.1,0.2,0.2
2025-26,22025,201935,James Harden,1610612739,CLE,Cleveland Cavaliers,Handoff,Offensive,0.049,26,0.028,0.5,0.3,0.0,0.286,0.0,0.0,0.214,0.35,0.5,0.3,0.1,0.4,0.3
2025-26,22025,1629660,Ty Jerome,1610612763,MEM,Memphis Grizzlies,Handoff,Offensive,0.117,15,0.038,0.6,0.286,0.1,0.2,0.1,0.0,0.3,0.357,0.7,0.4,0.1,0.5,0.3
2025-26,22025,203471,Dennis Schröder,1610612739,CLE,Cleveland Cavaliers,Handoff,Offensive,0.091,30,0.039,0.545,0.25,0.091,0.182,0.091,0.0,0.273,0.25,0.4,0.2,0.1,0.3,0.2
2025-26,22025,1630692,Jordan Goodwin,1610612756,PHX,Phoenix Suns,Handoff,Offensive,0.091,66,0.018,0.545,0.3,0.0,0.091,0.0,0.0,0.273,0.3,0.2,0.1,0.0,0.2,0.1
2025-26,22025,1630560,Cam Thomas,1610612749,MIL,Milwaukee Bucks,Handoff,Offensive,0.049,18,0.059,0.5,0.2,0.167,0.0,0.167,0.0,0.333,0.2,0.7,0.3,0.1,0.6,0.4
2025-26,22025,1631222,Jake LaRavia,1610612747,LAL,Los Angeles Lakers,Handoff,Offensive,0.049,78,0.018,0.5,0.286,0.25,0.167,0.167,0.0,0.333,0.286,0.2,0.1,0.0,0.1,0.1
2025-26,22025,1631246,Vince Williams Jr.,1610612763,MEM,Memphis Grizzlies,Handoff,Offensive,0.049,31,0.032,0.5,0.25,0.0,0.2,0.0,0.0,0.2,0.313,0.3,0.2,0.1,0.3,0.2
2025-26,22025,1642954,Will Richard,1610612744,GSW,Golden State Warriors,Handoff,Offensive,0.049,66,0.025,0.5,0.222,0.0,0.1,0.0,0.0,0.2,0.278,0.2,0.1,0.0,0.1,0.1
2025-26,22025,1629750,Javonte Green,1610612765,DET,Detroit Pistons,Handoff,Offensive,0.049,79,0.02,0.5,0.222,0.1,0.1,0.1,0.1,0.2,0.278,0.1,0.1,0.0,0.1,0.1
2025-26,22025,1628991,Jaren Jackson Jr.,1610612763,MEM,Memphis Grizzlies,Handoff,Offensive,0.033,42,0.015,0.417,0.182,0.0,0.083,0.0,0.0,0.167,0.227,0.3,0.1,0.0,0.3,0.2
2025-26,22025,1630702,Jaden Hardy,1610612742,DAL,Dallas Mavericks,Handoff,Offensive,0.029,31,0.058,0.385,0.182,0.0,0.154,0.0,0.0,0.154,0.227,0.4,0.2,0.1,0.4,0.3
2025-26,22025,1629652,Luguentz Dort,1610612760,OKC,Oklahoma City Thunder,Handoff,Offensive,0.025,64,0.021,0.333,0.182,0.083,0.0,0.0,0.0,0.167,0.182,0.2,0.1,0.0,0.2,0.1
2025-26,22025,1631123,Jamaree Bouyea,1610612756,PHX,Phoenix Suns,Handoff,Offensive,0.018,43,0.058,0.267,0.167,0.0,0.2,0.0,0.0,0.133,0.167,0.3,0.1,0.0,0.3,0.2
2025-26,22025,201566,Russell Westbrook,1610612758,SAC,Sacramento Kings,Handoff,Offensive,0.015,61,0.015,0.25,0.154,0.0,0.188,0.0,0.0,0.125,0.154,0.3,0.1,0.0,0.2,0.2
2025-26,22025,1628988,Aaron Holiday,1610612745,HOU,Houston Rockets,Handoff,Offensive,0.007,54,0.04,0.182,0.111,0.0,0.182,0.0,0.0,0.091,0.111,0.2,0.0,0.0,0.2,0.1
2025-26,22025,1627936,Alex Caruso,1610612760,OKC,Oklahoma City Thunder,Handoff,Offensive,0.007,51,0.032,0.182,0.091,0.0,0.0,0.0,0.0,0.091,0.091,0.2,0.0,0.0,0.2,0.2
2025-26,22025,1631106,Tari Eason,1610612745,HOU,Houston Rockets,Handoff,Offensive,0.004,59,0.026,0.111,0.063,0.0,0.111,0.0,0.0,0.056,0.063,0.3,0.0,0.0,0.3,0.3
2025-26,22025,2544,LeBron James,1610612747,LAL,Los Angeles Lakers,Handoff,Offensive,0.0,57,0.009,0.0,0.0,0.0,0.273,0.0,0.0,0.0,0.0,0.2,0.0,0.0,0.1,0.1
