Season,PLAYER_ID,PLAYER_NAME,TEAM_ID,TEAM_ABBREVIATION,AGE,NICKNAME,FGM,FGA,FG_PCT,FGM,FGA,FG_PCT,FGM,FGA,FG_PCT,FGM,FGA,FG_PCT,FGM,FGA,FG_PCT
2025-26,1630639,A.J. Lawson,1610612761,TOR,25.0,A.J.,0.7,1.4,0.469,0.0,0.0,0.0,0.0,0.0,0.0,0.8,2.0,0.422,0.0,0.0,0.0
2025-26,1631260,AJ Green,1610612749,MIL,26.0,AJ,0.2,0.3,0.565,0.2,0.3,0.48,0.1,0.2,0.313,3.0,7.1,0.419,0.0,0.0,0.0
2025-26,1642358,AJ Johnson,1610612742,DAL,21.0,AJ,1.0,2.4,0.393,0.0,0.1,0.2,0.0,0.1,0.0,0.3,1.2,0.211,0.0,0.0,0.0
2025-26,203932,Aaron Gordon,1610612743,DEN,30.0,Aaron,3.0,4.7,0.649,0.4,1.3,0.356,0.3,0.8,0.429,1.7,4.4,0.389,0.0,0.0,0.0
2025-26,1628988,Aaron Holiday,1610612745,HOU,29.0,Aaron,0.5,0.8,0.636,0.2,0.5,0.31,0.0,0.2,0.111,1.2,3.0,0.394,0.0,0.0,0.0
2025-26,1630174,Aaron Nesmith,1610612754,IND,26.0,Aaron,1.5,3.1,0.496,0.7,1.6,0.443,0.2,0.6,0.269,2.3,6.2,0.379,0.0,0.0,0.0
2025-26,1630598,Aaron Wiggins,1610612760,OKC,27.0,Aaron,1.8,3.3,0.538,0.3,0.7,0.37,0.1,0.1,0.5,1.5,4.2,0.356,0.0,0.0,0.0
2025-26,1642846,Ace Bailey,1610612762,UTA,19.0,Ace,2.1,3.3,0.65,0.8,1.8,0.429,0.7,1.8,0.386,1.9,5.5,0.344,0.0,0.0,0.0
2025-26,1642380,Adama Bal,1610612763,MEM,22.0,Adama,1.3,2.3,0.556,0.0,0.5,0.0,0.0,0.3,0.0,2.3,5.5,0.409,0.0,0.0,0.0
2025-26,1641737,Adem Bona,1610612755,PHI,23.0,Adem,1.8,2.9,0.608,0.0,0.1,0.4,0.0,0.0,0.0,0.0,0.1,0.333,0.0,0.0,0.0
2025-26,1642876,Adou Thiero,1610612747,LAL,21.0,Adou,0.6,1.1,0.556,0.0,0.0,0.0,0.0,0.0,0.0,0.0,0.1,0.333,0.0,0.0,0.0
2025-26,1642349,Ajay Mitchell,1610612760,OKC,23.0,Ajay,2.9,5.2,0.562,0.9,1.6,0.57,0.1,0.4,0.208,1.1,3.1,0.347,0.0,0.0,0.0
2025-26,201143,Al Horford,1610612744,GSW,39.0,Al,1.1,2.0,0.557,0.3,0.6,0.444,0.1,0.1,0.75,1.6,4.6,0.361,0.0,0.0,0.0
2025-26,1630828,Alex Antetokounmpo,1610612749,MIL,24.0,Alex,0.0,0.0,0.0,0.2,0.2,1.0,0.0,0.0,0.0,0.3,1.2,0.286,0.0,0.0,0.0
2025-26,1627936,Alex Caruso,1610612760,OKC,32.0,Alex,1.2,1.9,0.638,0.1,0.2,0.455,0.0,0.1,0.667,0.9,3.2,0.293,0.0,0.0,0.0
2025-26,1631457,Alex Morales,1610612753,ORL,28.0,Alex,0.5,1.3,0.4,0.3,0.3,1.0,0.0,0.0,0.0,0.0,0.3,0.0,0.0,0.0,0.0
2025-26,1642259,Alex Sarr,1610612764,WAS,20.0,Alex,4.6,7.9,0.584,0.8,2.1,0.376,0.2,0.6,0.286,1.0,3.1,0.333,0.0,0.0,0.0
2025-26,1642918,Alijah Martin,1610612761,TOR,24.0,Alijah,0.5,1.0,0.5,0.1,0.4,0.143,0.0,0.0,0.0,0.2,0.9,0.19,0.0,0.0,0.0
2025-26,1631214,Alondes Williams,1610612764,WAS,26.0,Alondes,2.5,2.5,1.0,0.3,0.3,1.0,0.0,0.3,0.0,1.3,3.5,0.357,0.0,0.0,0.0
2025-26,1630578,Alperen Sengun,1610612745,HOU,23.0,Alperen,6.0,9.8,0.615,1.5,3.6,0.414,0.2,0.6,0.256,0.6,1.8,0.305,0.0,0.0,0.0
2025-26,1642873,Amari Williams,1610612738,BOS,24.0,Amari,0.5,0.9,0.556,0.0,0.1,0.0,0.0,0.0,0.0,0.0,0.0,0.0,0.0,0.0,0.0
2025-26,1641708,Amen Thompson,1610612745,HOU,23.0,Amen,5.6,8.7,0.65,0.8,2.3,0.363,0.3,0.8,0.333,0.3,1.5,0.217,0.0,0.0,0.0
2025-26,1629599,Amir Coffey,1610612756,PHX,28.0,Amir,0.5,0.8,0.694,0.2,0.4,0.421,0.1,0.2,0.556,0.4,1.1,0.347,0.0,0.0,0.0
2025-26,1643158,Andersson Garcia,1610612762,UTA,25.0,Andersson,1.6,3.2,0.5,0.0,0.0,0.0,0.0,0.0,0.0,0.2,2.6,0.077,0.0,0.0,0.0
2025-26,203083,Andre Drummond,1610612755,PHI,32.0,Andre,1.9,3.6,0.524,0.1,0.3,0.389,0.0,0.0,0.0,0.5,1.4,0.356,0.0,0.0,0.0
2025-26,1641748,Andre Jackson Jr.,1610612749,MIL,24.0,Andre,0.5,1.0,0.477,0.1,0.3,0.231,0.0,0.1,0.0,0.3,1.3,0.25,0.0,0.0,0.0
2025-26,1629614,Andrew Nembhard,1610612754,IND,26.0,Andrew,2.0,3.4,0.571,1.3,2.7,0.49,0.7,1.9,0.361,1.9,5.2,0.361,0.0,0.0,0.0
2025-26,203952,Andrew Wiggins,1610612748,MIA,31.0,Andrew,2.8,4.8,0.588,0.6,1.6,0.357,0.3,0.8,0.412,2.0,4.9,0.414,0.0,0.0,0.0
2025-26,1629014,Anfernee Simons,1610612741,CHI,26.0,Anfernee,1.3,2.2,0.597,0.9,1.7,0.533,0.3,1.1,0.328,2.7,6.9,0.385,0.0,0.0,0.0
2025-26,1641710,Anthony Black,1610612753,ORL,22.0,Anthony,3.2,5.6,0.569,0.5,1.2,0.43,0.1,0.6,0.222,1.5,4.7,0.331,0.0,0.0,1.0
2025-26,203076,Anthony Davis,1610612764,WAS,33.0,Anthony,5.8,9.1,0.637,1.4,3.7,0.365,0.8,2.1,0.39,0.5,1.9,0.27,0.0,0.0,0.0
2025-26,1630162,Anthony Edwards,1610612750,MIN,24.0,Anthony,4.0,6.2,0.651,1.6,3.5,0.472,0.9,2.1,0.402,3.4,8.4,0.399,0.0,0.0,0.0
2025-26,1630264,Anthony Gill,1610612764,WAS,33.0,Anthony,2.0,2.7,0.759,0.2,0.4,0.364,0.0,0.0,0.0,0.3,0.9,0.354,0.0,0.0,0.0
2025-26,1641810,Antonio Reeves,1610612766,CHA,25.0,Antonio,0.2,0.6,0.4,0.1,0.2,0.5,0.0,0.0,0.0,0.7,1.3,0.538,0.0,0.0,0.0
2025-26,1630574,Ariel Hukporti,1610612752,NYK,24.0,Ariel,0.8,1.2,0.651,0.1,0.3,0.231,0.0,0.0,0.0,0.0,0.1,0.25,0.0,0.0,0.0
2025-26,1642854,Asa Newell,1610612737,ATL,20.0,Asa,1.4,2.0,0.705,0.0,0.1,0.0,0.0,0.0,0.0,0.7,1.7,0.387,0.0,0.0,0.0
2025-26,1641709,Ausar Thompson,1610612765,DET,23.0,Ausar,3.6,6.2,0.588,0.4,1.2,0.315,0.0,0.2,0.25,0.1,0.3,0.217,0.0,0.0,1.0
2025-26,1630559,Austin Reaves,1610612747,LAL,27.0,Austin,3.7,5.6,0.669,1.2,2.6,0.459,0.1,0.3,0.235,2.3,6.4,0.36,0.0,0.0,0.0
2025-26,1630245,Ayo Dosunmu,1610612750,MIN,26.0,Ayo,3.3,5.8,0.573,0.4,0.8,0.491,0.1,0.2,0.583,1.8,4.0,0.437,0.0,0.0,1.0
2025-26,1628389,Bam Adebayo,1610612748,MIA,28.0,Bam,3.7,6.1,0.604,1.3,3.4,0.382,0.2,0.7,0.308,1.7,5.5,0.318,0.0,0.0,0.0
2025-26,1631248,Baylor Scheierman,1610612738,BOS,25.0,Baylor,0.4,0.5,0.667,0.3,0.5,0.513,0.1,0.1,0.667,1.3,3.2,0.399,0.0,0.0,0.0
2025-26,1642879,Ben Saraf,1610612751,BKN,20.0,Ben,2.1,4.2,0.508,0.2,0.6,0.308,0.0,0.1,0.0,0.4,2.0,0.211,0.0,0.0,0.0
2025-26,1641767,Ben Sheppard,1610612754,IND,24.0,Ben,1.1,1.9,0.585,0.1,0.3,0.429,0.0,0.2,0.273,1.3,3.6,0.362,0.0,0.0,0.0
2025-26,1631097,Bennedict Mathurin,1610612746,LAC,23.0,Bennedict,2.6,4.9,0.544,0.8,1.8,0.434,0.6,1.5,0.39,1.4,4.4,0.315,0.0,0.0,0.0
2025-26,1643016,Bez Mbeng,1610612762,UTA,22.0,Bez,2.9,4.3,0.672,0.1,0.3,0.2,0.0,0.0,0.0,0.4,2.1,0.194,0.0,0.0,0.0
2025-26,1641731,Bilal Coulibaly,1610612764,WAS,21.0,Bilal,2.6,4.8,0.538,0.3,0.9,0.28,0.1,0.4,0.381,1.2,3.6,0.319,0.0,0.0,0.0
2025-26,202687,Bismack Biyombo,1610612759,SAS,33.0,Bismack,0.4,0.6,0.692,0.0,0.1,0.0,0.0,0.0,0.0,0.0,0.0,0.0,0.0,0.0,0.0
2025-26,1642396,Blake Hinson,1610612762,UTA,26.0,Blake,1.3,1.9,0.692,0.3,0.6,0.5,0.0,0.1,0.0,2.6,5.6,0.468,0.0,0.0,0.0
2025-26,1631104,Blake Wesley,1610612757,POR,23.0,Blake,1.4,2.1,0.646,0.1,0.6,0.188,0.0,0.3,0.143,0.3,1.2,0.278,0.0,0.0,0.0
2025-26,1626171,Bobby Portis,1610612749,MIL,31.0,Bobby,1.5,2.7,0.57,1.1,2.3,0.497,0.8,1.8,0.433,2.0,4.4,0.456,0.0,0.0,0.0
2025-26,1641752,Bobi Klintman,1610612765,DET,23.0,Bobi,0.4,1.0,0.364,0.1,0.2,0.5,0.0,0.1,0.0,0.4,1.2,0.308,0.0,0.0,0.0
2025-26,203992,Bogdan Bogdanović,1610612746,LAC,33.0,Bogdan,0.6,1.3,0.448,0.5,0.9,0.579,0.1,0.4,0.222,1.4,4.1,0.347,0.0,0.0,0.0
2025-26,1630538,Bones Hyland,1610612750,MIN,25.0,Bones,1.0,1.8,0.584,0.3,0.5,0.563,0.1,0.2,0.417,1.6,4.2,0.388,0.0,0.0,0.0
2025-26,203078,Bradley Beal,1610612746,LAC,32.0,Bradley,1.2,1.8,0.636,0.3,2.0,0.167,0.3,1.0,0.333,1.2,3.2,0.368,0.0,0.0,0.0
2025-26,1642382,Branden Carlson,1610612760,OKC,26.0,Branden,1.6,2.3,0.705,0.0,0.1,0.0,0.0,0.1,0.0,0.7,2.0,0.36,0.0,0.0,0.0
2025-26,1641764,Brandin Podziemski,1610612744,GSW,23.0,Brandin,2.0,3.0,0.655,0.7,1.8,0.386,0.3,0.7,0.367,1.9,5.0,0.371,0.0,0.0,0.0
2025-26,1629634,Brandon Clarke,1610612763,MEM,29.0,Brandon,1.0,4.0,0.25,0.5,0.5,1.0,0.0,0.0,0.0,0.0,0.0,0.0,0.0,0.0,0.0
2025-26,1627742,Brandon Ingram,1610612761,TOR,28.0,Brandon,2.3,3.9,0.583,2.6,5.3,0.495,1.3,2.9,0.451,1.8,4.6,0.381,0.0,0.0,0.0
2025-26,1641706,Brandon Miller,1610612766,CHA,23.0,Brandon,2.3,4.2,0.555,1.3,2.9,0.434,0.2,0.7,0.333,3.1,8.2,0.383,0.0,0.0,0.0
2025-26,1630314,Brandon Williams,1610612742,DAL,26.0,Brandon,2.9,5.2,0.569,0.7,1.3,0.517,0.2,0.5,0.469,0.5,2.3,0.234,0.0,0.0,0.0
2025-26,1641729,Brice Sensabaugh,1610612762,UTA,22.0,Brice,1.9,3.0,0.655,0.9,2.1,0.429,0.3,0.5,0.528,2.2,6.0,0.367,0.0,0.0,0.0
2025-26,1642355,Bronny James,1610612747,LAL,21.0,Bronny,0.3,0.6,0.538,0.2,0.5,0.316,0.1,0.4,0.385,0.5,1.4,0.386,0.0,0.0,0.0
2025-26,201572,Brook Lopez,1610612746,LAC,38.0,Brook,1.1,1.8,0.588,0.5,1.1,0.463,0.0,0.1,0.111,1.5,4.2,0.36,0.0,0.0,0.0
2025-26,1642964,Brooks Barnhizer,1610612760,OKC,24.0,Brooks,0.4,0.8,0.5,0.1,0.4,0.333,0.0,0.1,0.0,0.2,0.6,0.292,0.0,0.0,0.0
2025-26,1628971,Bruce Brown,1610612743,DEN,29.0,Bruce,2.0,3.4,0.582,0.3,1.0,0.321,0.0,0.1,0.0,0.7,1.8,0.385,0.0,0.0,0.0
2025-26,1631121,Bryce McGowens,1610612740,NOP,23.0,Bryce,1.5,2.8,0.556,0.2,0.6,0.375,0.1,0.1,0.667,0.9,2.2,0.409,0.0,0.0,0.0
2025-26,1642267,Bub Carrington,1610612764,WAS,20.0,Bub,0.5,1.2,0.402,0.6,1.3,0.45,0.7,1.5,0.471,2.1,5.0,0.408,0.0,0.0,0.0
2025-26,1631205,Buddy Boeheim,1610612760,OKC,26.0,Buddy,0.0,0.0,0.0,0.0,0.0,0.0,0.0,0.0,0.0,0.5,1.5,0.333,,,
2025-26,1627741,Buddy Hield,1610612737,ATL,33.0,Buddy,1.2,1.7,0.694,0.2,0.3,0.533,0.0,0.3,0.133,1.5,4.2,0.349,0.0,0.0,0.0
2025-26,1643047,CJ Huntley,1610612756,PHX,24.0,CJ,1.3,1.8,0.714,0.0,0.0,0.0,0.3,0.3,1.0,0.0,0.8,0.0,,,
2025-26,203468,CJ McCollum,1610612737,ATL,34.0,CJ,2.3,4.2,0.544,1.5,2.9,0.527,0.6,1.4,0.423,2.5,6.7,0.375,0.0,0.0,0.0
2025-26,1630595,Cade Cunningham,1610612765,DET,24.0,Cade,4.3,8.0,0.544,1.6,3.5,0.449,0.7,1.4,0.506,2.0,5.7,0.342,0.0,0.0,0.0
2025-26,1631216,Caleb Houstan,1610612737,ATL,23.0,Caleb,0.1,0.2,0.5,0.1,0.1,1.0,0.0,0.0,0.0,0.6,1.2,0.524,0.0,0.0,0.0
2025-26,1631126,Caleb Love,1610612757,POR,24.0,Caleb,1.4,2.7,0.515,0.3,0.7,0.412,0.3,0.6,0.467,1.9,6.1,0.318,0.0,0.0,0.0
2025-26,1628997,Caleb Martin,1610612742,DAL,30.0,Caleb,0.9,1.6,0.6,0.1,0.3,0.211,0.1,0.4,0.304,0.3,1.0,0.351,0.0,0.0,0.0
2025-26,1642353,Cam Christie,1610612746,LAC,20.0,Cam,0.6,1.2,0.485,0.2,0.5,0.391,0.0,0.0,0.0,0.2,0.9,0.245,0.0,0.0,0.0
2025-26,1642285,Cam Spencer,1610612763,MEM,26.0,Cam,0.5,1.1,0.506,0.8,1.4,0.545,0.3,0.8,0.436,2.0,4.5,0.449,0.0,0.0,0.0
2025-26,1630560,Cam Thomas,1610612749,MIL,24.0,Cam,1.4,2.9,0.492,1.4,2.9,0.471,0.5,1.3,0.404,1.2,4.0,0.311,0.0,0.0,0.0
2025-26,1641715,Cam Whitmore,1610612764,WAS,21.0,Cam,2.7,4.3,0.622,0.2,0.8,0.25,0.0,0.3,0.143,0.8,2.7,0.286,0.0,0.0,0.0
2025-26,1629661,Cameron Johnson,1610612743,DEN,30.0,Cameron,1.7,2.7,0.63,0.3,0.8,0.356,0.2,0.5,0.357,2.0,4.7,0.43,0.0,0.0,0.0
2025-26,1626166,Cameron Payne,1610612755,PHI,31.0,Cameron,0.7,1.4,0.516,0.4,0.9,0.444,0.0,0.1,0.0,1.5,4.4,0.33,0.0,0.0,0.0
2025-26,1627747,Caris LeVert,1610612765,DET,31.0,Caris,1.3,2.4,0.556,0.4,1.0,0.379,0.0,0.2,0.182,1.0,3.0,0.333,0.0,0.0,0.0
2025-26,1642868,Carter Bryant,1610612759,SAS,20.0,Carter,0.7,1.3,0.553,0.1,0.2,0.286,0.0,0.0,0.0,0.7,2.2,0.335,0.0,0.0,0.0
2025-26,1641717,Cason Wallace,1610612760,OKC,22.0,Cason,1.8,3.2,0.54,0.1,0.5,0.314,0.1,0.1,0.455,1.3,3.7,0.351,0.0,0.0,0.0
2025-26,1642907,Cedric Coward,1610612763,MEM,22.0,Cedric,2.7,4.3,0.642,0.6,1.5,0.406,0.0,0.2,0.25,1.5,4.4,0.338,0.0,0.0,0.0
2025-26,1643052,Chaney Johnson,1610612751,BKN,23.0,Chaney,2.2,3.2,0.673,0.3,0.5,0.556,0.0,0.0,0.0,0.5,1.8,0.3,0.0,0.0,0.0
2025-26,1629646,Charles Bassey,1610612744,GSW,25.0,Charles,2.2,3.1,0.7,0.2,0.5,0.429,0.0,0.0,0.0,0.0,0.0,0.0,0.0,0.0,0.0
2025-26,1642404,Chaz Lanier,1610612765,DET,24.0,Chaz,0.0,0.1,0.333,0.2,0.3,0.556,0.1,0.4,0.3,0.6,2.0,0.284,0.0,0.0,0.0
2025-26,1631096,Chet Holmgren,1610612760,OKC,23.0,Chet,4.0,5.7,0.701,0.8,1.6,0.491,0.2,0.5,0.5,1.3,3.5,0.362,0.0,0.0,0.0
2025-26,1628449,Chris Boucher,1610612738,BOS,33.0,Chris,0.7,1.0,0.667,0.0,0.0,0.0,0.0,0.1,0.0,0.2,1.7,0.133,0.0,0.0,0.0
2025-26,1641753,Chris Livingston,1610612739,CLE,22.0,Chris,1.3,1.3,1.0,0.0,0.0,0.0,0.0,0.0,0.0,0.0,1.0,0.0,0.0,0.0,0.0
2025-26,1643024,Chris Mañon,1610612747,LAL,24.0,Chris,0.3,0.3,1.0,0.0,0.1,0.0,0.0,0.0,0.0,0.0,0.3,0.0,0.0,0.0,0.0
2025-26,101108,Chris Paul,1610612746,LAC,40.0,Chris,0.3,0.4,0.571,0.1,0.9,0.143,0.1,0.3,0.4,0.6,1.9,0.333,0.0,0.0,0.0
2025-26,1642959,Chris Youngblood,1610612757,POR,24.0,Chris,0.1,0.2,0.6,0.0,0.1,0.333,0.0,0.0,0.0,0.5,1.6,0.333,0.0,0.0,0.0
2025-26,1631128,Christian Braun,1610612743,DEN,24.0,Christian,3.3,4.9,0.677,0.2,0.3,0.5,0.1,0.3,0.333,1.0,3.3,0.301,0.0,0.0,0.0
2025-26,1631132,Christian Koloko,1610612737,ATL,25.0,Christian,1.0,1.9,0.529,0.1,0.5,0.25,0.0,0.1,0.0,0.0,0.3,0.111,0.0,0.0,0.0
2025-26,1642935,Chucky Hepburn,1610612761,TOR,23.0,Chucky,0.0,0.0,0.0,0.0,0.5,0.0,0.0,0.0,0.0,0.0,2.5,0.0,0.0,0.0,0.0
2025-26,203991,Clint Capela,1610612745,HOU,31.0,Clint,1.5,2.9,0.537,0.0,0.1,0.2,0.0,0.0,0.0,0.0,0.0,0.5,0.0,0.0,0.0
2025-26,1629632,Coby White,1610612766,CHA,26.0,Coby,2.5,4.4,0.573,0.5,1.2,0.466,0.2,0.5,0.37,2.3,6.4,0.362,0.0,0.0,0.0
2025-26,1628998,Cody Martin,1610612754,IND,30.0,Cody,0.5,1.0,0.5,0.0,0.3,0.0,0.0,0.0,0.0,0.0,1.3,0.0,0.0,0.0,0.0
2025-26,1642262,Cody Williams,1610612762,UTA,21.0,Cody,2.5,4.1,0.608,0.4,1.1,0.403,0.2,0.5,0.455,0.4,2.0,0.214,0.0,0.0,0.0
2025-26,1641732,Colby Jones,1610612765,DET,23.0,Colby,1.0,1.0,1.0,0.0,0.0,0.0,0.0,0.0,0.0,0.0,2.0,0.0,,,
2025-26,1630175,Cole Anthony,1610612749,MIL,25.0,Cole,1.0,2.2,0.462,0.9,1.8,0.516,0.3,0.6,0.421,0.6,2.1,0.306,0.0,0.0,0.0
2025-26,1630658,Colin Castleton,1610612753,ORL,25.0,Colin,0.3,0.8,0.333,0.3,0.5,0.5,0.0,0.0,0.0,0.0,0.0,0.0,0.0,0.0,0.0
2025-26,1631221,Collin Gillespie,1610612756,PHX,26.0,Collin,0.6,1.2,0.484,0.7,1.6,0.443,0.2,0.5,0.425,2.9,7.2,0.401,0.0,0.0,0.0
2025-26,1642867,Collin Murray-Boyles,1610612761,TOR,20.0,Collin,3.1,4.6,0.659,0.1,0.3,0.294,0.0,0.2,0.182,0.3,0.9,0.34,0.0,0.0,0.0
2025-26,1629012,Collin Sexton,1610612741,CHI,27.0,Collin,2.8,4.9,0.57,0.6,1.3,0.494,0.2,0.6,0.333,1.6,4.1,0.401,0.0,0.0,0.0
2025-26,1642843,Cooper Flagg,1610612742,DAL,19.0,Cooper,4.7,8.0,0.594,1.6,3.7,0.432,0.6,1.9,0.333,1.0,3.5,0.294,0.0,0.0,0.0
2025-26,1630557,Corey Kispert,1610612737,ATL,27.0,Corey,1.5,2.4,0.628,0.2,0.4,0.55,0.0,0.0,0.0,1.5,4.1,0.367,0.0,0.0,0.0
2025-26,1642504,Cormac Ryan,1610612749,MIL,27.0,Cormac,2.0,2.8,0.71,0.4,0.9,0.4,0.0,0.2,0.0,2.5,5.4,0.458,0.0,0.0,0.0
2025-26,1641854,Craig Porter Jr.,1610612739,CLE,26.0,Craig,0.9,1.7,0.557,0.3,0.9,0.382,0.0,0.1,0.75,0.5,1.5,0.355,0.0,0.0,0.0
2025-26,1642938,Curtis Jones,1610612743,DEN,24.0,Curtis,0.2,0.6,0.333,0.3,0.3,1.0,0.0,0.0,0.0,0.6,1.8,0.333,0.0,0.0,0.0
2025-26,1626156,D'Angelo Russell,1610612764,WAS,30.0,D'Angelo,1.2,2.1,0.545,0.9,1.8,0.511,0.3,0.7,0.389,1.3,4.3,0.295,0.0,0.0,0.0
2025-26,1629610,DaQuan Jeffries,1610612758,SAC,28.0,DaQuan,2.3,3.3,0.7,0.0,0.0,0.0,0.0,0.0,0.0,1.3,3.0,0.444,0.0,0.0,0.0
2025-26,1641747,DaRon Holmes II,1610612743,DEN,23.0,DaRon,0.4,0.6,0.643,0.1,0.1,1.0,0.0,0.0,0.0,0.8,1.8,0.444,0.0,0.0,0.0
2025-26,1631342,Daeqwon Plowden,1610612758,SAC,27.0,Daeqwon,1.6,2.6,0.622,0.2,0.3,0.636,0.0,0.0,0.0,1.9,5.8,0.333,0.0,0.0,0.0
2025-26,1630625,Dalano Banton,1610612738,BOS,26.0,Dalano,0.3,1.5,0.222,0.3,0.3,1.0,0.0,0.0,0.0,0.0,0.2,0.0,0.0,0.0,0.0
2025-26,1631207,Dalen Terry,1610612755,PHI,23.0,Dalen,0.8,1.6,0.506,0.1,0.1,0.5,0.0,0.1,0.25,0.5,1.4,0.364,0.0,0.0,0.0
2025-26,1642261,Dalton Knecht,1610612747,LAL,24.0,Dalton,0.6,0.9,0.646,0.3,0.5,0.593,0.0,0.1,0.4,0.7,2.1,0.342,0.0,0.0,0.0
2025-26,1629655,Daniel Gafford,1610612742,DAL,27.0,Daniel,3.7,5.5,0.664,0.1,0.2,0.4,0.0,0.0,0.5,0.0,0.0,0.0,0.0,0.0,0.0
2025-26,1642450,Daniss Jenkins,1610612765,DET,24.0,Daniss,1.5,3.3,0.462,0.5,1.3,0.351,0.2,0.6,0.405,1.0,2.7,0.371,0.0,0.0,1.0
2025-26,1642874,Danny Wolf,1610612751,BKN,21.0,Danny,1.8,3.6,0.51,0.1,0.3,0.2,0.0,0.1,0.25,1.2,3.7,0.322,0.0,0.0,0.0
2025-26,203967,Dario Saric,1610612758,SAC,32.0,Dario,0.0,0.4,0.0,0.0,0.0,0.0,0.0,0.2,0.0,0.2,0.6,0.333,0.0,0.0,0.0
2025-26,1641727,Dariq Whitehead,1610612763,MEM,21.0,Dariq,2.3,4.5,0.519,0.5,0.5,1.0,0.2,0.5,0.333,3.2,10.0,0.317,0.0,0.0,0.0
2025-26,1642468,Darius Brown,1610612739,CLE,26.0,Darius,0.0,0.0,0.0,0.0,0.0,0.0,0.0,1.0,0.0,0.0,0.0,0.0,,,
2025-26,1629636,Darius Garland,1610612746,LAC,26.0,Darius,2.5,4.5,0.544,1.4,2.7,0.512,0.3,0.9,0.359,2.7,6.8,0.396,0.0,0.0,0.0
2025-26,1642357,David Jones Garcia,1610612759,SAS,24.0,David,0.9,1.8,0.5,0.1,0.2,0.5,0.0,0.0,0.0,0.3,0.5,0.6,0.0,0.0,0.0
2025-26,1631223,David Roddy,1610612743,DEN,25.0,David,2.4,3.8,0.632,0.0,0.0,0.0,0.0,0.0,0.0,0.6,2.2,0.273,0.0,0.0,0.0
2025-26,1630558,Davion Mitchell,1610612748,MIA,27.0,Davion,1.9,3.2,0.596,0.4,0.9,0.467,0.1,0.3,0.45,1.3,3.3,0.395,0.0,0.0,0.0
2025-26,1630549,Day'Ron Sharpe,1610612751,BKN,24.0,Day'Ron,3.3,4.9,0.669,0.0,0.1,0.111,0.0,0.0,0.0,0.1,0.6,0.231,0.0,0.0,0.0
2025-26,1628368,De'Aaron Fox,1610612759,SAS,28.0,De'Aaron,3.2,4.9,0.64,1.6,3.2,0.502,0.5,1.0,0.522,1.8,5.5,0.332,0.0,0.0,0.0
2025-26,1629631,De'Andre Hunter,1610612758,SAC,28.0,De'Andre,1.5,2.7,0.553,1.1,2.2,0.505,0.3,0.7,0.455,1.7,5.5,0.305,0.0,0.0,0.0
2025-26,1629001,De'Anthony Melton,1610612744,GSW,27.0,De'Anthony,2.4,4.7,0.522,0.3,0.7,0.457,0.2,0.4,0.4,1.5,5.0,0.294,0.0,0.0,0.0
2025-26,201599,DeAndre Jordan,1610612740,NOP,37.0,DeAndre,1.8,2.6,0.677,0.0,0.1,0.0,0.0,0.0,0.0,0.0,0.0,0.0,0.0,0.0,0.0
2025-26,1630610,DeJon Jarreau,1610612763,MEM,28.0,DeJon,1.9,3.1,0.618,0.7,1.5,0.5,0.0,0.3,0.0,0.4,2.7,0.133,0.0,0.0,0.0
2025-26,201942,DeMar DeRozan,1610612758,SAC,36.0,DeMar,1.8,2.8,0.642,2.4,4.8,0.508,1.6,3.5,0.458,0.6,1.9,0.324,0.0,0.0,0.0
2025-26,1629731,Dean Wade,1610612739,CLE,29.0,Dean,0.8,1.2,0.671,0.0,0.2,0.222,0.0,0.1,0.667,1.2,3.3,0.362,0.0,0.0,0.0
2025-26,1629028,Deandre Ayton,1610612747,LAL,27.0,Deandre,4.6,6.3,0.729,0.9,1.8,0.485,0.1,0.2,0.533,0.0,0.0,0.0,0.0,0.0,0.0
2025-26,1627749,Dejounte Murray,1610612740,NOP,29.0,Dejounte,3.0,5.1,0.583,1.6,2.7,0.605,0.3,0.7,0.4,1.4,4.4,0.306,0.0,0.0,0.0
2025-26,1630166,Deni Avdija,1610612757,POR,25.0,Deni,4.7,8.2,0.57,0.8,1.7,0.472,0.2,0.4,0.393,1.9,6.0,0.318,0.0,0.0,0.0
2025-26,203471,Dennis Schröder,1610612739,CLE,32.0,Dennis,1.6,3.1,0.505,0.7,1.8,0.372,0.3,0.7,0.404,1.1,3.3,0.329,0.0,0.0,0.0
2025-26,1641726,Dereck Lively II,1610612742,DAL,22.0,Dereck,1.4,2.4,0.588,0.1,0.1,1.0,0.0,0.0,0.0,0.0,0.0,0.0,0.0,0.0,0.0
2025-26,1642852,Derik Queen,1610612740,NOP,21.0,Derik,3.4,6.2,0.549,0.4,1.3,0.337,0.3,0.7,0.386,0.3,1.1,0.261,0.0,0.0,0.0
2025-26,1627884,Derrick Jones Jr.,1610612746,LAC,29.0,Derrick,2.6,4.0,0.643,0.1,0.5,0.208,0.0,0.1,0.333,1.1,3.0,0.362,0.0,0.0,0.0
2025-26,1628401,Derrick White,1610612738,BOS,31.0,Derrick,1.5,2.6,0.567,1.1,2.5,0.449,0.3,0.9,0.366,2.7,8.3,0.327,0.0,0.0,0.0
2025-26,1630217,Desmond Bane,1610612753,ORL,27.0,Desmond,3.7,6.5,0.58,1.0,2.1,0.459,0.4,0.9,0.39,2.0,5.2,0.391,0.0,0.0,0.0
2025-26,1626164,Devin Booker,1610612756,PHX,29.0,Devin,2.8,4.9,0.578,2.5,5.2,0.475,1.3,2.8,0.467,1.9,5.8,0.331,0.0,0.0,0.0
2025-26,1642269,Devin Carter,1610612758,SAC,24.0,Devin,2.3,3.8,0.597,0.1,0.8,0.167,0.0,0.1,0.0,0.8,3.0,0.263,0.0,0.0,0.0
2025-26,1630170,Devin Vassell,1610612759,SAS,25.0,Devin,0.8,1.4,0.558,1.1,2.3,0.484,0.5,1.1,0.493,2.5,6.4,0.384,0.0,0.0,0.0
2025-26,1628415,Dillon Brooks,1610612756,PHX,30.0,Dillon,1.9,3.5,0.543,2.6,5.2,0.493,0.7,1.8,0.388,2.3,6.6,0.344,0.0,0.0,0.0
2025-26,1641794,Dillon Jones,1610612752,NYK,24.0,Dillon,0.1,0.3,0.5,0.0,0.3,0.0,0.0,0.0,0.0,0.2,0.8,0.2,0.0,0.0,0.0
2025-26,1627734,Domantas Sabonis,1610612758,SAC,29.0,Domantas,5.4,9.2,0.586,0.7,1.0,0.684,0.0,0.1,0.0,0.3,1.4,0.185,0.0,0.0,0.0
2025-26,1631230,Dominick Barlow,1610612755,PHI,22.0,Dominick,2.6,3.9,0.662,0.2,0.5,0.314,0.0,0.1,0.125,0.3,1.1,0.259,0.0,0.0,0.0
2025-26,1642270,Donovan Clingan,1610612757,POR,22.0,Donovan,3.5,5.5,0.629,0.0,0.1,0.222,0.1,0.1,0.667,1.1,3.2,0.341,0.0,0.0,0.0
2025-26,1628378,Donovan Mitchell,1610612739,CLE,29.0,Donovan,4.1,6.6,0.614,1.8,3.3,0.563,0.6,1.3,0.426,3.2,8.8,0.364,0.0,0.0,0.0
2025-26,1628978,Donte DiVincenzo,1610612750,MIN,29.0,Donte,0.9,1.8,0.507,0.2,0.4,0.455,0.0,0.1,0.5,3.0,7.9,0.379,0.0,0.0,0.0
2025-26,1627827,Dorian Finney-Smith,1610612745,HOU,32.0,Dorian,0.5,0.8,0.567,0.0,0.1,0.0,0.0,0.0,0.0,0.7,2.7,0.27,0.0,0.0,0.0
2025-26,203926,Doug McDermott,1610612758,SAC,34.0,Doug,0.2,0.3,0.5,0.0,0.2,0.167,0.0,0.0,0.0,1.7,4.2,0.39,0.0,0.0,0.0
2025-26,1642962,Drake Powell,1610612751,BKN,20.0,Drake,1.0,1.6,0.631,0.3,0.9,0.362,0.1,0.2,0.467,0.8,2.9,0.28,0.0,0.0,0.0
2025-26,203110,Draymond Green,1610612744,GSW,36.0,Draymond,1.4,2.2,0.624,0.1,0.4,0.37,0.0,0.1,0.2,1.5,4.6,0.326,0.0,0.0,0.0
2025-26,1629234,Drew Eubanks,1610612758,SAC,29.0,Drew,1.8,2.7,0.658,0.4,0.8,0.515,0.0,0.0,0.0,0.0,0.2,0.143,0.0,0.0,0.0
2025-26,1641809,Drew Peterson,1610612766,CHA,26.0,Drew,0.3,0.7,0.5,0.0,0.0,0.0,0.0,0.0,0.0,0.0,2.0,0.0,0.0,0.0,0.0
2025-26,1631166,Drew Timme,1610612747,LAL,25.0,Drew,0.7,1.0,0.68,0.5,0.7,0.667,0.0,0.1,0.0,0.4,1.0,0.44,0.0,0.0,0.0
2025-26,1630696,Dru Smith,1610612748,MIA,28.0,Dru,1.1,2.3,0.497,0.2,0.5,0.486,0.0,0.0,0.5,0.5,1.8,0.295,0.0,0.0,0.0
2025-26,1629130,Duncan Robinson,1610612765,DET,31.0,Duncan,0.9,1.6,0.603,0.3,0.5,0.657,0.0,0.1,0.333,2.9,7.0,0.41,0.0,0.0,0.0
2025-26,1641871,Duop Reath,1610612757,POR,29.0,Duop,0.3,0.6,0.526,0.0,0.0,0.0,0.0,0.0,0.0,0.7,1.8,0.418,0.0,0.0,0.0
2025-26,203939,Dwight Powell,1610612742,DAL,34.0,Dwight,1.0,1.5,0.667,0.0,0.0,0.0,0.0,0.0,1.0,0.0,0.1,0.286,0.0,0.0,0.0
2025-26,1642928,Dylan Cardwell,1610612758,SAC,24.0,Dylan,2.1,3.3,0.65,0.2,0.7,0.333,0.0,0.0,0.0,0.0,0.1,0.5,0.0,0.0,0.0
2025-26,1642844,Dylan Harper,1610612759,SAS,20.0,Dylan,3.2,5.2,0.602,0.5,1.2,0.422,0.2,0.5,0.515,0.9,2.6,0.341,0.0,0.0,0.5
2025-26,1630700,Dyson Daniels,1610612737,ATL,23.0,Dyson,4.3,7.3,0.591,0.7,1.4,0.505,0.0,0.0,0.0,0.3,1.5,0.188,0.0,0.0,0.0
2025-26,1630604,E.J. Liddell,1610612751,BKN,25.0,E.J.,1.1,1.7,0.651,0.3,0.6,0.5,0.0,0.1,0.5,0.7,2.0,0.346,0.0,0.0,0.0
2025-26,1642856,Egor Dëmin,1610612751,BKN,20.0,Egor,0.8,1.7,0.477,0.2,0.4,0.524,0.1,0.4,0.15,2.4,6.2,0.385,0.0,0.0,0.0
2025-26,1641989,Elijah Harkless,1610612762,UTA,26.0,Elijah,1.1,2.2,0.491,0.1,0.4,0.3,0.1,0.3,0.333,0.8,3.4,0.239,0.0,0.0,0.0
2025-26,1641801,Emanuel Miller,1610612759,SAS,25.0,Emanuel,0.6,1.2,0.5,0.0,0.0,0.0,0.2,0.2,1.0,0.4,1.2,0.333,0.0,0.0,0.0
2025-26,1642402,Enrique Freeman,1610612750,MIN,25.0,Enrique,0.3,0.5,0.5,0.0,0.3,0.0,0.3,0.3,1.0,0.5,1.0,0.5,0.0,0.0,0.0
2025-26,201569,Eric Gordon,1610612755,PHI,37.0,Eric,0.7,1.2,0.571,0.0,0.0,0.0,0.0,0.0,0.0,1.3,2.3,0.571,0.0,0.0,0.0
2025-26,1630679,Ethan Thompson,1610612754,IND,26.0,Ethan,0.9,1.6,0.58,0.1,0.8,0.16,0.1,0.2,0.6,1.2,3.6,0.328,0.0,0.0,0.0
2025-26,1630596,Evan Mobley,1610612739,CLE,24.0,Evan,5.3,7.8,0.68,0.8,1.9,0.455,0.1,0.3,0.316,1.0,3.2,0.297,0.0,0.0,0.0
2025-26,1630532,Franz Wagner,1610612753,ORL,24.0,Franz,4.7,8.3,0.567,0.8,1.8,0.419,0.3,0.7,0.417,1.4,4.1,0.345,0.0,0.0,0.0
2025-26,1641713,GG Jackson,1610612763,MEM,21.0,GG,3.2,5.0,0.643,0.3,0.9,0.348,0.0,0.1,0.333,1.1,3.5,0.325,0.0,0.0,1.0
2025-26,1629216,Gabe Vincent,1610612737,ATL,29.0,Gabe,0.2,0.4,0.478,0.1,0.3,0.267,0.0,0.1,0.4,1.1,3.3,0.341,0.0,0.0,0.0
2025-26,202066,Garrett Temple,1610612761,TOR,39.0,Garrett,0.0,0.1,0.0,0.1,0.1,1.0,0.0,0.0,0.0,0.1,0.6,0.25,0.0,0.0,0.0
2025-26,1629726,Garrison Mathews,1610612754,IND,29.0,Garrison,0.1,0.3,0.5,0.2,0.2,1.0,0.0,0.0,0.0,1.1,3.1,0.37,0.0,0.0,0.0
2025-26,203914,Gary Harris,1610612749,MIL,31.0,Gary,0.3,0.5,0.583,0.1,0.2,0.444,0.0,0.1,0.0,0.6,1.4,0.412,0.0,0.0,0.0
2025-26,1627780,Gary Payton II,1610612744,GSW,33.0,Gary,2.7,3.7,0.729,0.1,0.2,0.4,0.0,0.0,0.0,0.5,1.7,0.291,0.0,0.0,0.0
2025-26,1629018,Gary Trent Jr.,1610612749,MIL,27.0,Gary,0.3,0.7,0.447,0.3,0.7,0.489,0.3,0.6,0.436,1.9,5.3,0.36,0.0,0.0,0.0
2025-26,203507,Giannis Antetokounmpo,1610612749,MIL,31.0,Giannis,9.2,12.5,0.734,0.4,1.3,0.271,0.4,1.5,0.259,0.4,1.3,0.333,0.0,0.0,0.0
2025-26,1629048,Goga Bitadze,1610612753,ORL,26.0,Goga,2.3,3.2,0.716,0.1,0.1,0.444,0.0,0.0,0.0,0.0,0.2,0.182,0.0,0.0,0.0
2025-26,1641711,Gradey Dick,1610612761,TOR,22.0,Gradey,1.1,1.8,0.607,0.2,0.5,0.342,0.1,0.4,0.4,0.7,2.4,0.301,0.0,0.0,0.0
2025-26,1641761,Grant Nelson,1610612751,BKN,24.0,Grant,1.3,2.0,0.625,0.0,0.3,0.0,0.0,0.0,0.0,0.0,0.0,0.0,0.0,0.0,0.0
2025-26,1629684,Grant Williams,1610612766,CHA,27.0,Grant,0.4,0.7,0.583,0.3,0.6,0.429,0.1,0.1,0.75,1.4,3.7,0.388,0.0,0.0,0.0
2025-26,1628960,Grayson Allen,1610612756,PHX,30.0,Grayson,1.8,3.1,0.58,0.3,1.0,0.306,0.1,0.1,0.667,3.1,8.9,0.349,0.0,0.0,0.0
2025-26,1627824,Guerschon Yabusele,1610612741,CHI,30.0,Guerschon,0.7,1.4,0.533,0.1,0.3,0.25,0.0,0.1,0.5,1.0,2.9,0.352,0.0,0.0,0.0
2025-26,1630611,Gui Santos,1610612744,GSW,23.0,Gui,2.2,3.4,0.654,0.0,0.1,0.222,0.0,0.0,1.0,1.1,3.3,0.351,0.0,0.0,0.0
2025-26,203084,Harrison Barnes,1610612759,SAS,33.0,Harrison,1.4,2.2,0.625,0.2,0.6,0.386,0.0,0.1,0.2,1.8,4.6,0.388,0.0,0.0,0.0
2025-26,1631127,Harrison Ingram,1610612759,SAS,23.0,Harrison,0.6,0.6,1.0,0.0,0.1,0.0,0.0,0.0,0.0,0.1,0.1,1.0,0.0,0.0,0.0
2025-26,1643060,Hayden Gray,1610612762,UTA,22.0,Hayden,1.0,1.0,1.0,1.0,1.0,1.0,0.0,0.0,0.0,0.0,1.0,0.0,0.0,0.0,0.0
2025-26,1629312,Haywood Highsmith,1610612756,PHX,29.0,Haywood,0.5,1.2,0.429,0.2,0.3,0.5,0.0,0.0,0.0,1.3,2.3,0.571,0.0,0.0,0.0
2025-26,1630529,Herbert Jones,1610612740,NOP,27.0,Herbert,1.6,3.0,0.515,0.2,0.6,0.294,0.1,0.3,0.4,1.4,4.6,0.308,0.0,0.0,0.0
2025-26,1642864,Hugo González,1610612738,BOS,20.0,Hugo,1.0,1.5,0.636,0.1,0.2,0.235,0.0,0.0,0.333,0.6,1.6,0.362,0.0,0.0,0.0
2025-26,1630621,Hunter Dickinson,1610612740,NOP,25.0,Hunter,0.6,1.0,0.6,0.4,1.0,0.4,0.0,0.0,0.0,0.0,0.8,0.0,0.0,0.0,0.0
2025-26,1642282,Hunter Sallis,1610612755,PHI,23.0,Hunter,0.3,0.4,0.667,0.3,0.7,0.5,0.0,0.0,0.0,0.0,0.0,0.0,,,
2025-26,1641816,Hunter Tyson,1610612743,DEN,25.0,Hunter,0.3,0.7,0.4,0.0,0.1,0.0,0.1,0.1,0.5,0.3,1.6,0.212,0.0,0.0,0.0
2025-26,1630193,Immanuel Quickley,1610612761,TOR,26.0,Immanuel,1.6,2.7,0.596,1.3,2.9,0.461,0.2,0.5,0.459,2.5,6.8,0.374,0.0,0.0,0.0
2025-26,1642403,Isaac Jones,1610612765,DET,25.0,Isaac,0.4,0.7,0.6,0.0,0.0,0.0,0.0,0.0,0.0,0.0,0.3,0.0,0.0,0.0,0.0
2025-26,1630171,Isaac Okoro,1610612741,CHI,25.0,Isaac,2.2,3.7,0.583,0.0,0.0,0.333,0.0,0.0,1.0,1.1,3.5,0.327,0.0,0.0,0.0
2025-26,1642268,Isaiah Collier,1610612762,UTA,21.0,Isaiah,3.1,5.1,0.614,0.7,1.6,0.411,0.1,0.4,0.273,0.5,1.7,0.27,0.0,0.0,0.0
2025-26,1642384,Isaiah Crawford,1610612745,HOU,24.0,Isaiah,0.4,0.6,0.625,0.1,0.1,1.0,0.1,0.2,0.5,0.2,0.9,0.231,0.0,0.0,0.0
2025-26,1628392,Isaiah Hartenstein,1610612760,OKC,27.0,Isaiah,3.3,4.8,0.689,0.6,1.4,0.453,0.0,0.0,0.0,0.0,0.1,0.0,0.0,0.0,0.0
2025-26,1630543,Isaiah Jackson,1610612746,LAC,24.0,Isaiah,2.7,4.0,0.671,0.0,0.2,0.222,0.0,0.1,0.0,0.0,0.1,0.0,0.0,0.0,0.0
2025-26,1630198,Isaiah Joe,1610612760,OKC,26.0,Isaiah,0.5,0.9,0.594,0.2,0.4,0.567,0.2,0.3,0.5,2.5,6.0,0.424,0.0,0.0,0.0
2025-26,1630587,Isaiah Livers,1610612756,PHX,27.0,Isaiah,0.3,0.5,0.474,0.0,0.1,0.333,0.0,0.1,0.0,0.3,1.1,0.3,0.0,0.0,0.0
2025-26,1641815,Isaiah Stevens,1610612758,SAC,25.0,Isaiah,0.7,1.0,0.667,0.3,1.0,0.333,0.0,0.0,0.0,0.0,0.3,0.0,0.0,0.0,0.0
2025-26,1630191,Isaiah Stewart,1610612765,DET,24.0,Isaiah,3.1,4.7,0.65,0.1,0.1,0.429,0.0,0.0,0.0,0.7,2.1,0.333,0.0,0.0,0.0
2025-26,1627826,Ivica Zubac,1610612754,IND,29.0,Ivica,5.2,8.5,0.615,0.8,1.5,0.5,0.0,0.0,0.0,0.0,0.0,0.0,0.0,0.0,0.0
2025-26,1631120,JD Davison,1610612745,HOU,23.0,JD,0.3,0.6,0.529,0.2,0.6,0.429,0.0,0.0,1.0,0.3,1.1,0.25,0.0,0.0,0.0
2025-26,1629630,Ja Morant,1610612763,MEM,26.0,Ja,3.5,6.5,0.543,1.8,4.2,0.417,0.4,1.2,0.292,1.0,4.3,0.235,0.0,0.0,0.0
2025-26,1642266,Ja'Kobe Walter,1610612761,TOR,21.0,Ja'Kobe,0.8,1.5,0.56,0.1,0.3,0.36,0.0,0.0,0.0,1.5,3.7,0.409,0.0,0.0,0.0
2025-26,1631095,Jabari Smith Jr.,1610612745,HOU,22.0,Jabari,1.9,3.1,0.63,1.2,2.5,0.466,0.3,0.8,0.39,2.3,6.3,0.363,0.0,0.0,0.0
2025-26,1631133,Jabari Walker,1610612755,PHI,23.0,Jabari,1.0,1.7,0.577,0.0,0.1,0.0,0.0,0.1,0.333,0.5,1.5,0.337,0.0,0.0,0.0
2025-26,1631210,Jacob Toppin,1610612737,ATL,25.0,Jacob,0.6,0.8,0.75,0.3,0.7,0.5,0.0,0.0,0.0,0.0,0.0,0.0,0.0,0.0,0.0
2025-26,1630702,Jaden Hardy,1610612764,WAS,23.0,Jaden,0.8,1.7,0.49,0.5,1.0,0.491,0.1,0.3,0.25,1.8,4.6,0.397,0.0,0.0,0.0
2025-26,1631093,Jaden Ivey,1610612741,CHI,24.0,Jaden,1.2,2.2,0.531,0.4,0.8,0.464,0.2,0.4,0.615,1.4,3.6,0.373,0.0,0.0,0.0
2025-26,1630183,Jaden McDaniels,1610612750,MIN,25.0,Jaden,3.0,4.8,0.619,1.1,2.3,0.473,0.2,0.6,0.439,1.4,3.4,0.412,0.0,0.0,0.0
2025-26,1630256,Jae'Sean Tate,1610612745,HOU,30.0,Jae'Sean,1.0,1.4,0.662,0.0,0.3,0.182,0.0,0.0,1.0,0.2,0.7,0.313,0.0,0.0,0.0
2025-26,1642942,Jahmai Mashack,1610612763,MEM,23.0,Jahmai,1.8,3.3,0.53,0.2,0.5,0.294,0.0,0.1,0.0,0.6,2.5,0.253,0.0,0.0,0.0
2025-26,1642443,Jahmir Young,1610612748,MIA,25.0,Jahmir,0.5,0.8,0.545,0.1,0.5,0.2,0.0,0.0,0.0,0.2,0.6,0.333,0.0,0.0,0.0
2025-26,1643141,Jahmyl Telfort,1610612746,LAC,24.0,Jahmyl,0.0,0.0,0.0,0.0,0.0,0.0,0.0,0.0,0.0,0.0,0.5,0.0,0.0,0.0,0.0
2025-26,1631170,Jaime Jaquez Jr.,1610612748,MIA,25.0,Jaime,4.2,7.3,0.572,1.1,2.1,0.513,0.1,0.3,0.44,0.8,2.4,0.317,0.0,0.0,0.0
2025-26,1631222,Jake LaRavia,1610612747,LAL,24.0,Jake,1.8,2.9,0.634,0.1,0.5,0.293,0.0,0.0,0.25,1.0,3.0,0.322,0.0,0.0,0.0
2025-26,1627751,Jakob Poeltl,1610612761,TOR,30.0,Jakob,4.2,5.5,0.761,0.6,1.3,0.441,0.0,0.0,0.0,0.0,0.0,0.0,0.0,0.0,0.0
2025-26,1628973,Jalen Brunson,1610612752,NYK,29.0,Jalen,3.0,5.2,0.569,2.7,5.7,0.48,1.0,1.9,0.518,2.6,7.1,0.369,0.0,0.0,0.0
2025-26,1631105,Jalen Duren,1610612765,DET,22.0,Jalen,7.1,10.6,0.673,0.2,0.6,0.318,0.1,0.2,0.529,0.0,0.0,0.0,0.0,0.0,0.0
2025-26,1630224,Jalen Green,1610612756,PHX,24.0,Jalen,3.0,5.5,0.543,0.6,1.4,0.435,0.9,2.0,0.469,2.2,7.1,0.313,0.0,0.0,0.0
2025-26,1630552,Jalen Johnson,1610612737,ATL,24.0,Jalen,4.8,7.9,0.603,1.5,3.5,0.424,0.4,0.9,0.446,1.7,4.7,0.352,0.0,0.0,0.0
2025-26,1629618,Jalen Pickett,1610612743,DEN,26.0,Jalen,0.5,1.0,0.542,0.3,0.7,0.417,0.2,0.5,0.381,1.0,2.5,0.386,0.0,0.0,0.0
2025-26,1641771,Jalen Slawson,1610612754,IND,26.0,Jalen,1.4,2.4,0.581,0.1,0.2,0.333,0.0,0.2,0.0,1.2,3.1,0.375,0.0,0.0,0.0
2025-26,1630188,Jalen Smith,1610612741,CHI,26.0,Jalen,2.1,3.2,0.641,0.0,0.1,0.25,0.1,0.2,0.333,1.5,4.2,0.371,0.0,0.0,0.0
2025-26,1630591,Jalen Suggs,1610612753,ORL,24.0,Jalen,1.8,3.0,0.621,0.7,1.5,0.477,0.3,0.6,0.412,2.1,6.3,0.339,0.0,0.0,0.0
2025-26,1631114,Jalen Williams,1610612760,OKC,24.0,Jalen,4.2,7.0,0.599,1.4,3.3,0.409,0.3,0.8,0.333,0.7,2.3,0.299,0.0,0.0,0.0
2025-26,1630592,Jalen Wilson,1610612751,BKN,25.0,Jalen,0.8,1.9,0.444,0.2,0.5,0.462,0.0,0.0,0.0,1.0,2.8,0.355,0.0,0.0,0.0
2025-26,1631288,Jamal Cain,1610612753,ORL,27.0,Jamal,0.9,1.5,0.632,0.2,0.5,0.412,0.1,0.2,0.6,0.7,1.9,0.384,0.0,0.0,0.0
2025-26,1627750,Jamal Murray,1610612743,DEN,29.0,Jamal,3.0,5.3,0.566,1.6,3.1,0.5,0.9,2.2,0.425,3.2,7.5,0.432,0.0,0.0,1.0
2025-26,1642347,Jamal Shead,1610612761,TOR,23.0,Jamal,0.9,1.8,0.47,0.3,1.0,0.341,0.0,0.1,0.273,1.0,3.2,0.321,0.0,0.0,0.0
2025-26,1631123,Jamaree Bouyea,1610612756,PHX,26.0,Jamaree,1.4,2.1,0.667,0.3,0.8,0.417,0.2,0.7,0.276,0.5,1.7,0.295,0.0,0.0,0.0
2025-26,201935,James Harden,1610612739,CLE,36.0,James,2.8,5.3,0.524,0.9,2.1,0.458,0.2,0.5,0.333,3.1,8.2,0.375,0.0,0.0,0.0
2025-26,1630164,James Wiseman,1610612754,IND,25.0,James,1.5,2.3,0.667,0.0,0.0,0.0,0.0,0.3,0.0,0.0,0.0,0.0,0.0,0.0,0.0
2025-26,1642364,Jamir Watkins,1610612764,WAS,24.0,Jamir,1.7,2.6,0.669,0.1,0.3,0.214,0.0,0.1,0.333,0.9,3.2,0.297,0.0,0.0,0.0
2025-26,1642419,Jamison Battle,1610612761,TOR,24.0,Jamison,0.5,0.8,0.667,0.1,0.2,0.7,0.0,0.1,0.4,0.6,1.4,0.417,0.0,0.0,0.0
2025-26,1641716,Jarace Walker,1610612754,IND,22.0,Jarace,1.6,3.3,0.496,0.4,1.1,0.391,0.2,0.5,0.4,1.8,4.7,0.374,0.0,0.0,0.0
2025-26,1642272,Jared McCain,1610612760,OKC,22.0,Jared,1.0,2.0,0.485,0.5,1.0,0.485,0.1,0.4,0.36,1.5,3.9,0.385,0.0,0.0,0.0
2025-26,1628991,Jaren Jackson Jr.,1610612762,UTA,26.0,Jaren,3.4,5.9,0.58,2.0,4.1,0.475,0.0,0.1,0.0,1.8,4.9,0.357,0.0,0.0,0.0
2025-26,1629020,Jarred Vanderbilt,1610612747,LAL,27.0,Jarred,1.3,2.1,0.597,0.0,0.0,0.0,0.0,0.0,0.5,0.4,1.5,0.293,0.0,0.0,0.0
2025-26,1628386,Jarrett Allen,1610612739,CLE,27.0,Jarrett,5.2,7.6,0.69,0.7,1.5,0.488,0.1,0.2,0.273,0.0,0.2,0.1,0.0,0.0,0.0
2025-26,1642859,Jase Richardson,1610612753,ORL,20.0,Jase,0.9,1.4,0.622,0.2,0.6,0.4,0.1,0.1,0.6,0.5,1.5,0.354,0.0,0.0,0.0
2025-26,1642914,Javon Small,1610612763,MEM,23.0,Javon,1.4,2.5,0.564,0.3,0.8,0.433,0.1,0.4,0.214,1.5,3.6,0.427,0.0,0.0,0.0
2025-26,1631451,Javonte Cooke,1610612757,POR,26.0,Javonte,0.3,0.8,0.4,0.0,0.2,0.0,0.0,0.0,0.0,0.2,1.4,0.13,0.0,0.0,0.0
2025-26,1629750,Javonte Green,1610612765,DET,32.0,Javonte,1.1,1.8,0.576,0.0,0.1,0.222,0.0,0.1,0.286,1.1,3.0,0.381,0.0,0.0,0.0
2025-26,1629637,Jaxson Hayes,1610612747,LAL,25.0,Jaxson,2.9,3.8,0.767,0.1,0.2,0.4,0.0,0.0,0.0,0.0,0.0,1.0,0.0,0.0,0.0
2025-26,1630643,Jay Huff,1610612754,IND,28.0,Jay,1.9,2.6,0.734,0.1,0.2,0.579,0.1,0.1,0.8,1.5,4.5,0.319,0.0,0.0,0.0
2025-26,1627759,Jaylen Brown,1610612738,BOS,29.0,Jaylen,4.9,8.1,0.599,2.2,4.8,0.45,1.4,3.1,0.438,2.0,5.7,0.347,0.0,0.0,0.0
2025-26,1641740,Jaylen Clark,1610612750,MIN,24.0,Jaylen,0.9,1.5,0.59,0.1,0.3,0.182,0.0,0.0,0.0,0.5,1.5,0.33,0.0,0.0,0.0
2025-26,1642377,Jaylen Wells,1610612763,MEM,22.0,Jaylen,1.4,2.6,0.544,0.7,1.3,0.539,0.4,0.9,0.403,1.9,5.3,0.353,0.0,0.0,0.0
2025-26,1631119,Jaylin Williams,1610612760,OKC,23.0,Jaylin,0.6,1.0,0.544,0.2,0.3,0.579,0.0,0.1,0.333,1.5,3.9,0.383,0.0,0.0,0.0
2025-26,1642281,Jaylon Tyson,1610612739,CLE,23.0,Jaylon,2.5,4.5,0.545,0.5,1.0,0.493,0.0,0.1,0.167,2.0,4.5,0.446,0.0,0.0,0.0
2025-26,1643257,Jayson Kent,1610612757,POR,24.0,Jayson,0.6,0.6,1.0,0.0,0.0,0.0,0.0,0.0,0.0,0.2,0.8,0.25,0.0,0.0,0.0
2025-26,1628369,Jayson Tatum,1610612738,BOS,28.0,Jayson,3.1,5.7,0.549,1.1,2.3,0.472,0.3,1.1,0.235,2.9,8.9,0.329,0.0,0.0,0.0
2025-26,201145,Jeff Green,1610612745,HOU,39.0,Jeff,0.3,0.4,0.667,0.1,0.3,0.571,0.0,0.2,0.2,0.4,1.4,0.256,0.1,0.1,1.0
2025-26,203924,Jerami Grant,1610612757,POR,32.0,Jerami,3.1,5.3,0.581,0.2,1.0,0.207,0.1,0.3,0.368,2.4,6.1,0.389,0.0,0.0,0.0
2025-26,1642847,Jeremiah Fears,1610612740,NOP,19.0,Jeremiah,3.3,6.3,0.522,0.6,1.6,0.381,0.2,0.6,0.298,1.2,3.7,0.33,0.0,0.0,0.0
2025-26,1630526,Jeremiah Robinson-Earl,1610612742,DAL,25.0,Jeremiah,1.0,2.2,0.469,0.1,0.3,0.429,0.1,0.2,0.333,0.5,1.9,0.244,0.0,0.0,0.0
2025-26,1631110,Jeremy Sochan,1610612752,NYK,22.0,Jeremy,1.1,1.7,0.649,0.1,0.2,0.625,0.0,0.1,0.0,0.3,1.0,0.244,0.0,0.0,0.0
2025-26,1630579,Jericho Sims,1610612749,MIL,27.0,Jericho,2.2,2.7,0.802,0.0,0.1,0.375,0.0,0.0,0.0,0.0,0.0,0.0,0.0,0.0,0.0
2025-26,1641724,Jett Howard,1610612753,ORL,22.0,Jett,0.8,1.5,0.525,0.1,0.4,0.368,0.0,0.1,0.286,1.0,2.6,0.372,0.0,0.0,0.0
2025-26,1628975,Jevon Carter,1610612753,ORL,30.0,Jevon,0.3,0.7,0.382,0.3,0.6,0.448,0.4,0.6,0.655,1.5,4.1,0.363,0.0,0.0,0.0
2025-26,202710,Jimmy Butler III,1610612744,GSW,36.0,Jimmy,4.6,7.3,0.624,0.8,2.0,0.413,0.1,0.6,0.13,0.8,2.2,0.376,0.0,0.0,0.0
2025-26,1642866,Joan Beringer,1610612750,MIN,19.0,Joan,1.7,2.6,0.667,0.0,0.1,0.5,0.0,0.0,0.0,0.0,0.0,0.0,0.0,0.0,0.0
2025-26,1629111,Jock Landale,1610612737,ATL,30.0,Jock,2.7,4.3,0.629,0.3,0.7,0.4,0.0,0.2,0.273,1.1,2.8,0.383,0.0,0.0,0.0
2025-26,204060,Joe Ingles,1610612750,MIN,38.0,Joe,0.3,0.4,0.875,0.0,0.0,0.0,0.1,0.1,0.667,0.3,0.7,0.438,0.0,0.0,0.0
2025-26,203954,Joel Embiid,1610612755,PHI,32.0,Joel,3.7,6.1,0.597,2.4,4.8,0.492,1.6,3.2,0.484,1.4,4.2,0.333,0.0,0.0,0.0
2025-26,1628381,John Collins,1610612746,LAC,28.0,John,3.3,5.0,0.668,0.6,1.1,0.514,0.1,0.3,0.348,1.3,3.2,0.406,0.0,0.0,0.0
2025-26,1629723,John Konchar,1610612762,UTA,30.0,John,1.1,1.6,0.678,0.1,0.2,0.636,0.0,0.0,0.0,0.5,1.8,0.283,0.0,0.0,0.0
2025-26,1642967,John Poulakidas,1610612742,DAL,23.0,John,0.1,0.2,0.5,0.2,0.6,0.375,0.3,0.3,1.0,2.4,5.9,0.403,0.0,0.0,0.0
2025-26,1642910,John Tonje,1610612738,BOS,24.0,John,0.2,0.8,0.25,0.0,0.0,0.0,0.0,0.0,0.0,0.6,2.0,0.3,0.0,0.0,0.0
2025-26,1641780,Johni Broome,1610612755,PHI,23.0,Johni,0.4,1.3,0.286,0.0,0.6,0.0,0.0,0.0,0.0,0.0,0.5,0.0,0.0,0.0,0.0
2025-26,1642277,Johnny Furphy,1610612754,IND,21.0,Johnny,1.3,2.1,0.627,0.0,0.0,0.0,0.0,0.1,0.0,0.7,2.0,0.324,0.0,0.0,0.0
2025-26,1630548,Johnny Juzang,1610612750,MIN,25.0,Johnny,0.3,0.4,0.714,0.2,0.3,0.6,0.2,0.2,1.0,0.3,1.2,0.25,0.0,0.0,0.0
2025-26,202685,Jonas Valančiūnas,1610612743,DEN,33.0,Jonas,2.6,3.9,0.659,0.8,1.5,0.516,0.1,0.3,0.235,0.1,0.4,0.308,0.0,0.0,0.0
2025-26,1628371,Jonathan Isaac,1610612753,ORL,28.0,Jonathan,0.7,1.2,0.617,0.0,0.1,0.143,0.0,0.1,0.25,0.1,0.7,0.184,0.0,0.0,0.0
2025-26,1630228,Jonathan Kuminga,1610612737,ATL,23.0,Jonathan,2.5,4.5,0.565,0.8,1.8,0.444,0.1,0.3,0.3,0.9,2.9,0.327,0.0,0.0,1.0
2025-26,1642367,Jonathan Mogbo,1610612761,TOR,24.0,Jonathan,0.7,1.1,0.59,0.1,0.1,0.75,0.0,0.0,0.0,0.0,0.0,0.0,0.0,0.0,0.0
2025-26,203903,Jordan Clarkson,1610612752,NYK,33.0,Jordan,1.7,2.9,0.594,0.6,1.3,0.435,0.1,0.2,0.308,1.0,3.0,0.327,0.0,0.0,0.0
2025-26,1630692,Jordan Goodwin,1610612756,PHX,27.0,Jordan,1.4,2.6,0.531,0.2,0.8,0.281,0.1,0.2,0.353,1.6,4.3,0.371,0.0,0.0,0.0
2025-26,1641722,Jordan Hawkins,1610612740,NOP,23.0,Jordan,0.4,0.8,0.488,0.2,0.6,0.323,0.4,1.1,0.34,0.9,2.6,0.348,0.0,0.0,0.0
2025-26,1629162,Jordan McLaughlin,1610612759,SAS,30.0,Jordan,0.3,0.7,0.467,0.1,0.2,0.25,0.0,0.0,0.0,0.4,1.0,0.425,0.0,0.0,0.0
2025-26,1641757,Jordan Miller,1610612746,LAC,26.0,Jordan,2.5,3.9,0.638,0.4,0.9,0.436,0.0,0.0,1.0,0.6,1.8,0.339,0.0,0.0,1.0
2025-26,1629673,Jordan Poole,1610612740,NOP,26.0,Jordan,1.5,3.1,0.479,0.2,0.6,0.348,0.1,0.3,0.25,2.5,7.4,0.333,0.0,0.0,0.0
2025-26,1641775,Jordan Walsh,1610612738,BOS,22.0,Jordan,1.3,1.9,0.649,0.0,0.2,0.273,0.0,0.0,0.0,0.7,1.8,0.384,0.0,0.0,0.0
2025-26,1630631,Jose Alvarado,1610612752,NYK,28.0,Jose,1.0,1.7,0.603,0.2,0.6,0.35,0.0,0.1,0.333,1.5,4.2,0.352,0.0,0.0,0.0
2025-26,1630581,Josh Giddey,1610612741,CHI,23.0,Josh,3.4,6.3,0.535,0.6,1.4,0.446,0.1,0.4,0.15,1.9,5.2,0.365,0.0,0.0,0.0
2025-26,1630182,Josh Green,1610612766,CHA,25.0,Josh,0.4,0.6,0.622,0.0,0.1,0.333,0.0,0.0,0.0,1.0,2.4,0.42,0.0,0.0,0.0
2025-26,1628404,Josh Hart,1610612752,NYK,31.0,Josh,2.3,3.7,0.629,0.6,1.2,0.487,0.1,0.4,0.333,1.5,3.7,0.413,0.0,0.0,0.0
2025-26,1631169,Josh Minott,1610612751,BKN,23.0,Josh,1.2,1.8,0.682,0.0,0.2,0.222,0.0,0.0,0.0,1.3,3.1,0.418,0.0,0.0,0.0
2025-26,1642490,Josh Oduro,1610612740,NOP,25.0,Josh,3.0,3.7,0.818,0.7,1.3,0.5,0.0,0.0,0.0,0.0,0.7,0.0,0.0,0.0,0.0
2025-26,1629006,Josh Okogie,1610612745,HOU,27.0,Josh,0.7,1.5,0.496,0.1,0.2,0.333,0.0,0.1,0.333,0.8,2.1,0.385,0.0,0.0,0.0
2025-26,201950,Jrue Holiday,1610612757,POR,35.0,Jrue,2.3,4.0,0.565,0.9,1.9,0.47,0.3,0.6,0.455,2.6,6.8,0.378,0.0,0.0,0.0
2025-26,1630577,Julian Champagnie,1610612759,SAS,24.0,Julian,1.2,1.8,0.658,0.1,0.3,0.28,0.0,0.0,0.333,2.4,6.2,0.381,0.0,0.0,0.0
2025-26,1641763,Julian Phillips,1610612750,MIN,22.0,Julian,0.6,1.0,0.542,0.1,0.2,0.571,0.0,0.0,1.0,0.4,1.4,0.308,0.0,0.0,0.0
2025-26,1642882,Julian Reese,1610612764,WAS,22.0,Julian,3.9,7.1,0.554,0.8,1.7,0.5,0.1,0.4,0.2,0.0,0.0,0.0,0.0,0.0,0.0
2025-26,1631124,Julian Strawther,1610612743,DEN,23.0,Julian,1.1,1.9,0.55,0.5,1.0,0.534,0.0,0.0,0.0,1.0,2.6,0.387,0.0,0.0,0.0
2025-26,203944,Julius Randle,1610612750,MIN,31.0,Julius,4.2,6.9,0.614,1.3,2.9,0.467,0.4,1.1,0.344,1.4,4.4,0.315,0.0,0.0,0.0
2025-26,1630551,Justin Champagnie,1610612764,WAS,24.0,Justin,2.6,4.2,0.623,0.0,0.2,0.167,0.0,0.0,0.0,0.8,2.4,0.319,0.0,0.0,0.0
2025-26,1642348,Justin Edwards,1610612755,PHI,22.0,Justin,0.9,1.4,0.632,0.3,0.7,0.381,0.1,0.2,0.455,1.1,2.9,0.372,0.0,0.0,0.0
2025-26,203994,Jusuf Nurkić,1610612762,UTA,31.0,Jusuf,3.1,5.7,0.549,0.6,1.2,0.5,0.0,0.0,0.5,0.6,1.7,0.352,0.0,0.0,0.0
2025-26,1642354,KJ Simpson,1610612743,DEN,23.0,KJ,0.8,2.0,0.375,0.4,0.9,0.389,0.0,0.1,0.0,0.6,2.0,0.3,0.0,0.0,0.0
2025-26,1642955,Kadary Richmond,1610612764,WAS,24.0,Kadary,2.3,3.7,0.636,0.3,0.3,1.0,0.0,0.0,0.0,0.7,1.3,0.5,0.0,0.0,0.0
2025-26,1642880,Kam Jones,1610612754,IND,24.0,Kam,1.0,2.0,0.493,0.2,0.5,0.438,0.1,0.1,0.667,0.6,2.1,0.293,0.0,0.0,0.0
2025-26,1626157,Karl-Anthony Towns,1610612752,NYK,30.0,Karl-Anthony,4.9,8.3,0.589,0.4,0.8,0.429,0.1,0.5,0.256,1.5,4.1,0.368,0.0,0.0,0.0
2025-26,1631255,Karlo Matković,1610612740,NOP,25.0,Karlo,1.7,2.2,0.752,0.0,0.1,0.125,0.0,0.0,0.0,0.6,1.5,0.422,0.0,0.0,0.0
2025-26,1642857,Kasparas Jakučionis,1610612748,MIA,19.0,Kasparas,0.7,1.3,0.493,0.0,0.2,0.1,0.0,0.0,0.0,1.2,2.9,0.423,0.0,0.0,0.0
2025-26,202695,Kawhi Leonard,1610612746,LAC,34.0,Kawhi,3.5,5.2,0.668,2.7,5.2,0.521,1.0,2.1,0.456,2.6,6.8,0.384,0.0,0.0,0.0
2025-26,1630811,Keaton Wallace,1610612737,ATL,27.0,Keaton,0.2,0.4,0.474,0.4,0.8,0.487,0.0,0.2,0.182,0.7,1.9,0.373,0.0,0.0,0.0
2025-26,1631099,Keegan Murray,1610612758,SAC,25.0,Keegan,2.2,3.4,0.654,1.7,3.8,0.432,0.3,1.0,0.273,1.3,4.9,0.277,0.0,0.0,0.0
2025-26,1642276,Kel'el Ware,1610612748,MIA,21.0,Kel'el,3.1,5.0,0.632,0.1,0.3,0.28,0.0,0.1,0.375,1.2,3.0,0.395,0.0,0.0,0.0
2025-26,1629640,Keldon Johnson,1610612759,SAS,26.0,Keldon,3.6,5.9,0.604,0.2,0.4,0.576,0.0,0.0,0.5,1.2,3.3,0.363,0.0,0.0,0.0
2025-26,203482,Kelly Olynyk,1610612759,SAS,34.0,Kelly,0.8,1.0,0.767,0.0,0.1,0.0,0.1,0.1,1.0,0.3,1.1,0.255,0.0,0.0,0.0
2025-26,1626162,Kelly Oubre Jr.,1610612755,PHI,30.0,Kelly,2.8,4.6,0.595,0.5,1.3,0.391,0.1,0.2,0.556,1.7,4.8,0.36,0.0,0.0,0.0
2025-26,1631113,Kennedy Chandler,1610612762,UTA,23.0,Kennedy,3.4,6.3,0.536,0.7,2.3,0.32,0.1,0.5,0.2,1.4,3.5,0.395,0.0,0.0,0.0
2025-26,1629026,Kenrich Williams,1610612760,OKC,31.0,Kenrich,1.2,2.1,0.551,0.3,0.5,0.577,0.2,0.5,0.435,0.9,2.3,0.388,0.0,0.0,0.0
2025-26,203484,Kentavious Caldwell-Pope,1610612763,MEM,33.0,Kentavious,0.9,1.7,0.552,0.4,0.8,0.452,0.5,1.2,0.444,1.1,3.4,0.316,0.0,0.0,0.0
2025-26,1631165,Keon Ellis,1610612739,CLE,26.0,Keon,0.9,1.2,0.747,0.2,0.6,0.366,0.0,0.1,0.111,1.3,3.5,0.363,0.0,0.0,0.0
2025-26,1642352,Keshad Johnson,1610612748,MIA,24.0,Keshad,1.1,1.8,0.614,0.1,0.1,1.0,0.0,0.0,1.0,0.4,1.4,0.295,0.0,0.0,0.0
2025-26,1642933,Keshon Gilbert,1610612737,ATL,22.0,Keshon,1.0,1.8,0.571,0.3,0.5,0.5,0.0,0.0,0.0,0.0,0.8,0.0,0.0,0.0,0.0
2025-26,201142,Kevin Durant,1610612745,HOU,37.0,Kevin,1.9,2.7,0.71,3.4,6.4,0.54,1.4,2.8,0.509,2.4,5.8,0.413,0.0,0.0,0.0
2025-26,1628989,Kevin Huerter,1610612765,DET,27.0,Kevin,2.0,3.1,0.656,0.4,0.7,0.574,0.0,0.2,0.25,1.4,4.7,0.308,0.0,0.0,0.0
2025-26,201567,Kevin Love,1610612762,UTA,37.0,Kevin,0.5,1.3,0.426,0.1,0.2,0.571,0.1,0.1,0.667,1.4,3.8,0.373,0.0,0.0,0.0
2025-26,1641755,Kevin McCullar Jr.,1610612752,NYK,25.0,Kevin,0.5,0.8,0.563,0.1,0.2,0.667,0.1,0.3,0.25,0.4,1.2,0.333,0.0,0.0,0.0
2025-26,1629645,Kevin Porter Jr.,1610612749,MIL,25.0,Kevin,3.1,5.6,0.561,1.1,2.4,0.467,0.8,1.8,0.464,1.2,3.8,0.322,0.0,0.0,0.0
2025-26,1626172,Kevon Looney,1610612740,NOP,30.0,Kevon,1.0,2.0,0.537,0.0,0.1,0.0,0.0,0.1,0.333,0.1,0.6,0.154,0.0,0.0,0.0
2025-26,1641718,Keyonte George,1610612762,UTA,22.0,Keyonte,3.1,5.2,0.583,1.2,2.8,0.444,0.7,1.6,0.424,2.5,6.7,0.37,0.0,0.0,0.0
2025-26,1642863,Khaman Maluach,1610612756,PHX,19.0,Khaman,1.1,1.8,0.613,0.0,0.1,0.5,0.0,0.0,0.0,0.1,0.5,0.238,0.0,0.0,0.0
2025-26,203114,Khris Middleton,1610612742,DAL,34.0,Khris,0.8,1.6,0.49,1.1,2.4,0.441,0.7,1.6,0.43,1.1,3.0,0.36,0.0,0.0,0.0
2025-26,1630165,Killian Hayes,1610612758,SAC,24.0,Killian,0.5,1.0,0.5,0.5,1.7,0.289,0.1,0.6,0.154,0.7,2.7,0.27,0.0,0.0,0.0
2025-26,202691,Klay Thompson,1610612742,DAL,36.0,Klay,0.5,0.9,0.54,0.4,0.9,0.403,0.4,1.1,0.338,2.9,7.6,0.382,0.0,0.0,0.0
2025-26,1641738,Kobe Brown,1610612754,IND,26.0,Kobe,1.2,1.9,0.607,0.1,0.2,0.333,0.0,0.1,0.0,0.9,2.3,0.374,0.0,0.0,0.0
2025-26,1641723,Kobe Bufkin,1610612747,LAL,22.0,Kobe,0.5,0.8,0.615,0.1,0.4,0.333,0.0,0.5,0.0,0.3,1.6,0.192,0.0,0.0,0.0
2025-26,1642920,Kobe Sanders,1610612746,LAC,23.0,Kobe,0.9,1.5,0.64,0.4,0.9,0.424,0.1,0.4,0.345,1.2,2.9,0.408,0.0,0.0,0.0
2025-26,1642886,Koby Brea,1610612756,PHX,23.0,Koby,0.2,0.3,0.5,0.0,0.2,0.0,0.0,0.0,0.0,1.1,2.5,0.433,0.0,0.0,0.0
2025-26,1642851,Kon Knueppel,1610612766,CHA,20.0,Kon,2.1,3.6,0.575,0.8,1.6,0.519,0.1,0.2,0.316,3.4,7.9,0.426,0.0,0.0,0.0
2025-26,1627739,Kris Dunn,1610612746,LAC,32.0,Kris,1.5,2.4,0.617,0.3,0.8,0.406,0.0,0.1,0.333,1.0,2.6,0.374,0.0,0.0,0.0
2025-26,1631200,Kris Murray,1610612757,POR,25.0,Kris,1.7,2.7,0.617,0.0,0.0,0.0,0.0,0.0,0.0,0.6,2.1,0.279,0.0,0.0,0.0
2025-26,204001,Kristaps Porziņģis,1610612744,GSW,30.0,Kristaps,2.2,3.7,0.58,1.0,2.1,0.471,0.6,1.3,0.439,1.7,5.0,0.338,0.0,0.0,0.0
2025-26,203937,Kyle Anderson,1610612750,MIN,32.0,Kyle,1.8,3.1,0.582,0.5,1.2,0.396,0.1,0.1,1.0,0.1,0.3,0.364,0.0,0.0,0.0
2025-26,1642271,Kyle Filipowski,1610612762,UTA,22.0,Kyle,2.9,4.8,0.606,0.3,0.7,0.446,0.0,0.1,0.2,1.0,3.0,0.325,0.0,0.0,0.0
2025-26,1628398,Kyle Kuzma,1610612749,MIL,30.0,Kyle,3.2,5.2,0.613,0.4,1.1,0.378,0.1,0.2,0.471,1.2,3.4,0.349,0.0,0.0,0.0
2025-26,200768,Kyle Lowry,1610612755,PHI,40.0,Kyle,0.0,0.0,0.0,0.0,0.0,0.0,0.0,0.0,0.0,0.3,1.8,0.16,0.0,0.0,0.0
2025-26,1642273,Kyshawn George,1610612764,WAS,22.0,Kyshawn,1.9,3.5,0.542,1.0,2.2,0.442,0.4,0.9,0.378,2.1,5.4,0.381,0.0,0.0,0.0
2025-26,1643018,LJ Cryer,1610612744,GSW,24.0,LJ,0.2,0.4,0.571,0.2,0.5,0.444,0.1,0.4,0.286,2.1,5.2,0.394,0.0,0.0,0.0
2025-26,1630163,LaMelo Ball,1610612766,CHA,24.0,LaMelo,2.2,4.3,0.51,0.9,2.3,0.38,0.2,0.4,0.464,3.8,10.3,0.368,0.0,0.0,0.0
2025-26,1642950,Lachlan Olbrich,1610612741,CHI,22.0,Lachlan,0.9,1.6,0.571,0.0,0.0,1.0,0.0,0.0,1.0,0.1,0.5,0.105,0.0,0.0,0.0
2025-26,1629013,Landry Shamet,1610612752,NYK,29.0,Landry,0.8,1.4,0.614,0.1,0.4,0.316,0.1,0.2,0.583,2.0,5.2,0.392,0.0,0.0,0.0
2025-26,1626204,Larry Nance Jr.,1610612739,CLE,33.0,Larry,0.8,1.5,0.509,0.1,0.2,0.5,0.0,0.0,0.0,0.6,1.8,0.333,0.0,0.0,0.0
2025-26,1628374,Lauri Markkanen,1610612762,UTA,28.0,Lauri,5.4,8.6,0.624,0.8,1.9,0.407,0.2,0.9,0.263,2.7,7.7,0.355,0.0,0.0,0.0
2025-26,1643133,Lawson Lovering,1610612763,MEM,22.0,Lawson,3.0,5.0,0.6,0.0,0.0,0.0,0.0,0.0,0.0,0.0,0.0,0.0,0.0,0.0,0.0
2025-26,2544,LeBron James,1610612747,LAL,41.0,LeBron,5.1,7.5,0.676,1.0,2.4,0.418,0.5,1.3,0.38,1.3,4.1,0.317,0.0,0.0,0.0
2025-26,1641778,Leaky Black,1610612764,WAS,26.0,Leaky,0.6,1.3,0.45,0.5,1.2,0.389,0.3,0.7,0.5,1.3,3.7,0.345,0.0,0.0,0.0
2025-26,1631159,Leonard Miller,1610612741,CHI,22.0,Leonard,2.5,3.5,0.708,0.1,0.2,0.375,0.0,0.0,1.0,0.7,2.2,0.323,0.0,0.0,0.0
2025-26,1642862,Liam McNeeley,1610612766,CHA,20.0,Liam,0.4,0.9,0.448,0.0,0.2,0.167,0.0,0.0,0.0,0.8,1.9,0.4,0.0,0.0,0.0
2025-26,1630322,Lindy Waters III,1610612759,SAS,28.0,Lindy,0.1,0.2,0.5,0.1,0.1,1.0,0.0,0.0,1.0,0.7,2.1,0.342,0.0,0.0,0.0
2025-26,1628366,Lonzo Ball,1610612739,CLE,28.0,Lonzo,0.3,0.5,0.526,0.1,0.2,0.5,0.0,0.1,0.0,1.1,4.2,0.272,0.0,0.0,0.0
2025-26,1631351,Lucas Williamson,1610612763,MEM,27.0,Lucas,1.4,2.7,0.526,0.0,0.4,0.0,0.0,0.0,0.0,2.1,7.6,0.283,0.0,0.0,0.0
2025-26,1629652,Luguentz Dort,1610612760,OKC,26.0,Luguentz,0.7,1.1,0.57,0.3,0.7,0.412,0.1,0.3,0.364,1.9,5.4,0.344,0.0,0.0,0.0
2025-26,1629029,Luka Dončić,1610612747,LAL,27.0,Luka,3.3,4.8,0.682,3.0,5.7,0.531,0.6,1.4,0.396,4.0,10.8,0.366,0.0,0.0,0.0
2025-26,1630568,Luka Garza,1610612738,BOS,27.0,Luka,2.0,2.9,0.682,0.2,0.4,0.5,0.0,0.1,0.5,0.8,1.8,0.433,0.0,0.0,0.0
2025-26,1628379,Luke Kennard,1610612747,LAL,29.0,Luke,0.7,1.2,0.587,0.6,1.0,0.623,0.2,0.4,0.586,1.5,3.1,0.478,0.0,0.0,0.0
2025-26,1628436,Luke Kornet,1610612759,SAS,30.0,Luke,2.5,3.8,0.659,0.1,0.2,0.438,0.0,0.0,0.0,0.0,0.0,0.0,0.0,0.0,0.0
2025-26,1631247,Luke Travers,1610612739,CLE,24.0,Luke,0.6,1.5,0.389,0.1,0.1,1.0,0.0,0.1,0.0,0.1,1.3,0.063,0.0,0.0,0.0
2025-26,1630644,Mac McClung,1610612741,CHI,27.0,Mac,1.4,2.3,0.6,0.1,0.3,0.333,0.0,0.1,0.0,0.6,2.7,0.233,0.0,0.0,0.0
2025-26,1641869,Malachi Smith,1610612751,BKN,26.0,Malachi,1.5,2.7,0.537,0.3,0.7,0.5,0.1,0.1,0.5,1.3,3.1,0.435,0.0,0.0,0.0
2025-26,1631103,Malaki Branham,1610612764,WAS,22.0,Malaki,0.9,1.7,0.543,0.1,0.3,0.429,0.0,0.0,1.0,0.5,1.4,0.378,0.0,0.0,0.0
2025-26,1642502,Malevy Leons,1610612744,GSW,26.0,Malevy,1.0,1.9,0.553,0.1,0.3,0.25,0.0,0.0,0.0,0.2,0.6,0.25,0.0,0.0,0.0
2025-26,1628370,Malik Monk,1610612758,SAC,28.0,Malik,1.5,2.7,0.559,0.7,1.9,0.4,0.2,0.5,0.364,2.0,5.1,0.395,0.0,0.0,0.0
2025-26,1630699,MarJon Beauchamp,1610612755,PHI,25.0,MarJon,1.0,1.5,0.667,0.2,0.4,0.6,0.0,0.2,0.0,1.1,3.4,0.34,0.0,0.0,0.0
2025-26,1631204,Marcus Sasser,1610612765,DET,25.0,Marcus,0.4,1.0,0.459,0.1,0.5,0.15,0.2,0.4,0.357,1.2,2.8,0.415,0.0,0.0,0.0
2025-26,203935,Marcus Smart,1610612747,LAL,32.0,Marcus,1.0,1.8,0.532,0.4,0.9,0.431,0.1,0.2,0.5,1.6,4.7,0.331,0.0,0.0,0.0
2025-26,1641813,Mark Sears,1610612749,MIL,24.0,Mark,0.2,0.5,0.333,0.2,0.3,0.5,0.0,0.0,0.0,0.6,1.1,0.5,0.0,0.0,0.0
2025-26,1631109,Mark Williams,1610612756,PHX,24.0,Mark,4.3,6.4,0.672,0.4,0.9,0.451,0.0,0.0,0.0,0.0,0.0,1.0,0.0,0.0,0.0
2025-26,1628365,Markelle Fultz,1610612761,TOR,27.0,Markelle,0.2,0.8,0.25,0.3,1.3,0.2,0.0,0.4,0.0,0.0,0.0,0.0,0.0,0.0,0.0
2025-26,1628963,Marvin Bagley III,1610612742,DAL,27.0,Marvin,3.7,5.7,0.644,0.2,0.3,0.556,0.0,0.0,1.0,0.4,0.9,0.462,0.0,0.0,0.0
2025-26,203486,Mason Plumlee,1610612759,SAS,36.0,Mason,0.6,0.7,0.786,0.0,0.0,0.0,0.0,0.0,0.0,0.0,0.0,0.0,0.0,0.0,0.0
2025-26,1641824,Matas Buzelis,1610612741,CHI,21.0,Matas,3.4,5.6,0.61,0.1,0.4,0.25,0.1,0.1,0.5,2.2,6.4,0.349,0.0,0.0,0.0
2025-26,1629680,Matisse Thybulle,1610612757,POR,29.0,Matisse,0.7,1.2,0.556,0.0,0.2,0.2,0.0,0.0,0.0,1.2,3.1,0.398,0.0,0.0,0.0
2025-26,1631108,Max Christie,1610612742,DAL,23.0,Max,1.4,2.4,0.559,0.3,0.8,0.4,0.2,0.4,0.364,2.3,5.8,0.404,0.0,0.0,0.0
2025-26,1642917,Max Shulga,1610612738,BOS,23.0,Max,0.1,0.1,1.0,0.0,0.3,0.0,0.0,0.1,0.0,0.1,0.4,0.25,0.0,0.0,0.0
2025-26,1629622,Max Strus,1610612739,CLE,30.0,Max,1.0,1.7,0.6,0.2,0.3,0.5,0.0,0.0,0.0,2.8,6.8,0.402,0.0,0.0,0.0
2025-26,1628467,Maxi Kleber,1610612747,LAL,34.0,Maxi,0.6,0.9,0.632,0.1,0.2,0.333,0.0,0.0,0.0,0.1,0.6,0.231,0.0,0.0,0.0
2025-26,1642875,Maxime Raynaud,1610612758,SAC,23.0,Maxime,3.7,5.6,0.659,1.1,2.4,0.474,0.1,0.1,0.444,0.3,1.0,0.324,0.0,0.0,0.0
2025-26,1642877,Micah Peavy,1610612740,NOP,24.0,Micah,1.2,2.2,0.527,0.1,0.5,0.233,0.0,0.1,0.333,0.5,1.8,0.259,0.0,0.0,0.0
2025-26,1630695,Micah Potter,1610612754,IND,28.0,Micah,1.6,2.3,0.685,0.1,0.2,0.375,0.1,0.2,0.333,1.5,3.7,0.423,0.0,0.0,0.0
2025-26,1629008,Michael Porter Jr.,1610612751,BKN,27.0,Michael,3.7,5.5,0.678,0.7,1.7,0.416,0.7,1.9,0.378,3.4,9.3,0.363,0.0,0.0,0.0
2025-26,1628969,Mikal Bridges,1610612752,NYK,29.0,Mikal,2.4,3.5,0.689,1.3,2.7,0.479,0.2,0.6,0.4,1.9,5.1,0.371,0.0,0.0,0.0
2025-26,201144,Mike Conley,1610612750,MIN,38.0,Mike,0.1,0.5,0.32,0.1,0.3,0.389,0.0,0.1,0.167,1.0,3.1,0.337,0.0,0.0,0.0
2025-26,1628970,Miles Bridges,1610612766,CHA,28.0,Miles,3.8,6.4,0.597,0.4,1.1,0.364,0.1,0.2,0.267,1.9,5.8,0.331,0.0,0.0,1.0
2025-26,1642939,Miles Kelly,1610612742,DAL,23.0,Miles,0.3,0.6,0.571,0.0,0.1,0.0,0.2,0.3,0.667,0.7,2.4,0.303,0.0,0.0,0.0
2025-26,1630540,Miles McBride,1610612752,NYK,25.0,Miles,0.6,1.2,0.52,0.5,1.2,0.38,0.3,0.8,0.424,2.7,6.6,0.413,0.0,0.0,0.0
2025-26,1629011,Mitchell Robinson,1610612752,NYK,28.0,Mitchell,2.5,3.4,0.722,0.0,0.0,1.0,0.0,0.0,0.0,0.0,0.0,0.0,0.0,0.0,0.0
2025-26,1628964,Mo Bamba,1610612762,UTA,27.0,Mo,1.0,2.3,0.444,0.3,0.5,0.5,0.0,0.0,0.0,0.0,0.0,0.0,0.0,0.0,0.0
2025-26,1642885,Mohamed Diawara,1610612752,NYK,20.0,Mohamed,0.4,0.9,0.441,0.1,0.2,0.643,0.1,0.2,0.7,0.7,1.9,0.369,0.0,0.0,0.0
2025-26,1628420,Monte Morris,1610612754,IND,30.0,Monte,0.7,1.5,0.444,0.2,0.4,0.5,0.0,0.2,0.0,0.3,1.3,0.25,0.0,0.0,0.0
2025-26,1629021,Moritz Wagner,1610612753,ORL,28.0,Moritz,1.6,3.3,0.496,0.1,0.2,0.375,0.0,0.0,0.0,0.6,1.9,0.314,0.0,0.0,0.0
2025-26,1630541,Moses Moody,1610612744,GSW,23.0,Moses,1.3,2.1,0.602,0.2,0.6,0.297,0.1,0.3,0.4,2.5,6.3,0.401,0.0,0.0,0.0
2025-26,1631338,Mouhamadou Gueye,1610612741,CHI,27.0,Mouhamadou,2.5,3.0,0.833,0.0,0.0,0.0,0.0,0.0,0.0,0.5,2.5,0.2,0.0,0.0,0.0
2025-26,1631243,Mouhamed Gueye,1610612737,ATL,23.0,Mouhamed,1.1,1.6,0.664,0.1,0.4,0.241,0.0,0.1,0.167,0.5,1.7,0.308,0.0,0.0,0.0
2025-26,1630619,Moussa Cisse,1610612742,DAL,23.0,Moussa,1.8,3.1,0.579,0.0,0.0,0.0,0.0,0.0,0.0,0.0,0.0,0.0,0.0,0.0,0.0
2025-26,1631217,Moussa Diabaté,1610612766,CHA,24.0,Moussa,3.1,4.6,0.66,0.1,0.3,0.2,0.0,0.0,0.333,0.0,0.0,0.5,0.0,0.0,0.0
2025-26,1626167,Myles Turner,1610612749,MIL,30.0,Myles,1.4,2.4,0.578,0.3,0.8,0.39,0.2,0.4,0.467,2.1,5.4,0.383,0.0,0.0,0.0
2025-26,1642066,Myron Gardner,1610612748,MIA,24.0,Myron,0.7,1.2,0.585,0.1,0.1,0.4,0.0,0.0,0.0,0.6,1.4,0.406,0.0,0.0,0.0
2025-26,1642368,N'Faly Dante,1610612737,ATL,24.0,N'Faly,0.3,0.8,0.333,0.0,0.3,0.0,0.0,0.0,0.0,0.0,0.0,0.0,0.0,0.0,0.0
2025-26,1641772,Nae'Qwan Tomlin,1610612739,CLE,25.0,Nae'Qwan,1.9,3.0,0.623,0.1,0.1,0.5,0.0,0.0,0.0,0.4,1.8,0.235,0.0,0.0,0.0
2025-26,1630230,Naji Marshall,1610612742,DAL,28.0,Naji,3.4,5.4,0.641,1.3,2.6,0.513,0.1,0.3,0.238,0.8,2.9,0.291,0.0,0.0,0.0
2025-26,1631466,Nate Williams,1610612744,GSW,27.0,Nate,2.1,3.9,0.527,0.1,0.2,0.333,0.0,0.0,0.0,0.9,2.1,0.433,0.0,0.0,0.0
2025-26,1629675,Naz Reid,1610612750,MIN,26.0,Naz,2.5,4.0,0.614,0.6,1.5,0.402,0.0,0.0,0.333,2.1,5.8,0.362,0.0,0.0,0.0
2025-26,1629674,Neemias Queta,1610612738,BOS,26.0,Neemias,4.0,5.8,0.698,0.2,0.6,0.375,0.0,0.0,0.0,0.0,0.1,0.125,0.0,0.0,0.0
2025-26,1629651,Nic Claxton,1610612751,BKN,26.0,Nic,4.4,7.2,0.617,0.3,0.8,0.31,0.1,0.1,0.6,0.0,0.3,0.158,0.0,0.0,0.0
2025-26,1630208,Nick Richards,1610612741,CHI,28.0,Nick,1.9,3.4,0.553,0.2,0.4,0.45,0.0,0.1,0.25,0.1,0.4,0.278,0.0,0.0,0.0
2025-26,1641733,Nick Smith Jr.,1610612747,LAL,21.0,Nick,0.3,0.6,0.471,0.8,1.7,0.48,0.1,0.3,0.5,1.2,3.0,0.395,0.0,0.0,0.0
2025-26,1629638,Nickeil Alexander-Walker,1610612737,ATL,27.0,Nickeil,2.8,4.8,0.57,0.7,1.6,0.438,0.3,0.8,0.426,3.2,8.1,0.399,0.0,0.0,0.0
2025-26,201587,Nicolas Batum,1610612746,LAC,37.0,Nicolas,0.0,0.0,0.333,0.0,0.0,0.5,0.0,0.1,0.4,1.2,3.1,0.404,0.0,0.0,0.0
2025-26,1628502,Nigel Hayes-Davis,1610612756,PHX,31.0,Nigel,0.2,0.4,0.545,0.3,0.7,0.412,0.0,0.1,0.0,0.1,0.6,0.125,0.0,0.0,0.0
2025-26,203999,Nikola Jokić,1610612743,DEN,31.0,Nikola,6.0,8.9,0.668,1.8,3.3,0.566,0.4,0.7,0.543,1.7,4.5,0.38,0.0,0.0,0.0
2025-26,1631107,Nikola Jović,1610612748,MIA,22.0,Nikola,1.4,2.6,0.528,0.1,0.4,0.278,0.0,0.1,0.0,1.0,3.6,0.269,0.0,0.0,0.0
2025-26,1642260,Nikola Topić,1610612760,OKC,20.0,Nikola,1.5,3.1,0.484,0.1,0.5,0.2,0.0,0.0,0.0,0.6,1.5,0.4,0.0,0.0,0.0
2025-26,202696,Nikola Vučević,1610612738,BOS,35.0,Nikola,3.3,5.8,0.582,1.1,2.1,0.526,0.2,0.4,0.37,1.6,4.2,0.369,0.0,0.0,0.0
2025-26,1642363,Nique Clifford,1610612758,SAC,24.0,Nique,1.6,2.9,0.551,0.5,1.4,0.34,0.2,0.6,0.4,1.0,3.1,0.332,0.0,0.0,0.0
2025-26,1642855,Noa Essengue,1610612741,CHI,19.0,Noa,0.0,0.5,0.0,0.0,0.0,0.0,0.0,0.0,0.0,0.0,1.0,0.0,,,
2025-26,1641730,Noah Clowney,1610612751,BKN,21.0,Noah,1.5,2.8,0.527,0.3,0.7,0.489,0.0,0.1,0.143,2.0,6.0,0.328,0.0,0.0,0.0
2025-26,1642869,Noah Penda,1610612753,ORL,21.0,Noah,0.8,1.7,0.49,0.0,0.2,0.2,0.1,0.1,0.75,0.5,1.6,0.323,0.0,0.0,0.0
2025-26,1642849,Nolan Traore,1610612751,BKN,19.0,Nolan,1.7,3.9,0.438,0.4,1.1,0.367,0.1,0.1,0.375,1.1,3.4,0.318,0.0,0.0,0.0
2025-26,1641807,Norchad Omier,1610612746,LAC,24.0,Norchad,0.8,1.2,0.714,0.4,0.4,1.0,0.0,0.0,0.0,0.0,0.2,0.0,0.0,0.0,0.0
2025-26,1626181,Norman Powell,1610612748,MIA,32.0,Norman,3.3,5.8,0.576,0.9,1.8,0.524,0.3,0.7,0.372,2.7,7.1,0.379,0.0,0.0,1.0
2025-26,1628384,OG Anunoby,1610612752,NYK,28.0,OG,3.1,4.8,0.651,0.2,0.9,0.263,0.1,0.3,0.421,2.3,6.1,0.386,0.0,0.0,0.0
2025-26,1630167,Obi Toppin,1610612754,IND,28.0,Obi,2.2,3.0,0.746,0.4,0.8,0.5,0.0,0.2,0.2,1.5,4.4,0.352,0.0,0.0,0.0
2025-26,1630534,Ochai Agbaji,1610612751,BKN,25.0,Ochai,1.3,2.2,0.583,0.1,0.2,0.6,0.0,0.1,0.333,0.5,2.1,0.266,0.0,0.0,0.0
2025-26,1630846,Olivier Sarr,1610612739,CLE,27.0,Olivier,1.0,1.3,0.75,0.0,0.0,0.0,0.0,0.0,0.0,0.5,0.8,0.667,0.0,0.0,0.0
2025-26,1641765,Olivier-Maxence Prosper,1610612763,MEM,23.0,Olivier-Maxence,2.4,3.4,0.697,0.1,0.4,0.35,0.0,0.1,0.25,1.2,2.8,0.405,0.0,0.0,0.0
2025-26,1630209,Omer Yurtseven,1610612744,GSW,27.0,Omer,1.0,2.0,0.5,0.2,0.4,0.5,0.0,0.0,0.0,0.0,0.4,0.0,0.0,0.0,0.0
2025-26,1630168,Onyeka Okongwu,1610612737,ATL,25.0,Onyeka,3.1,5.2,0.597,0.5,1.2,0.43,0.0,0.1,0.25,1.9,5.2,0.376,0.0,0.0,0.0
2025-26,1631115,Orlando Robinson,1610612753,ORL,25.0,Orlando,0.5,0.5,1.0,0.0,0.3,0.0,0.0,0.0,0.0,0.3,0.5,0.5,0.0,0.0,0.0
2025-26,1631131,Oscar Tshiebwe,1610612762,UTA,26.0,Oscar,3.1,4.7,0.648,0.3,0.6,0.529,0.0,0.0,0.0,0.0,0.0,0.0,0.0,0.0,0.0
2025-26,1642345,Oso Ighodaro,1610612756,PHX,23.0,Oso,2.5,3.6,0.678,0.5,0.8,0.552,0.0,0.0,0.0,0.0,0.0,0.0,0.0,0.0,0.0
2025-26,1631172,Ousmane Dieng,1610612749,MIL,22.0,Ousmane,1.0,1.8,0.538,0.6,1.2,0.479,0.3,0.7,0.395,1.1,3.2,0.341,0.0,0.0,0.0
2025-26,1629023,P.J. Washington,1610612742,DAL,27.0,P.J.,3.2,5.9,0.544,0.6,1.4,0.438,0.1,0.2,0.385,1.4,4.2,0.325,0.0,0.0,0.0
2025-26,1641790,PJ Hall,1610612766,CHA,24.0,PJ,1.6,3.0,0.529,0.0,0.1,0.0,0.0,0.1,0.0,0.2,0.3,0.6,0.0,0.0,0.0
2025-26,1642359,Pacôme Dadiet,1610612752,NYK,20.0,Pacôme,0.3,0.4,0.8,0.0,0.2,0.25,0.0,0.1,0.0,0.3,1.1,0.219,0.0,0.0,0.0
2025-26,1631094,Paolo Banchero,1610612753,ORL,23.0,Paolo,4.7,8.1,0.578,1.1,3.2,0.355,0.4,1.0,0.42,1.2,3.8,0.305,0.0,0.0,0.0
2025-26,1627783,Pascal Siakam,1610612754,IND,32.0,Pascal,4.9,7.9,0.624,2.0,4.7,0.433,0.4,1.4,0.286,1.7,4.7,0.358,0.0,0.0,0.0
2025-26,1626192,Pat Connaughton,1610612766,CHA,33.0,Pat,0.4,0.7,0.533,0.0,0.1,0.333,0.0,0.0,0.0,0.5,1.2,0.404,0.0,0.0,0.0
2025-26,1630311,Pat Spencer,1610612744,GSW,29.0,Pat,1.1,2.2,0.517,0.7,1.6,0.449,0.0,0.3,0.188,0.9,2.5,0.357,0.0,0.0,0.0
2025-26,1631116,Patrick Baldwin Jr.,1610612758,SAC,23.0,Patrick,0.4,1.2,0.364,0.1,0.2,0.5,0.0,0.0,0.0,0.7,1.6,0.429,0.0,0.0,0.0
2025-26,1630172,Patrick Williams,1610612741,CHI,24.0,Patrick,0.9,2.1,0.417,0.3,0.7,0.375,0.0,0.1,0.4,1.3,3.8,0.347,0.0,0.0,0.0
2025-26,202331,Paul George,1610612755,PHI,35.0,Paul,1.4,2.7,0.535,1.0,2.5,0.407,0.9,1.8,0.515,2.7,6.9,0.392,0.0,0.0,0.0
2025-26,1630194,Paul Reed,1610612765,DET,26.0,Paul,2.7,3.9,0.688,0.3,0.6,0.528,0.0,0.2,0.3,0.2,0.6,0.325,0.0,0.0,0.0
2025-26,1630202,Payton Pritchard,1610612738,BOS,28.0,Payton,1.7,2.6,0.646,1.8,3.3,0.543,0.2,0.8,0.306,2.7,7.1,0.377,0.0,0.0,0.0
2025-26,1642362,Payton Sandfort,1610612760,OKC,23.0,Payton,1.5,2.3,0.667,0.0,0.0,0.0,0.0,0.0,0.0,1.8,4.3,0.412,0.0,0.0,0.0
2025-26,1641796,Pelle Larsson,1610612748,MIA,25.0,Pelle,2.8,4.5,0.636,0.2,0.7,0.314,0.0,0.0,0.0,0.9,2.7,0.323,0.0,0.0,0.0
2025-26,1631250,Pete Nance,1610612749,MIL,26.0,Pete,1.0,1.4,0.738,0.0,0.2,0.222,0.0,0.0,0.0,1.1,2.6,0.42,0.0,0.0,0.0
2025-26,1631212,Peyton Watson,1610612743,DEN,23.0,Peyton,2.9,4.9,0.577,0.6,1.6,0.405,0.3,0.6,0.485,1.5,3.6,0.411,0.0,0.0,0.0
2025-26,1630173,Precious Achiuwa,1610612758,SAC,26.0,Precious,3.5,5.7,0.616,0.4,1.1,0.4,0.0,0.1,0.0,0.4,1.3,0.278,0.0,0.0,0.0
2025-26,1629656,Quentin Grimes,1610612755,PHI,25.0,Quentin,2.5,3.9,0.638,0.2,0.5,0.378,0.2,0.6,0.267,1.7,5.1,0.332,0.0,0.0,1.0
2025-26,1631245,Quenton Jackson,1610612754,IND,27.0,Quenton,2.1,3.5,0.594,0.1,0.4,0.19,0.1,0.4,0.368,0.9,2.4,0.356,0.0,0.0,0.0
2025-26,1642366,Quinten Post,1610612744,GSW,26.0,Quinten,1.3,1.9,0.651,0.1,0.3,0.476,0.1,0.2,0.5,1.4,4.1,0.336,0.0,0.0,0.0
2025-26,1629628,RJ Barrett,1610612761,TOR,25.0,RJ,4.5,7.4,0.613,0.8,1.9,0.422,0.0,0.1,0.4,1.7,5.0,0.339,0.0,0.0,0.0
2025-26,1642853,Rasheer Fleming,1610612756,PHX,21.0,Rasheer,0.7,1.4,0.534,0.0,0.2,0.25,0.0,0.1,0.25,0.8,2.4,0.346,0.0,0.0,0.0
2025-26,1642484,RayJ Dennis,1610612737,ATL,25.0,RayJ,0.5,1.2,0.381,0.2,0.9,0.267,0.0,0.1,0.0,0.8,2.6,0.311,0.0,0.0,0.0
2025-26,1641712,Rayan Rupert,1610612763,MEM,21.0,Rayan,1.0,2.1,0.481,0.2,0.6,0.371,0.0,0.1,0.222,0.7,2.1,0.324,0.0,0.0,0.0
2025-26,1642263,Reed Sheppard,1610612745,HOU,21.0,Reed,1.1,2.0,0.553,0.7,1.8,0.414,0.4,0.8,0.484,2.8,7.0,0.394,0.0,0.0,0.0
2025-26,1642434,Riley Minix,1610612739,CLE,25.0,Riley,0.9,1.0,0.875,0.3,0.3,1.0,0.2,0.2,1.0,0.4,1.3,0.333,0.0,0.0,0.0
2025-26,1642265,Rob Dillingham,1610612741,CHI,21.0,Rob,1.2,2.8,0.432,0.4,0.9,0.474,0.2,0.6,0.378,0.7,2.1,0.316,0.0,0.0,0.0
2025-26,1629057,Robert Williams III,1610612757,POR,28.0,Robert,2.7,3.6,0.751,0.1,0.2,0.5,0.0,0.0,1.0,0.2,0.4,0.391,0.0,0.0,0.0
2025-26,1642911,Rocco Zikarsky,1610612750,MIN,19.0,Rocco,1.0,1.4,0.714,0.0,0.0,0.0,0.0,0.3,0.0,0.0,0.0,0.0,0.0,0.0,0.0
2025-26,1631199,Ron Harper Jr.,1610612738,BOS,26.0,Ron,0.6,1.0,0.615,0.1,0.1,0.5,0.0,0.0,0.0,1.0,2.8,0.35,0.0,0.0,0.0
2025-26,1641842,Ronald Holland II,1610612765,DET,20.0,Ronald,2.3,3.9,0.58,0.1,0.4,0.188,0.0,0.1,0.222,0.6,2.5,0.253,0.0,0.0,0.0
2025-26,1626220,Royce O'Neale,1610612756,PHX,32.0,Royce,0.5,1.0,0.506,0.1,0.3,0.409,0.0,0.0,0.5,2.7,6.7,0.407,0.0,0.0,1.0
2025-26,203497,Rudy Gobert,1610612750,MIN,33.0,Rudy,4.3,6.2,0.699,0.1,0.2,0.417,0.0,0.0,0.0,0.0,0.1,0.0,0.0,0.0,0.0
2025-26,1629060,Rui Hachimura,1610612747,LAL,28.0,Rui,1.3,2.1,0.617,0.9,1.7,0.518,0.7,1.2,0.563,1.7,3.9,0.443,0.0,0.0,0.0
2025-26,201566,Russell Westbrook,1610612758,SAC,37.0,Russell,2.6,4.5,0.573,0.8,1.8,0.421,0.3,0.9,0.293,2.0,5.9,0.338,0.0,0.0,0.0
2025-26,1642346,Ryan Dunn,1610612756,PHX,23.0,Ryan,1.4,2.3,0.616,0.1,0.4,0.231,0.0,0.0,0.333,0.8,2.4,0.331,0.0,0.0,0.0
2025-26,1641750,Ryan Kalkbrenner,1610612766,CHA,24.0,Ryan,3.1,4.0,0.777,0.0,0.1,0.333,0.0,0.0,0.5,0.0,0.1,0.0,0.0,0.0,0.0
2025-26,1642948,Ryan Nembhard,1610612742,DAL,23.0,Ryan,0.8,1.4,0.554,0.6,1.7,0.359,0.5,1.2,0.449,0.8,2.3,0.356,0.0,0.0,0.0
2025-26,1631157,Ryan Rollins,1610612749,MIL,23.0,Ryan,2.6,4.5,0.568,1.1,2.2,0.5,0.4,1.0,0.377,2.5,6.1,0.406,0.0,0.0,0.0
2025-26,1630180,Saddiq Bey,1610612740,NOP,27.0,Saddiq,3.4,5.9,0.574,0.5,1.5,0.308,0.1,0.3,0.348,2.1,5.7,0.367,0.0,0.0,0.0
2025-26,1630573,Sam Hauser,1610612738,BOS,28.0,Sam,0.3,0.5,0.692,0.3,0.5,0.564,0.1,0.3,0.3,2.5,6.4,0.392,0.0,0.0,0.0
2025-26,1630241,Sam Merrill,1610612739,CLE,29.0,Sam,1.0,1.3,0.746,0.2,0.5,0.385,0.1,0.3,0.313,3.0,7.2,0.421,0.0,0.0,0.0
2025-26,1630572,Sandro Mamukelashvili,1610612761,TOR,26.0,Sandro,2.5,3.8,0.677,0.1,0.4,0.324,0.0,0.0,1.0,1.4,3.7,0.389,0.0,0.0,0.0
2025-26,1630583,Santi Aldama,1610612763,MEM,25.0,Santi,2.9,4.5,0.631,0.7,1.6,0.478,0.1,0.3,0.214,1.6,4.7,0.35,0.0,0.0,0.0
2025-26,1630703,Scoot Henderson,1610612757,POR,22.0,Scoot,1.9,4.0,0.479,0.5,1.2,0.432,0.4,0.7,0.545,1.9,5.4,0.348,0.0,0.0,1.0
2025-26,1630567,Scottie Barnes,1610612761,TOR,24.0,Scottie,4.2,6.9,0.617,1.6,3.4,0.473,0.4,1.0,0.429,0.9,2.8,0.304,0.0,0.0,0.0
2025-26,1630590,Scotty Pippen Jr.,1610612763,MEM,25.0,Scotty,2.1,3.9,0.538,1.0,2.1,0.476,0.2,0.4,0.5,1.0,3.2,0.313,0.0,0.0,0.0
2025-26,1642951,Sean Pedulla,1610612746,LAC,23.0,Sean,0.1,0.3,0.5,0.1,0.3,0.5,0.0,0.2,0.0,0.4,1.4,0.3,0.0,0.0,0.0
2025-26,203552,Seth Curry,1610612744,GSW,35.0,Seth,0.3,0.3,1.0,0.4,0.7,0.571,0.5,1.4,0.357,1.2,2.5,0.48,0.0,0.0,0.0
2025-26,1631101,Shaedon Sharpe,1610612757,POR,22.0,Shaedon,4.3,7.0,0.607,0.8,2.3,0.372,0.7,2.0,0.347,2.1,6.1,0.337,0.0,0.0,0.0
2025-26,1628983,Shai Gilgeous-Alexander,1610612760,OKC,27.0,Shai,4.6,7.0,0.656,3.5,6.1,0.573,1.0,2.0,0.5,1.7,4.4,0.386,0.0,0.0,0.0
2025-26,1630536,Sharife Cooper,1610612764,WAS,24.0,Sharife,1.6,2.7,0.589,0.6,1.1,0.535,0.2,0.4,0.563,0.7,1.9,0.382,0.0,0.0,0.0
2025-26,1631321,Sidy Cissoko,1610612757,POR,22.0,Sidy,0.9,1.6,0.585,0.1,0.2,0.333,0.0,0.1,0.167,0.8,2.6,0.298,0.0,0.0,0.0
2025-26,1631323,Simone Fontecchio,1610612748,MIA,30.0,Simone,0.9,1.8,0.524,0.0,0.2,0.273,0.0,0.1,0.333,1.8,4.7,0.376,0.0,0.0,0.0
2025-26,1642883,Sion James,1610612766,CHA,23.0,Sion,0.7,1.5,0.446,0.0,0.2,0.077,0.0,0.0,0.333,1.0,2.9,0.346,0.0,0.0,1.0
2025-26,1627746,Skal Labissiere,1610612764,WAS,30.0,Skal,1.0,1.0,1.0,0.3,0.3,1.0,0.3,0.3,1.0,0.3,1.7,0.2,0.0,0.0,0.0
2025-26,1642461,Spencer Jones,1610612743,DEN,24.0,Spencer,1.1,1.7,0.645,0.1,0.1,0.625,0.0,0.0,0.333,0.9,2.3,0.396,0.0,0.0,0.0
2025-26,1630649,Stanley Umude,1610612759,SAS,27.0,Stanley,0.0,0.0,0.0,0.5,0.5,1.0,0.0,0.0,0.0,0.0,0.5,0.0,,,
2025-26,201939,Stephen Curry,1610612744,GSW,38.0,Stephen,2.9,4.5,0.646,0.7,1.6,0.471,0.6,1.2,0.5,4.4,11.3,0.393,0.0,0.0,0.0
2025-26,1642264,Stephon Castle,1610612759,SAS,21.0,Stephon,3.5,6.0,0.577,0.9,2.1,0.414,0.1,0.3,0.412,1.2,3.6,0.332,0.0,0.0,0.0
2025-26,203500,Steven Adams,1610612745,HOU,32.0,Steven,2.1,4.0,0.512,0.1,0.3,0.4,0.0,0.0,0.0,0.0,0.0,0.0,0.0,0.0,0.0
2025-26,1629004,Svi Mykhailiuk,1610612762,UTA,28.0,Svi,1.2,1.9,0.642,0.2,0.4,0.5,0.1,0.1,0.6,2.0,4.8,0.408,0.0,0.0,0.0
2025-26,204456,T.J. McConnell,1610612754,IND,34.0,T.J.,1.6,2.6,0.612,1.8,3.3,0.538,0.6,1.2,0.537,0.3,0.9,0.32,0.0,0.0,0.0
2025-26,1643007,Taelon Peter,1610612754,IND,24.0,Taelon,0.4,0.7,0.607,0.0,0.0,0.0,0.1,0.1,0.5,1.1,3.4,0.328,0.0,0.0,0.0
2025-26,201959,Taj Gibson,1610612763,MEM,40.0,Taj,0.7,1.2,0.583,0.2,0.7,0.286,0.0,0.1,0.0,0.3,0.6,0.5,0.0,0.0,0.0
2025-26,1631106,Tari Eason,1610612745,HOU,24.0,Tari,2.1,3.8,0.55,0.3,1.1,0.265,0.1,0.4,0.167,1.5,4.3,0.357,0.0,0.0,1.0
2025-26,1627752,Taurean Prince,1610612749,MIL,32.0,Taurean,0.5,1.0,0.56,0.3,0.8,0.381,0.1,0.2,0.6,2.3,5.4,0.436,0.0,0.0,0.0
2025-26,1641707,Taylor Hendricks,1610612763,MEM,22.0,Taylor,1.5,2.6,0.593,0.2,0.3,0.526,0.0,0.0,0.5,1.1,3.1,0.342,0.0,0.0,0.0
2025-26,1629611,Terance Mann,1610612751,BKN,29.0,Terance,1.3,2.3,0.569,0.4,0.9,0.418,0.1,0.2,0.467,0.9,2.4,0.364,0.0,0.0,0.0
2025-26,1630545,Terrence Shannon Jr.,1610612750,MIN,25.0,Terrence,0.9,1.7,0.533,0.1,0.3,0.286,0.1,0.2,0.333,0.7,1.8,0.408,0.0,0.0,0.0
2025-26,203648,Thanasis Antetokounmpo,1610612749,MIL,33.0,Thanasis,0.5,0.8,0.577,0.0,0.0,0.0,0.0,0.0,0.0,0.0,0.1,0.0,0.0,0.0,0.0
2025-26,1628418,Thomas Bryant,1610612739,CLE,28.0,Thomas,1.3,2.0,0.678,0.1,0.2,0.5,0.0,0.1,0.25,0.8,2.2,0.359,0.0,0.0,0.0
2025-26,1642275,Tidjane Salaün,1610612766,CHA,20.0,Tidjane,1.2,2.0,0.581,0.0,0.1,0.5,0.0,0.0,0.0,1.0,2.2,0.434,0.0,0.0,0.0
2025-26,203501,Tim Hardaway Jr.,1610612743,DEN,34.0,Tim,0.8,1.5,0.542,0.4,0.8,0.548,0.3,0.6,0.531,2.8,6.9,0.407,0.0,0.0,0.0
2025-26,202699,Tobias Harris,1610612765,DET,33.0,Tobias,2.1,3.7,0.551,1.4,2.7,0.518,0.1,0.5,0.3,1.3,3.5,0.368,0.0,0.0,0.0
2025-26,1643253,Toby Okani,1610612763,MEM,24.0,Toby,1.8,3.8,0.478,0.5,1.7,0.3,0.3,1.0,0.333,1.5,5.2,0.29,0.0,0.0,0.0
2025-26,1642449,Tolu Smith,1610612765,DET,25.0,Tolu,1.2,2.4,0.5,0.0,0.0,0.0,0.0,0.0,0.0,0.0,0.0,0.0,0.0,0.0,0.0
2025-26,1628396,Tony Bradley,1610612737,ATL,28.0,Tony,1.4,2.5,0.571,0.1,0.2,0.375,0.1,0.2,0.429,0.1,0.1,0.5,0.0,0.0,0.0
2025-26,1641787,Tosan Evbuomwan,1610612766,CHA,25.0,Tosan,0.0,0.2,0.0,0.0,0.0,0.0,0.0,0.0,0.0,0.0,0.0,0.0,0.0,0.0,0.0
2025-26,1641739,Toumani Camara,1610612757,POR,25.0,Toumani,1.9,3.1,0.593,0.2,0.4,0.472,0.0,0.1,0.6,2.7,7.2,0.37,0.0,0.0,0.0
2025-26,1629027,Trae Young,1610612764,WAS,27.0,Trae,2.0,3.2,0.625,1.3,2.5,0.541,0.3,0.8,0.333,1.8,5.3,0.338,0.0,0.0,0.0
2025-26,1631218,Trayce Jackson-Davis,1610612761,TOR,26.0,Trayce,1.4,2.5,0.569,0.0,0.0,0.0,0.0,0.0,0.0,0.0,0.0,0.0,0.0,0.0,1.0
2025-26,1642848,Tre Johnson,1610612764,WAS,20.0,Tre,1.0,2.1,0.496,1.2,2.6,0.456,0.4,0.8,0.511,1.9,5.4,0.358,0.0,0.0,0.0
2025-26,1630200,Tre Jones,1610612741,CHI,26.0,Tre,4.0,6.4,0.623,0.6,1.0,0.603,0.0,0.1,0.375,0.6,2.0,0.315,0.0,0.0,0.0
2025-26,1630544,Tre Mann,1610612766,CHA,25.0,Tre,0.7,1.5,0.449,0.4,1.1,0.346,0.1,0.4,0.333,0.9,2.9,0.323,0.0,0.0,0.0
2025-26,1630570,Trendon Watford,1610612755,PHI,25.0,Trendon,2.2,3.5,0.61,0.3,0.5,0.464,0.0,0.1,0.333,0.2,0.9,0.2,0.0,0.0,0.0
2025-26,1642280,Trentyn Flowers,1610612741,CHI,21.0,Trentyn,1.0,1.0,1.0,0.0,0.0,0.0,0.0,0.0,0.0,0.0,0.5,0.0,,,
2025-26,1630286,Trevon Scott,1610612751,BKN,29.0,Trevon,1.8,3.8,0.478,0.3,1.2,0.286,0.0,0.2,0.0,1.0,3.2,0.316,0.0,0.0,0.0
2025-26,1631211,Trevor Keels,1610612748,MIA,22.0,Trevor,0.1,0.3,0.5,0.0,0.0,0.0,0.0,0.2,0.0,0.3,1.1,0.222,0.0,0.0,0.0
2025-26,1641725,Trey Alexander,1610612740,NOP,22.0,Trey,0.6,1.2,0.455,0.7,1.2,0.545,0.2,0.3,0.667,0.8,1.5,0.5,0.0,0.0,0.0
2025-26,1641998,Trey Jemison III,1610612752,NYK,26.0,Trey,0.3,0.5,0.667,0.2,0.4,0.5,0.0,0.0,0.0,0.0,0.0,0.0,0.0,0.0,0.0
2025-26,1630530,Trey Murphy III,1610612740,NOP,25.0,Trey,3.4,5.2,0.655,0.7,1.7,0.398,0.1,0.4,0.333,3.2,8.6,0.379,0.0,0.0,0.0
2025-26,1642400,Tristan Enaruna,1610612739,CLE,24.0,Tristan,1.2,1.9,0.647,0.0,0.1,0.0,0.0,0.0,0.0,0.3,1.1,0.3,0.0,0.0,0.0
2025-26,1641774,Tristan Vukcevic,1610612764,WAS,23.0,Tristan,1.4,1.9,0.742,0.6,1.3,0.467,0.1,0.4,0.25,1.0,2.9,0.347,0.0,0.0,0.0
2025-26,1641783,Tristan da Silva,1610612753,ORL,24.0,Tristan,1.6,2.7,0.598,0.4,1.0,0.387,0.1,0.2,0.333,1.6,4.2,0.374,0.0,0.0,0.0
2025-26,1641803,Tristen Newton,1610612745,HOU,24.0,Tristen,1.0,3.0,0.333,0.0,0.0,0.0,1.0,1.0,1.0,2.0,5.0,0.4,,,
2025-26,1629660,Ty Jerome,1610612763,MEM,28.0,Ty,2.0,4.1,0.492,2.0,3.3,0.612,0.0,0.3,0.0,2.8,6.7,0.42,0.0,0.0,0.0
2025-26,1631102,TyTy Washington Jr.,1610612746,LAC,24.0,TyTy,0.4,0.5,0.75,0.0,0.2,0.0,0.0,0.0,0.0,0.2,0.5,0.375,0.0,0.0,0.0
2025-26,1631174,Tyler Burton,1610612763,MEM,26.0,Tyler,1.4,3.0,0.472,0.3,0.8,0.333,0.0,0.1,0.0,1.8,5.5,0.333,0.0,0.0,0.0
2025-26,1629639,Tyler Herro,1610612748,MIA,26.0,Tyler,2.6,4.1,0.63,2.1,4.1,0.507,0.3,0.7,0.417,2.5,6.7,0.378,0.0,0.0,0.0
2025-26,1642278,Tyler Kolek,1610612752,NYK,25.0,Tyler,0.8,1.4,0.542,0.3,0.8,0.362,0.0,0.1,0.5,0.7,1.9,0.386,0.0,0.0,0.0
2025-26,1641890,Tyler Smith,1610612742,DAL,21.0,Tyler,0.8,1.1,0.769,0.1,0.1,1.0,0.0,0.1,0.0,0.8,2.9,0.286,0.0,0.0,0.0
2025-26,1631213,Tyrese Martin,1610612755,PHI,27.0,Tyrese,1.0,2.0,0.522,0.2,0.4,0.471,0.0,0.1,0.2,1.2,3.6,0.321,0.0,0.0,0.0
2025-26,1630178,Tyrese Maxey,1610612755,PHI,25.0,Tyrese,4.9,8.5,0.57,1.2,2.8,0.434,0.7,1.5,0.444,3.2,8.6,0.368,0.0,0.0,0.0
2025-26,1642878,Tyrese Proctor,1610612739,CLE,22.0,Tyrese,0.6,1.2,0.525,0.2,0.5,0.5,0.1,0.3,0.364,0.9,2.6,0.351,0.0,0.0,0.0
2025-26,1630623,Tyson Etienne,1610612751,BKN,26.0,Tyson,0.4,1.0,0.435,0.1,0.2,0.6,0.1,0.4,0.222,1.8,4.5,0.398,0.0,0.0,0.0
2025-26,1626145,Tyus Jones,1610612743,DEN,29.0,Tyus,0.2,0.6,0.395,0.3,0.5,0.514,0.0,0.1,0.375,0.6,2.0,0.292,0.0,0.0,0.0
2025-26,1642845,VJ Edgecombe,1610612755,PHI,20.0,VJ,2.7,4.9,0.541,0.9,2.3,0.396,0.5,1.0,0.5,2.0,5.6,0.354,0.0,0.0,0.0
2025-26,1641705,Victor Wembanyama,1610612759,SAS,22.0,Victor,5.1,7.4,0.696,1.0,2.7,0.386,0.6,1.4,0.42,1.9,5.5,0.349,0.0,0.0,0.0
2025-26,1631246,Vince Williams Jr.,1610612762,UTA,25.0,Vince,0.6,1.5,0.393,0.6,1.2,0.479,0.0,0.2,0.167,1.4,4.4,0.311,0.0,0.0,0.0
2025-26,1642884,Vladislav Goldin,1610612748,MIA,24.0,Vladislav,0.4,0.5,0.75,0.0,0.0,0.0,0.0,0.0,0.0,0.0,0.0,0.0,0.0,0.0,0.0
2025-26,1630249,Vít Krejčí,1610612757,POR,25.0,Vít,0.7,1.0,0.708,0.2,0.5,0.484,0.0,0.1,0.6,2.0,5.0,0.39,0.0,0.0,0.0
2025-26,1631117,Walker Kessler,1610612762,UTA,24.0,Walker,4.0,5.8,0.69,0.0,0.0,0.0,0.0,0.0,0.0,1.2,1.6,0.75,0.0,0.0,0.0
2025-26,1642383,Walter Clayton Jr.,1610612763,MEM,23.0,Walter,0.9,2.0,0.478,0.4,0.9,0.452,0.1,0.3,0.474,1.1,3.5,0.307,0.0,0.0,0.0
2025-26,1628976,Wendell Carter Jr.,1610612753,ORL,26.0,Wendell,2.6,3.8,0.686,0.4,1.0,0.432,0.2,0.4,0.452,0.9,2.9,0.319,0.0,0.0,0.0
2025-26,1631111,Wendell Moore Jr.,1610612765,DET,24.0,Wendell,0.7,1.0,0.667,0.0,0.0,0.0,0.0,0.0,0.0,0.0,0.2,0.0,0.0,0.0,0.0
2025-26,1642954,Will Richard,1610612744,GSW,23.0,Will,1.2,1.6,0.736,0.1,0.2,0.294,0.1,0.1,0.714,1.0,3.1,0.335,0.0,0.0,0.0
2025-26,1642860,Will Riley,1610612764,WAS,20.0,Will,2.0,3.3,0.614,0.5,1.4,0.388,0.1,0.5,0.219,1.1,3.3,0.316,0.0,0.0,0.0
2025-26,1630214,Xavier Tillman,1610612766,CHA,27.0,Xavier,0.4,0.7,0.619,0.2,0.3,0.571,0.0,0.0,0.0,0.1,0.6,0.167,0.0,0.0,0.0
2025-26,1642905,Yang Hansen,1610612757,POR,20.0,ang Hansen,0.6,1.1,0.522,0.1,0.3,0.167,0.0,0.0,0.0,0.1,1.0,0.119,0.0,0.0,0.0
2025-26,1642949,Yanic Konan Niederhäuser,1610612746,LAC,23.0,Yanic Konan,1.5,2.2,0.67,0.1,0.1,0.5,0.0,0.0,0.0,0.0,0.1,0.2,0.0,0.0,0.0
2025-26,1642530,Yuki Kawamura,1610612741,CHI,24.0,Yuki,0.2,0.3,0.5,0.2,0.5,0.375,0.0,0.1,0.0,0.6,2.1,0.297,0.0,0.0,0.0
2025-26,1642274,Yves Missi,1610612740,NOP,21.0,Yves,2.4,4.2,0.567,0.0,0.2,0.214,0.0,0.0,0.0,0.0,0.0,0.0,0.0,0.0,0.0
2025-26,1642258,Zaccharie Risacher,1610612737,ATL,21.0,Zaccharie,1.9,3.1,0.596,0.2,0.5,0.389,0.2,0.5,0.324,1.4,3.9,0.368,0.0,0.0,0.0
2025-26,1628380,Zach Collins,1610612741,CHI,28.0,Zach,2.4,3.4,0.706,0.3,0.8,0.375,0.1,0.1,1.0,0.9,2.1,0.429,0.0,0.0,0.0
2025-26,1641744,Zach Edey,1610612763,MEM,23.0,Zach,4.8,6.6,0.726,0.7,1.8,0.4,0.0,0.0,0.0,0.1,0.5,0.2,0.0,0.0,0.0
2025-26,203897,Zach LaVine,1610612758,SAC,31.0,Zach,2.9,4.6,0.639,0.5,1.1,0.512,0.7,1.8,0.375,2.5,6.5,0.39,0.0,0.0,0.0
2025-26,1630192,Zeke Nnaji,1610612743,DEN,25.0,Zeke,1.0,1.7,0.628,0.0,0.1,0.0,0.1,0.2,0.375,0.3,1.1,0.259,0.0,0.0,0.0
2025-26,1630533,Ziaire Williams,1610612751,BKN,24.0,Ziaire,1.5,2.7,0.564,0.2,0.5,0.448,0.0,0.1,0.25,1.5,4.5,0.343,0.0,0.0,0.0
2025-26,1629627,Zion Williamson,1610612740,NOP,25.0,Zion,7.4,11.8,0.623,0.4,1.1,0.397,0.0,0.0,0.0,0.0,0.1,0.25,0.0,0.0,0.0
2025-26,1642389,Zyon Pullin,1610612750,MIN,25.0,Zyon,1.0,1.2,0.833,0.8,1.0,0.75,0.0,0.0,0.0,0.2,0.6,0.333,0.0,0.0,0.0
