Season,PLAYER_ID,PLAYER_NAME,TEAM_ID,TEAM_ABBREVIATION,GP,W,L,MIN,MIN1,DIST_FEET,DIST_MILES,DIST_MILES_OFF,DIST_MILES_DEF,AVG_SPEED,AVG_SPEED_OFF,AVG_SPEED_DEF
2025-26,1630639,A.J. Lawson,1610612761,TOR,24,12,12,9.4,9.4,4093.8,0.8,0.4,0.4,4.62,4.9,4.38
2025-26,1631260,AJ Green,1610612749,MIL,78,31,47,29.1,29.1,11695.9,2.2,1.2,1.0,4.45,4.81,4.07
2025-26,1642358,AJ Johnson,1610612742,DAL,48,9,39,9.4,9.4,4039.5,0.8,0.4,0.3,4.55,5.04,4.08
2025-26,203932,Aaron Gordon,1610612743,DEN,36,27,9,27.9,27.9,9967.4,1.9,1.0,0.9,3.96,4.13,3.77
2025-26,1628988,Aaron Holiday,1610612745,HOU,57,38,19,13.7,13.7,5041.7,1.0,0.5,0.4,4.05,4.14,3.94
2025-26,1630174,Aaron Nesmith,1610612754,IND,45,10,35,29.7,29.7,12292.7,2.3,1.3,1.1,4.51,4.94,4.1
2025-26,1630598,Aaron Wiggins,1610612760,OKC,65,50,15,21.8,21.8,9222.5,1.7,0.9,0.8,4.64,5.07,4.24
2025-26,1642846,Ace Bailey,1610612762,UTA,72,19,53,27.6,27.6,10567.4,2.0,1.0,1.0,4.2,4.32,4.07
2025-26,1642380,Adama Bal,1610612763,MEM,8,1,7,30.2,30.2,12515.3,2.4,1.2,1.2,4.41,4.4,4.38
2025-26,1641737,Adem Bona,1610612755,PHI,71,41,30,17.4,17.4,7150.8,1.4,0.7,0.6,4.43,4.67,4.2
2025-26,1642876,Adou Thiero,1610612747,LAL,25,15,10,6.0,6.0,2451.2,0.5,0.2,0.2,4.47,4.62,4.32
2025-26,1642349,Ajay Mitchell,1610612760,OKC,57,50,7,25.8,25.8,10597.7,2.0,1.1,0.9,4.58,5.01,4.16
2025-26,201143,Al Horford,1610612744,GSW,45,22,23,21.5,21.5,8057.4,1.5,0.8,0.7,4.07,4.28,3.85
2025-26,1630828,Alex Antetokounmpo,1610612749,MIL,6,2,4,3.4,3.4,1289.5,0.2,0.1,0.1,3.98,4.31,3.66
2025-26,1627936,Alex Caruso,1610612760,OKC,56,47,9,18.2,18.2,7338.7,1.4,0.7,0.7,4.36,4.71,4.05
2025-26,1631457,Alex Morales,1610612753,ORL,4,3,1,5.9,5.9,2423.0,0.5,0.2,0.2,4.16,4.71,4.08
2025-26,1642259,Alex Sarr,1610612764,WAS,48,11,37,27.2,27.2,10612.2,2.0,1.1,0.9,4.38,4.72,4.04
2025-26,1642918,Alijah Martin,1610612761,TOR,23,10,13,6.3,6.3,2712.5,0.5,0.3,0.2,4.44,4.64,4.25
2025-26,1631214,Alondes Williams,1610612764,WAS,4,2,2,25.2,25.2,10251.5,1.9,1.0,1.0,4.34,4.52,4.06
2025-26,1630578,Alperen Sengun,1610612745,HOU,72,46,26,33.3,33.3,11789.9,2.2,1.2,1.0,3.89,3.96,3.82
2025-26,1642873,Amari Williams,1610612738,BOS,22,15,7,6.6,6.6,2527.8,0.5,0.3,0.2,4.04,4.13,3.94
2025-26,1641708,Amen Thompson,1610612745,HOU,79,49,30,37.4,37.4,14411.8,2.7,1.5,1.2,4.22,4.44,3.98
2025-26,1629599,Amir Coffey,1610612756,PHX,46,20,26,10.7,10.7,4055.7,0.8,0.4,0.4,4.16,4.23,4.1
2025-26,1643158,Andersson Garcia,1610612762,UTA,5,1,4,33.8,33.8,13935.2,2.6,1.3,1.3,4.37,4.54,4.21
2025-26,203083,Andre Drummond,1610612755,PHI,63,33,30,19.5,19.5,7154.8,1.4,0.7,0.7,4.08,4.14,4.02
2025-26,1641748,Andre Jackson Jr.,1610612749,MIL,48,12,36,8.5,8.5,3594.4,0.7,0.4,0.3,4.54,4.91,4.16
2025-26,1629614,Andrew Nembhard,1610612754,IND,57,13,44,31.3,31.3,12268.8,2.3,1.3,1.1,4.31,4.77,3.86
2025-26,203952,Andrew Wiggins,1610612748,MIA,68,35,33,30.3,30.3,11804.4,2.2,1.2,1.1,4.32,4.78,3.92
2025-26,1629014,Anfernee Simons,1610612741,CHI,55,31,24,24.9,24.9,9867.2,1.9,1.0,0.9,4.4,4.56,4.22
2025-26,1641710,Anthony Black,1610612753,ORL,64,36,28,29.8,29.8,11578.7,2.2,1.1,1.1,4.3,4.41,4.19
2025-26,203076,Anthony Davis,1610612764,WAS,20,10,10,31.3,31.3,10374.1,2.0,1.0,0.9,3.74,3.83,3.63
2025-26,1630162,Anthony Edwards,1610612750,MIN,61,37,24,35.0,35.0,12657.6,2.4,1.3,1.1,4.0,4.32,3.67
2025-26,1630264,Anthony Gill,1610612764,WAS,55,6,49,17.3,17.3,7081.3,1.3,0.7,0.6,4.34,4.6,4.06
2025-26,1641810,Antonio Reeves,1610612766,CHA,10,4,6,6.8,6.8,2518.5,0.5,0.3,0.2,4.31,4.34,4.09
2025-26,1630574,Ariel Hukporti,1610612752,NYK,54,35,19,9.2,9.2,3743.7,0.7,0.4,0.3,4.41,4.47,4.35
2025-26,1642854,Asa Newell,1610612737,ATL,44,23,21,11.4,11.4,4931.4,0.9,0.5,0.4,4.77,5.12,4.39
2025-26,1641709,Ausar Thompson,1610612765,DET,73,53,20,26.0,26.0,10349.9,2.0,1.0,1.0,4.37,4.53,4.22
2025-26,1630559,Austin Reaves,1610612747,LAL,51,36,15,34.5,34.5,12383.5,2.3,1.3,1.1,3.99,4.35,3.62
2025-26,1630245,Ayo Dosunmu,1610612750,MIN,69,36,33,27.3,27.3,10779.9,2.0,1.1,1.0,4.34,4.74,3.96
2025-26,1628389,Bam Adebayo,1610612748,MIA,73,37,36,32.4,32.4,12444.6,2.4,1.2,1.1,4.22,4.71,3.79
2025-26,1631248,Baylor Scheierman,1610612738,BOS,77,54,23,18.6,18.6,7238.9,1.4,0.7,0.6,4.21,4.23,4.19
2025-26,1642879,Ben Saraf,1610612751,BKN,44,10,34,20.8,20.8,8456.4,1.6,0.9,0.7,4.38,4.7,4.04
2025-26,1641767,Ben Sheppard,1610612754,IND,65,16,49,21.4,21.4,9086.7,1.7,0.9,0.8,4.71,4.96,4.45
2025-26,1631097,Bennedict Mathurin,1610612746,LAC,54,22,32,30.0,30.0,11754.6,2.2,1.2,1.1,4.28,4.55,4.01
2025-26,1643016,Bez Mbeng,1610612762,UTA,15,2,13,32.8,32.8,13975.2,2.6,1.4,1.3,4.5,4.78,4.23
2025-26,1641731,Bilal Coulibaly,1610612764,WAS,56,14,42,26.2,26.2,10558.2,2.0,1.1,0.9,4.43,4.7,4.16
2025-26,202687,Bismack Biyombo,1610612759,SAS,25,20,5,5.7,5.7,2114.7,0.4,0.2,0.2,4.13,4.24,4.0
2025-26,1642396,Blake Hinson,1610612762,UTA,14,4,10,20.4,20.4,8259.7,1.6,0.8,0.7,4.31,4.52,4.1
2025-26,1631104,Blake Wesley,1610612757,POR,31,20,11,11.6,11.6,4960.6,0.9,0.5,0.5,4.61,4.82,4.41
2025-26,1626171,Bobby Portis,1610612749,MIL,67,26,41,24.2,24.2,9197.0,1.7,0.9,0.8,4.22,4.43,4.01
2025-26,1641752,Bobi Klintman,1610612765,DET,12,8,4,5.9,5.9,2479.0,0.5,0.2,0.2,4.73,5.0,4.63
2025-26,203992,Bogdan Bogdanović,1610612746,LAC,23,8,15,19.7,19.7,7295.9,1.4,0.7,0.6,4.18,4.5,3.87
2025-26,1630538,Bones Hyland,1610612750,MIN,71,42,29,16.6,16.6,6728.0,1.3,0.7,0.6,4.38,4.69,4.07
2025-26,203078,Bradley Beal,1610612746,LAC,6,2,4,20.2,20.2,7286.3,1.4,0.7,0.7,4.4,4.45,4.34
2025-26,1642382,Branden Carlson,1610612760,OKC,42,32,10,11.6,11.6,4576.6,0.9,0.5,0.4,4.35,4.67,4.05
2025-26,1641764,Brandin Podziemski,1610612744,GSW,82,37,45,28.4,28.4,11405.6,2.2,1.2,1.0,4.38,4.69,4.05
2025-26,1629634,Brandon Clarke,1610612763,MEM,2,1,1,10.2,10.2,4007.0,0.8,0.4,0.4,4.18,4.12,4.24
2025-26,1627742,Brandon Ingram,1610612761,TOR,77,43,34,33.8,33.8,12216.9,2.3,1.2,1.1,3.99,4.26,3.73
2025-26,1641706,Brandon Miller,1610612766,CHA,65,41,24,30.3,30.3,11933.1,2.3,1.3,1.0,4.24,4.58,3.88
2025-26,1630314,Brandon Williams,1610612742,DAL,66,23,43,22.2,22.2,9225.6,1.7,0.9,0.8,4.56,4.97,4.16
2025-26,1641729,Brice Sensabaugh,1610612762,UTA,75,18,57,23.5,23.5,9139.2,1.7,0.9,0.8,4.21,4.47,3.96
2025-26,1642355,Bronny James,1610612747,LAL,42,24,18,8.9,8.9,3439.0,0.7,0.4,0.3,4.19,4.45,3.87
2025-26,201572,Brook Lopez,1610612746,LAC,75,41,34,21.8,21.8,7820.0,1.5,0.8,0.7,3.88,3.94,3.82
2025-26,1642964,Brooks Barnhizer,1610612760,OKC,40,29,11,8.7,8.7,3607.4,0.7,0.4,0.3,4.57,4.82,4.34
2025-26,1628971,Bruce Brown,1610612743,DEN,82,54,28,24.4,24.4,9049.8,1.7,0.9,0.8,4.04,4.25,3.83
2025-26,1631121,Bryce McGowens,1610612740,NOP,42,14,28,21.0,21.0,8610.2,1.6,0.9,0.8,4.51,4.78,4.26
2025-26,1642267,Bub Carrington,1610612764,WAS,82,17,65,27.7,27.7,11021.4,2.1,1.1,1.0,4.4,4.74,4.05
2025-26,1631205,Buddy Boeheim,1610612760,OKC,4,2,2,3.8,3.8,1532.8,0.3,0.2,0.1,4.52,4.56,4.49
2025-26,1627741,Buddy Hield,1610612737,ATL,51,25,26,16.1,16.1,6894.0,1.3,0.7,0.6,4.85,5.06,4.61
2025-26,1643047,CJ Huntley,1610612756,PHX,4,3,1,10.1,10.1,4106.3,0.8,0.4,0.3,4.29,4.29,4.29
2025-26,203468,CJ McCollum,1610612737,ATL,76,37,39,29.8,29.8,12289.9,2.3,1.3,1.0,4.56,5.09,4.05
2025-26,1630595,Cade Cunningham,1610612765,DET,64,47,17,33.9,33.9,12956.3,2.5,1.4,1.1,4.28,4.87,3.73
2025-26,1631216,Caleb Houstan,1610612737,ATL,18,12,6,4.2,4.2,1675.3,0.3,0.2,0.1,4.37,4.72,3.99
2025-26,1631126,Caleb Love,1610612757,POR,49,24,25,20.7,20.7,8191.9,1.6,0.8,0.7,4.36,4.58,4.13
2025-26,1628997,Caleb Martin,1610612742,DAL,58,20,38,14.8,14.8,6196.8,1.2,0.6,0.6,4.55,4.91,4.19
2025-26,1642353,Cam Christie,1610612746,LAC,55,26,29,8.7,8.7,3528.1,0.7,0.4,0.3,4.46,4.66,4.26
2025-26,1642285,Cam Spencer,1610612763,MEM,72,23,49,23.8,23.8,9705.0,1.8,1.0,0.8,4.48,4.94,4.04
2025-26,1630560,Cam Thomas,1610612749,MIL,42,12,30,21.0,21.0,8238.5,1.6,0.9,0.7,4.28,4.58,3.97
2025-26,1641715,Cam Whitmore,1610612764,WAS,21,3,18,16.9,16.9,6140.7,1.2,0.6,0.5,4.34,4.73,4.01
2025-26,1629661,Cameron Johnson,1610612743,DEN,54,37,17,30.5,30.5,11414.3,2.2,1.2,1.0,4.19,4.51,3.88
2025-26,1626166,Cameron Payne,1610612755,PHI,22,12,10,17.0,17.0,7009.3,1.3,0.7,0.6,4.34,4.74,3.92
2025-26,1627747,Caris LeVert,1610612765,DET,60,44,16,19.2,19.2,7483.1,1.4,0.8,0.7,4.3,4.67,3.94
2025-26,1642868,Carter Bryant,1610612759,SAS,71,56,15,11.5,11.5,4696.1,0.9,0.4,0.5,4.47,4.53,4.43
2025-26,1641717,Cason Wallace,1610612760,OKC,77,61,16,26.6,26.6,10601.1,2.0,1.0,1.0,4.42,4.63,4.22
2025-26,1642907,Cedric Coward,1610612763,MEM,62,20,42,25.8,25.8,10474.0,2.0,1.0,0.9,4.53,4.84,4.24
2025-26,1643052,Chaney Johnson,1610612751,BKN,17,4,13,20.4,20.4,8390.6,1.6,0.8,0.8,4.29,4.49,4.1
2025-26,1629646,Charles Bassey,1610612744,GSW,13,4,9,11.7,11.7,4645.9,0.9,0.5,0.4,4.24,4.55,4.0
2025-26,1642404,Chaz Lanier,1610612765,DET,34,28,6,7.7,7.7,3070.1,0.6,0.3,0.3,4.41,4.54,4.28
2025-26,1631096,Chet Holmgren,1610612760,OKC,69,56,13,28.9,28.9,11177.8,2.1,1.1,1.0,4.27,4.64,3.92
2025-26,1628449,Chris Boucher,1610612738,BOS,9,4,5,10.5,10.5,3769.6,0.7,0.4,0.4,4.27,4.29,4.24
2025-26,1641753,Chris Livingston,1610612739,CLE,3,2,1,5.8,5.8,2226.0,0.4,0.2,0.2,4.67,4.81,4.52
2025-26,1643024,Chris Mañon,1610612747,LAL,9,4,5,5.1,5.1,2036.4,0.4,0.2,0.2,4.2,4.1,4.31
2025-26,101108,Chris Paul,1610612746,LAC,16,4,12,14.2,14.2,4650.6,0.9,0.5,0.4,3.93,4.07,3.77
2025-26,1642959,Chris Youngblood,1610612757,POR,34,29,5,5.4,5.4,2167.6,0.4,0.2,0.2,4.47,4.74,4.19
2025-26,1631128,Christian Braun,1610612743,DEN,44,29,15,31.8,31.8,12555.8,2.4,1.2,1.1,4.31,4.51,4.13
2025-26,1631132,Christian Koloko,1610612737,ATL,27,16,11,13.2,13.2,5483.7,1.0,0.5,0.5,4.41,4.64,4.22
2025-26,1642935,Chucky Hepburn,1610612761,TOR,2,0,2,6.6,6.6,2727.5,0.5,0.3,0.3,4.85,5.36,4.43
2025-26,203991,Clint Capela,1610612745,HOU,75,47,28,12.3,12.3,4563.0,0.9,0.5,0.4,4.06,4.16,3.94
2025-26,1629632,Coby White,1610612766,CHA,50,29,21,25.0,25.0,9680.6,1.8,1.0,0.8,4.21,4.65,3.77
2025-26,1628998,Cody Martin,1610612754,IND,4,0,4,13.8,13.8,5396.5,1.0,0.5,0.5,4.67,5.2,4.21
2025-26,1642262,Cody Williams,1610612762,UTA,67,16,51,24.3,24.3,10373.7,2.0,1.0,0.9,4.59,4.9,4.29
2025-26,1641732,Colby Jones,1610612765,DET,1,0,1,6.8,6.8,2799.0,0.5,0.2,0.3,4.51,4.58,4.46
2025-26,1630175,Cole Anthony,1610612749,MIL,35,12,23,15.0,15.0,5949.4,1.1,0.6,0.5,4.55,4.94,4.19
2025-26,1630658,Colin Castleton,1610612753,ORL,4,3,1,5.3,5.3,2001.5,0.4,0.2,0.2,3.81,4.14,3.5
2025-26,1631221,Collin Gillespie,1610612756,PHX,80,43,37,28.5,28.5,11958.3,2.3,1.2,1.0,4.61,4.92,4.3
2025-26,1642867,Collin Murray-Boyles,1610612761,TOR,57,31,26,21.9,21.9,8912.0,1.7,0.9,0.8,4.45,4.68,4.25
2025-26,1629012,Collin Sexton,1610612741,CHI,68,25,43,23.7,23.7,9473.3,1.8,1.0,0.8,4.38,4.73,4.03
2025-26,1642843,Cooper Flagg,1610612742,DAL,70,22,48,33.5,33.5,13071.6,2.5,1.4,1.1,4.33,4.77,3.87
2025-26,1630557,Corey Kispert,1610612737,ATL,58,27,31,18.6,18.6,7828.1,1.5,0.8,0.7,4.66,5.22,4.13
2025-26,1642504,Cormac Ryan,1610612749,MIL,11,2,9,24.6,24.6,9722.2,1.8,1.0,0.8,4.18,4.6,3.74
2025-26,1641854,Craig Porter Jr.,1610612739,CLE,64,43,21,17.9,17.9,7437.0,1.4,0.7,0.7,4.55,4.78,4.33
2025-26,1642938,Curtis Jones,1610612743,DEN,10,8,2,8.8,8.8,3639.7,0.7,0.4,0.3,4.44,4.72,4.12
2025-26,1626156,D'Angelo Russell,1610612764,WAS,26,9,17,19.0,19.0,7138.8,1.4,0.7,0.6,4.37,4.82,3.92
2025-26,1629610,DaQuan Jeffries,1610612758,SAC,3,0,3,20.0,20.0,8031.3,1.5,0.8,0.7,4.28,4.42,3.94
2025-26,1641747,DaRon Holmes II,1610612743,DEN,25,17,8,8.4,8.4,3251.9,0.6,0.3,0.3,4.13,4.33,3.92
2025-26,1631342,Daeqwon Plowden,1610612758,SAC,32,9,23,26.4,26.4,11187.4,2.1,1.1,1.0,4.51,4.82,4.2
2025-26,1630625,Dalano Banton,1610612738,BOS,6,4,2,10.3,10.3,4141.5,0.8,0.4,0.3,4.12,4.45,3.77
2025-26,1631207,Dalen Terry,1610612755,PHI,48,22,26,11.5,11.5,5000.1,0.9,0.5,0.4,4.77,5.17,4.39
2025-26,1642261,Dalton Knecht,1610612747,LAL,54,34,20,10.2,10.2,3756.7,0.7,0.4,0.3,4.11,4.4,3.79
2025-26,1629655,Daniel Gafford,1610612742,DAL,55,12,43,21.7,21.7,8693.9,1.6,0.8,0.8,4.4,4.55,4.25
2025-26,1642450,Daniss Jenkins,1610612765,DET,72,54,18,20.2,20.2,8391.2,1.6,0.9,0.7,4.51,4.79,4.22
2025-26,1642874,Danny Wolf,1610612751,BKN,57,14,43,20.8,20.8,8494.2,1.6,0.9,0.7,4.39,4.78,4.01
2025-26,203967,Dario Saric,1610612758,SAC,5,1,4,8.3,8.3,3099.0,0.6,0.3,0.3,4.23,4.62,4.16
2025-26,1641727,Dariq Whitehead,1610612763,MEM,6,0,6,30.5,30.5,11335.8,2.1,1.1,1.0,3.97,4.19,3.75
2025-26,1642468,Darius Brown,1610612739,CLE,1,1,0,2.7,2.7,1177.0,0.2,0.1,0.1,4.23,3.95,4.56
2025-26,1629636,Darius Garland,1610612746,LAC,45,26,19,29.9,29.9,11475.7,2.2,1.2,1.0,4.21,4.66,3.8
2025-26,1642357,David Jones Garcia,1610612759,SAS,11,7,4,6.2,6.2,2600.0,0.5,0.2,0.2,4.84,4.89,4.79
2025-26,1631223,David Roddy,1610612743,DEN,5,4,1,14.6,14.6,6108.2,1.2,0.7,0.5,4.43,4.59,4.24
2025-26,1630558,Davion Mitchell,1610612748,MIA,70,37,33,28.6,28.6,11317.8,2.1,1.1,1.0,4.43,4.97,3.96
2025-26,1630549,Day'Ron Sharpe,1610612751,BKN,62,17,45,18.7,18.7,7515.1,1.4,0.7,0.7,4.39,4.51,4.27
2025-26,1628368,De'Aaron Fox,1610612759,SAS,72,55,17,31.0,31.0,11985.0,2.3,1.2,1.1,4.28,4.65,3.95
2025-26,1629631,De'Andre Hunter,1610612758,SAC,45,24,21,26.1,26.1,9633.8,1.8,1.0,0.8,4.15,4.6,3.73
2025-26,1629001,De'Anthony Melton,1610612744,GSW,49,22,27,23.0,23.0,9583.0,1.8,1.0,0.8,4.43,4.84,4.0
2025-26,201599,DeAndre Jordan,1610612740,NOP,12,6,6,16.6,16.6,5503.3,1.0,0.6,0.5,3.55,3.7,3.39
2025-26,1630610,DeJon Jarreau,1610612763,MEM,11,2,9,21.0,21.0,8903.8,1.7,0.9,0.8,4.49,4.74,4.29
2025-26,201942,DeMar DeRozan,1610612758,SAC,77,20,57,31.2,31.2,11310.9,2.1,1.2,1.0,4.01,4.26,3.74
2025-26,1629731,Dean Wade,1610612739,CLE,59,36,23,22.3,22.3,9122.0,1.7,0.9,0.8,4.53,4.79,4.29
2025-26,1629028,Deandre Ayton,1610612747,LAL,72,46,26,27.2,27.2,9721.0,1.8,0.9,0.9,3.96,4.02,3.9
2025-26,1627749,Dejounte Murray,1610612740,NOP,14,5,9,27.8,27.8,10996.5,2.1,1.1,1.0,4.19,4.45,3.95
2025-26,1630166,Deni Avdija,1610612757,POR,66,35,31,33.3,33.3,12707.2,2.4,1.3,1.1,4.22,4.67,3.79
2025-26,203471,Dennis Schröder,1610612739,CLE,70,29,41,24.2,24.2,9705.1,1.8,1.0,0.9,4.37,4.7,4.06
2025-26,1641726,Dereck Lively II,1610612742,DAL,7,3,4,16.5,16.5,6365.6,1.2,0.7,0.6,4.55,4.95,4.25
2025-26,1642852,Derik Queen,1610612740,NOP,81,26,55,25.0,25.0,8971.8,1.7,0.9,0.8,3.94,4.22,3.67
2025-26,1627884,Derrick Jones Jr.,1610612746,LAC,50,26,24,27.0,27.0,10600.2,2.0,1.0,1.0,4.28,4.37,4.19
2025-26,1628401,Derrick White,1610612738,BOS,77,52,25,34.1,34.1,12959.2,2.5,1.4,1.1,4.18,4.51,3.82
2025-26,1630217,Desmond Bane,1610612753,ORL,82,45,37,33.6,33.6,13095.9,2.5,1.3,1.2,4.27,4.56,3.99
2025-26,1626164,Devin Booker,1610612756,PHX,64,37,27,33.5,33.5,12270.0,2.3,1.3,1.0,4.03,4.45,3.6
2025-26,1642269,Devin Carter,1610612758,SAC,38,8,30,18.4,18.4,7585.3,1.4,0.8,0.7,4.41,4.71,4.1
2025-26,1630170,Devin Vassell,1610612759,SAS,67,52,15,30.5,30.5,11851.6,2.2,1.2,1.1,4.4,4.83,4.01
2025-26,1628415,Dillon Brooks,1610612756,PHX,56,32,24,30.4,30.4,11300.3,2.1,1.1,1.0,4.09,4.27,3.92
2025-26,1641794,Dillon Jones,1610612752,NYK,7,5,2,5.6,5.6,2334.6,0.4,0.2,0.2,4.36,4.49,4.21
2025-26,1627734,Domantas Sabonis,1610612758,SAC,19,3,16,29.7,29.7,11335.4,2.1,1.1,1.0,4.37,4.54,4.19
2025-26,1631230,Dominick Barlow,1610612755,PHI,71,40,31,23.8,23.8,9956.7,1.9,1.0,0.9,4.6,4.8,4.4
2025-26,1642270,Donovan Clingan,1610612757,POR,77,41,36,27.2,27.2,10138.1,1.9,1.0,0.9,4.1,4.37,3.83
2025-26,1628378,Donovan Mitchell,1610612739,CLE,70,45,25,33.5,33.5,12543.5,2.4,1.3,1.1,4.13,4.75,3.56
2025-26,1628978,Donte DiVincenzo,1610612750,MIN,82,49,33,30.4,30.4,11899.9,2.3,1.2,1.1,4.34,4.64,4.05
2025-26,1627827,Dorian Finney-Smith,1610612745,HOU,37,23,14,16.8,16.8,6423.1,1.2,0.7,0.6,4.05,4.18,3.91
2025-26,203926,Doug McDermott,1610612758,SAC,29,8,21,15.1,15.1,6127.6,1.2,0.6,0.5,4.3,4.7,3.9
2025-26,1642962,Drake Powell,1610612751,BKN,63,16,47,20.9,20.9,8508.3,1.6,0.8,0.8,4.41,4.67,4.16
2025-26,203110,Draymond Green,1610612744,GSW,68,31,37,27.5,27.5,9724.4,1.8,1.0,0.8,3.89,4.15,3.62
2025-26,1629234,Drew Eubanks,1610612758,SAC,42,10,32,13.1,13.1,5123.7,1.0,0.5,0.5,4.46,4.75,4.17
2025-26,1641809,Drew Peterson,1610612766,CHA,6,1,5,10.7,10.7,3954.7,0.7,0.4,0.4,4.34,4.62,4.07
2025-26,1631166,Drew Timme,1610612747,LAL,27,18,9,8.7,8.7,3424.8,0.6,0.3,0.3,4.18,4.31,4.03
2025-26,1630696,Dru Smith,1610612748,MIA,70,38,32,16.3,16.3,6850.7,1.3,0.7,0.6,4.64,5.11,4.23
2025-26,1629130,Duncan Robinson,1610612765,DET,77,58,19,27.4,27.4,11135.2,2.1,1.1,1.0,4.52,4.86,4.18
2025-26,1641871,Duop Reath,1610612757,POR,32,16,16,8.1,8.1,3088.2,0.6,0.3,0.3,4.37,4.54,4.21
2025-26,203939,Dwight Powell,1610612742,DAL,63,19,44,14.4,14.4,5915.5,1.1,0.6,0.5,4.51,4.76,4.26
2025-26,1642928,Dylan Cardwell,1610612758,SAC,44,13,31,20.6,20.6,8031.0,1.5,0.8,0.7,4.1,4.27,3.93
2025-26,1642844,Dylan Harper,1610612759,SAS,69,53,16,22.6,22.6,9000.6,1.7,0.9,0.8,4.38,4.64,4.13
2025-26,1630700,Dyson Daniels,1610612737,ATL,76,44,32,33.2,33.2,13445.6,2.5,1.3,1.2,4.49,4.9,4.12
2025-26,1630604,E.J. Liddell,1610612751,BKN,26,5,21,13.4,13.4,5252.3,1.0,0.5,0.5,4.16,4.47,3.82
2025-26,1642856,Egor Dëmin,1610612751,BKN,52,14,38,25.2,25.2,10457.1,2.0,1.1,0.9,4.63,5.18,4.07
2025-26,1641989,Elijah Harkless,1610612762,UTA,26,5,21,21.0,21.0,8156.8,1.5,0.8,0.8,4.15,4.36,3.96
2025-26,1641801,Emanuel Miller,1610612759,SAS,5,0,5,6.6,6.6,2551.6,0.5,0.3,0.2,4.48,4.8,4.16
2025-26,1642402,Enrique Freeman,1610612750,MIN,4,3,1,9.3,9.3,3973.0,0.8,0.4,0.4,4.39,4.36,4.44
2025-26,201569,Eric Gordon,1610612755,PHI,6,3,3,12.3,12.3,4107.0,0.8,0.4,0.4,3.85,3.99,3.54
2025-26,1630679,Ethan Thompson,1610612754,IND,32,8,24,20.4,20.4,8923.3,1.7,0.9,0.8,4.75,5.31,4.2
2025-26,1630596,Evan Mobley,1610612739,CLE,65,40,25,31.9,31.9,12344.9,2.3,1.2,1.1,4.3,4.76,3.89
2025-26,1630532,Franz Wagner,1610612753,ORL,34,20,14,30.0,30.0,11924.6,2.3,1.2,1.1,4.57,4.96,4.19
2025-26,1641713,GG Jackson,1610612763,MEM,55,16,39,21.4,21.4,8814.1,1.7,0.9,0.8,4.39,4.64,4.16
2025-26,1629216,Gabe Vincent,1610612737,ATL,53,36,17,16.6,16.6,6499.7,1.2,0.7,0.6,4.3,4.61,3.98
2025-26,202066,Garrett Temple,1610612761,TOR,22,10,12,3.3,3.3,1292.4,0.2,0.1,0.1,4.06,4.42,3.58
2025-26,1629726,Garrison Mathews,1610612754,IND,15,4,11,13.1,13.1,5223.7,1.0,0.5,0.4,4.58,5.05,4.11
2025-26,203914,Gary Harris,1610612749,MIL,48,15,33,13.8,13.8,5416.2,1.0,0.5,0.5,4.36,4.48,4.24
2025-26,1627780,Gary Payton II,1610612744,GSW,73,33,40,15.6,15.6,6863.6,1.3,0.7,0.6,4.77,4.99,4.55
2025-26,1629018,Gary Trent Jr.,1610612749,MIL,65,24,41,21.2,21.2,7511.7,1.4,0.7,0.7,3.99,4.05,3.92
2025-26,203507,Giannis Antetokounmpo,1610612749,MIL,36,17,19,28.9,28.9,10276.4,1.9,1.1,0.9,3.99,4.38,3.59
2025-26,1629048,Goga Bitadze,1610612753,ORL,64,34,30,15.2,15.2,5913.1,1.1,0.6,0.5,4.3,4.48,4.13
2025-26,1641711,Gradey Dick,1610612761,TOR,76,43,33,14.0,14.0,5784.0,1.1,0.6,0.5,4.52,4.67,4.36
2025-26,1641761,Grant Nelson,1610612751,BKN,4,0,4,8.8,8.8,3683.8,0.7,0.3,0.4,4.34,4.31,4.07
2025-26,1629684,Grant Williams,1610612766,CHA,36,25,11,19.8,19.8,7506.9,1.4,0.8,0.6,3.99,4.11,3.84
2025-26,1628960,Grayson Allen,1610612756,PHX,51,26,25,28.8,28.8,11294.4,2.1,1.2,1.0,4.32,4.79,3.85
2025-26,1627824,Guerschon Yabusele,1610612741,CHI,67,32,35,15.0,15.0,5993.3,1.1,0.6,0.5,4.35,4.6,4.1
2025-26,1630611,Gui Santos,1610612744,GSW,68,29,39,20.5,20.5,8627.5,1.6,0.9,0.7,4.5,4.78,4.2
2025-26,203084,Harrison Barnes,1610612759,SAS,77,57,20,25.8,25.8,10143.7,1.9,1.0,0.9,4.37,4.63,4.13
2025-26,1631127,Harrison Ingram,1610612759,SAS,7,6,1,3.7,3.7,1425.3,0.3,0.2,0.1,4.06,4.3,3.77
2025-26,1643060,Hayden Gray,1610612762,UTA,1,0,1,24.8,24.8,10216.0,1.9,1.0,1.0,4.35,5.09,4.16
2025-26,1629312,Haywood Highsmith,1610612756,PHX,7,4,3,13.0,13.0,5469.3,1.0,0.6,0.5,4.46,4.66,4.24
2025-26,1630529,Herbert Jones,1610612740,NOP,56,22,34,28.4,28.4,11015.1,2.1,1.1,1.0,4.27,4.49,4.05
2025-26,1642864,Hugo González,1610612738,BOS,74,51,23,14.6,14.6,6153.6,1.2,0.6,0.6,4.55,4.51,4.61
2025-26,1630621,Hunter Dickinson,1610612740,NOP,5,1,4,8.5,8.5,3293.2,0.6,0.3,0.3,4.22,4.52,3.91
2025-26,1642282,Hunter Sallis,1610612755,PHI,7,3,4,3.7,3.7,1510.6,0.3,0.2,0.1,4.74,5.04,4.42
2025-26,1641816,Hunter Tyson,1610612743,DEN,21,15,6,7.7,7.7,3200.0,0.6,0.3,0.3,4.49,4.76,4.2
2025-26,1630193,Immanuel Quickley,1610612761,TOR,70,41,29,31.9,31.9,12879.6,2.4,1.3,1.1,4.46,4.89,4.05
2025-26,1642403,Isaac Jones,1610612765,DET,7,5,2,5.1,5.1,1957.4,0.4,0.2,0.2,4.16,4.02,4.32
2025-26,1630171,Isaac Okoro,1610612741,CHI,63,26,37,26.9,26.9,11115.6,2.1,1.1,1.0,4.52,4.79,4.27
2025-26,1642268,Isaiah Collier,1610612762,UTA,59,16,43,25.7,25.7,10002.3,1.9,1.1,0.8,4.21,4.65,3.75
2025-26,1642384,Isaiah Crawford,1610612745,HOU,14,8,6,6.6,6.6,2614.2,0.5,0.3,0.2,4.18,4.31,4.06
2025-26,1628392,Isaiah Hartenstein,1610612760,OKC,47,39,8,24.2,24.2,9629.3,1.8,1.0,0.8,4.49,4.82,4.16
2025-26,1630543,Isaiah Jackson,1610612746,LAC,55,20,35,16.5,16.5,6496.5,1.2,0.6,0.6,4.41,4.65,4.17
2025-26,1630198,Isaiah Joe,1610612760,OKC,71,56,15,21.2,21.2,8744.3,1.7,0.9,0.8,4.49,4.85,4.14
2025-26,1630587,Isaiah Livers,1610612756,PHX,36,21,15,9.6,9.6,3868.5,0.7,0.4,0.4,4.46,4.57,4.31
2025-26,1641815,Isaiah Stevens,1610612758,SAC,3,0,3,14.3,14.3,5788.3,1.1,0.6,0.5,4.32,4.47,4.16
2025-26,1630191,Isaiah Stewart,1610612765,DET,58,42,16,22.7,22.7,8207.5,1.6,0.8,0.8,4.06,4.14,3.99
2025-26,1627826,Ivica Zubac,1610612754,IND,48,17,31,30.1,30.1,10822.1,2.0,1.1,1.0,4.08,4.18,3.97
2025-26,1631120,JD Davison,1610612745,HOU,28,23,5,7.8,7.8,3053.6,0.6,0.3,0.3,4.24,4.34,4.11
2025-26,1629630,Ja Morant,1610612763,MEM,20,7,13,28.4,28.4,10691.7,2.0,1.1,0.9,4.28,4.71,3.87
2025-26,1642266,Ja'Kobe Walter,1610612761,TOR,72,41,31,20.5,20.5,8682.4,1.6,0.8,0.8,4.61,4.82,4.42
2025-26,1631095,Jabari Smith Jr.,1610612745,HOU,77,48,29,35.1,35.1,12995.2,2.5,1.3,1.1,4.04,4.12,3.96
2025-26,1631133,Jabari Walker,1610612755,PHI,64,36,28,11.9,11.9,4527.9,0.9,0.5,0.4,4.2,4.31,4.08
2025-26,1631210,Jacob Toppin,1610612737,ATL,5,3,2,3.4,3.4,1308.4,0.2,0.1,0.1,4.28,4.87,3.65
2025-26,1630702,Jaden Hardy,1610612764,WAS,57,13,44,15.8,15.8,6287.0,1.2,0.6,0.6,4.34,4.67,4.0
2025-26,1631093,Jaden Ivey,1610612741,CHI,37,23,14,18.1,18.1,7231.0,1.4,0.7,0.6,4.32,4.67,3.96
2025-26,1630183,Jaden McDaniels,1610612750,MIN,73,44,29,31.7,31.7,12491.3,2.4,1.2,1.1,4.38,4.59,4.17
2025-26,1630256,Jae'Sean Tate,1610612745,HOU,46,33,13,8.8,8.8,3454.3,0.7,0.4,0.3,4.28,4.43,4.12
2025-26,1642942,Jahmai Mashack,1610612763,MEM,31,10,21,21.7,21.7,9121.5,1.7,0.9,0.8,4.45,4.6,4.3
2025-26,1642443,Jahmir Young,1610612748,MIA,14,10,4,4.2,4.2,1715.2,0.3,0.2,0.1,4.5,5.36,3.94
2025-26,1643141,Jahmyl Telfort,1610612746,LAC,8,2,6,4.0,4.0,1511.9,0.3,0.1,0.1,4.28,4.41,3.82
2025-26,1631170,Jaime Jaquez Jr.,1610612748,MIA,75,41,34,28.3,28.3,12178.9,2.3,1.2,1.1,4.74,5.43,4.14
2025-26,1631222,Jake LaRavia,1610612747,LAL,82,53,29,25.1,25.1,10307.5,2.0,1.1,0.9,4.47,4.73,4.2
2025-26,1627751,Jakob Poeltl,1610612761,TOR,46,26,20,25.0,25.0,10015.8,1.9,1.0,0.9,4.49,4.75,4.23
2025-26,1628973,Jalen Brunson,1610612752,NYK,74,50,24,35.0,35.0,13606.2,2.6,1.5,1.1,4.27,4.72,3.78
2025-26,1631105,Jalen Duren,1610612765,DET,70,50,20,28.2,28.2,10651.4,2.0,1.0,1.0,4.17,4.35,3.99
2025-26,1630224,Jalen Green,1610612756,PHX,32,17,15,25.9,25.9,10945.6,2.1,1.2,0.9,4.52,4.89,4.13
2025-26,1630552,Jalen Johnson,1610612737,ATL,72,42,30,35.2,35.2,13774.3,2.6,1.4,1.2,4.32,4.84,3.84
2025-26,1629618,Jalen Pickett,1610612743,DEN,50,34,16,16.1,16.1,6240.7,1.2,0.7,0.5,4.16,4.44,3.86
2025-26,1641771,Jalen Slawson,1610612754,IND,13,3,10,23.9,23.9,9803.4,1.9,1.0,0.9,4.38,4.81,4.01
2025-26,1630188,Jalen Smith,1610612741,CHI,53,26,27,20.7,20.7,8287.8,1.6,0.8,0.7,4.43,4.83,4.05
2025-26,1630591,Jalen Suggs,1610612753,ORL,57,34,23,27.6,27.6,10733.8,2.0,1.1,0.9,4.26,4.65,3.87
2025-26,1631114,Jalen Williams,1610612760,OKC,33,25,8,28.4,28.4,11473.4,2.2,1.2,1.0,4.43,4.97,3.93
2025-26,1630592,Jalen Wilson,1610612751,BKN,54,10,44,15.9,15.9,6460.9,1.2,0.7,0.6,4.41,4.63,4.17
2025-26,1631288,Jamal Cain,1610612753,ORL,40,22,18,12.1,12.1,5019.9,1.0,0.5,0.5,4.36,4.41,4.31
2025-26,1627750,Jamal Murray,1610612743,DEN,75,48,27,35.4,35.4,13463.6,2.5,1.4,1.1,4.19,4.59,3.79
2025-26,1642347,Jamal Shead,1610612761,TOR,82,46,36,22.6,22.6,8643.8,1.6,0.9,0.8,4.16,4.44,3.88
2025-26,1631123,Jamaree Bouyea,1610612756,PHX,46,23,23,14.0,14.0,5700.2,1.1,0.6,0.5,4.44,4.71,4.16
2025-26,201935,James Harden,1610612739,CLE,70,40,30,34.8,34.8,11371.2,2.2,1.2,1.0,3.59,3.8,3.37
2025-26,1630164,James Wiseman,1610612754,IND,4,0,4,14.6,14.6,6147.0,1.2,0.6,0.6,4.66,4.88,4.45
2025-26,1642364,Jamir Watkins,1610612764,WAS,50,10,40,20.6,20.6,8516.2,1.6,0.8,0.8,4.4,4.53,4.26
2025-26,1642419,Jamison Battle,1610612761,TOR,61,35,26,8.5,8.5,3451.3,0.7,0.3,0.3,4.38,4.7,4.08
2025-26,1641716,Jarace Walker,1610612754,IND,76,16,60,25.7,25.7,9928.0,1.9,1.0,0.9,4.25,4.6,3.92
2025-26,1642272,Jared McCain,1610612760,OKC,67,46,21,17.3,17.3,7125.5,1.3,0.7,0.6,4.48,4.72,4.24
2025-26,1628991,Jaren Jackson Jr.,1610612762,UTA,48,19,29,30.3,30.3,11079.9,2.1,1.1,1.0,4.09,4.39,3.8
2025-26,1629020,Jarred Vanderbilt,1610612747,LAL,65,39,26,17.4,17.4,7099.5,1.3,0.7,0.6,4.42,4.46,4.38
2025-26,1628386,Jarrett Allen,1610612739,CLE,56,37,19,27.1,27.1,10429.9,2.0,1.0,0.9,4.21,4.49,3.96
2025-26,1642859,Jase Richardson,1610612753,ORL,54,26,28,10.9,10.9,4725.4,0.9,0.5,0.4,4.66,4.85,4.48
2025-26,1642914,Javon Small,1610612763,MEM,41,13,28,20.2,20.2,8520.4,1.6,0.8,0.8,4.51,4.63,4.39
2025-26,1631451,Javonte Cooke,1610612757,POR,19,6,13,4.9,4.9,2105.8,0.4,0.2,0.2,4.64,4.89,4.39
2025-26,1629750,Javonte Green,1610612765,DET,82,60,22,17.6,17.6,6818.2,1.3,0.7,0.6,4.25,4.38,4.13
2025-26,1629637,Jaxson Hayes,1610612747,LAL,66,43,23,18.3,18.3,6498.1,1.2,0.6,0.6,3.87,3.96,3.77
2025-26,1630643,Jay Huff,1610612754,IND,82,19,63,21.0,21.0,8103.5,1.5,0.8,0.7,4.26,4.54,4.0
2025-26,1627759,Jaylen Brown,1610612738,BOS,71,47,24,34.4,34.4,12641.5,2.4,1.3,1.1,4.06,4.36,3.73
2025-26,1641740,Jaylen Clark,1610612750,MIN,68,40,28,13.1,13.1,5096.8,1.0,0.5,0.5,4.29,4.13,4.46
2025-26,1642377,Jaylen Wells,1610612763,MEM,69,24,45,26.4,26.4,10478.7,2.0,1.0,1.0,4.42,4.35,4.49
2025-26,1631119,Jaylin Williams,1610612760,OKC,65,54,11,19.7,19.7,6964.4,1.3,0.7,0.6,3.92,4.2,3.65
2025-26,1642281,Jaylon Tyson,1610612739,CLE,66,41,25,26.9,26.9,11085.0,2.1,1.1,1.0,4.54,4.81,4.28
2025-26,1643257,Jayson Kent,1610612757,POR,5,4,1,4.5,4.5,1753.8,0.3,0.2,0.2,4.13,4.06,4.2
2025-26,1628369,Jayson Tatum,1610612738,BOS,16,13,3,32.6,32.6,11676.8,2.2,1.3,1.0,3.82,4.09,3.52
2025-26,201145,Jeff Green,1610612745,HOU,30,22,8,5.8,5.8,1988.6,0.4,0.2,0.2,3.64,3.65,3.63
2025-26,203924,Jerami Grant,1610612757,POR,57,27,30,29.7,29.7,11421.6,2.2,1.1,1.0,4.26,4.53,4.0
2025-26,1642847,Jeremiah Fears,1610612740,NOP,82,26,56,25.8,25.8,10461.0,2.0,1.1,0.9,4.48,4.82,4.14
2025-26,1630526,Jeremiah Robinson-Earl,1610612742,DAL,22,8,14,16.4,16.4,6852.8,1.3,0.7,0.6,4.92,5.22,4.64
2025-26,1631110,Jeremy Sochan,1610612752,NYK,44,30,14,10.6,10.6,4298.1,0.8,0.4,0.4,4.55,4.86,4.26
2025-26,1630579,Jericho Sims,1610612749,MIL,67,25,42,19.7,19.7,7828.1,1.5,0.8,0.7,4.34,4.5,4.18
2025-26,1641724,Jett Howard,1610612753,ORL,55,28,27,12.6,12.6,4766.6,0.9,0.5,0.4,4.06,4.15,3.96
2025-26,1628975,Jevon Carter,1610612753,ORL,53,26,27,16.4,16.4,6702.9,1.3,0.7,0.6,4.43,4.64,4.23
2025-26,202710,Jimmy Butler III,1610612744,GSW,38,23,15,31.1,31.1,11840.2,2.2,1.2,1.0,4.29,4.49,4.09
2025-26,1642866,Joan Beringer,1610612750,MIN,40,22,18,7.9,7.9,3406.3,0.6,0.3,0.3,4.63,4.79,4.46
2025-26,1629111,Jock Landale,1610612737,ATL,68,36,32,22.1,22.1,8452.3,1.6,0.8,0.8,4.24,4.41,4.07
2025-26,204060,Joe Ingles,1610612750,MIN,27,13,14,5.7,5.7,2133.3,0.4,0.2,0.2,3.96,4.27,3.65
2025-26,203954,Joel Embiid,1610612755,PHI,38,24,14,31.6,31.6,10608.6,2.0,1.1,1.0,3.67,3.78,3.55
2025-26,1628381,John Collins,1610612746,LAC,69,32,37,27.1,27.1,10641.9,2.0,1.1,0.9,4.35,4.51,4.18
2025-26,1629723,John Konchar,1610612762,UTA,56,18,38,19.9,19.9,8335.4,1.6,0.8,0.8,4.56,4.78,4.36
2025-26,1642967,John Poulakidas,1610612742,DAL,13,3,10,19.5,19.5,8255.3,1.6,0.8,0.7,4.48,4.83,4.16
2025-26,1642910,John Tonje,1610612738,BOS,6,5,1,7.0,7.0,3156.8,0.6,0.3,0.3,4.59,4.76,4.41
2025-26,1641780,Johni Broome,1610612755,PHI,11,5,6,5.0,5.0,1945.0,0.4,0.2,0.2,4.42,4.43,4.18
2025-26,1642277,Johnny Furphy,1610612754,IND,35,10,25,18.4,18.4,8246.2,1.6,0.8,0.7,4.87,5.24,4.51
2025-26,1630548,Johnny Juzang,1610612750,MIN,21,13,8,4.2,4.2,1890.6,0.4,0.2,0.2,4.79,5.07,4.63
2025-26,202685,Jonas Valančiūnas,1610612743,DEN,65,42,23,13.4,13.4,4779.5,0.9,0.5,0.4,3.96,4.0,3.91
2025-26,1628371,Jonathan Isaac,1610612753,ORL,52,29,23,10.0,10.0,3933.9,0.7,0.4,0.4,4.32,4.52,4.12
2025-26,1630228,Jonathan Kuminga,1610612737,ATL,36,22,14,23.1,23.1,9177.1,1.7,0.9,0.8,4.48,4.74,4.2
2025-26,1642367,Jonathan Mogbo,1610612761,TOR,40,20,20,6.2,6.2,2555.5,0.5,0.2,0.2,4.35,4.42,4.25
2025-26,203903,Jordan Clarkson,1610612752,NYK,72,45,27,17.8,17.8,7396.6,1.4,0.8,0.7,4.6,4.85,4.34
2025-26,1630692,Jordan Goodwin,1610612756,PHX,70,39,31,22.5,22.5,9318.5,1.8,0.9,0.9,4.51,4.63,4.39
2025-26,1641722,Jordan Hawkins,1610612740,NOP,51,13,38,13.6,13.6,5505.9,1.0,0.5,0.5,4.49,4.73,4.25
2025-26,1629162,Jordan McLaughlin,1610612759,SAS,44,37,7,6.4,6.4,2623.5,0.5,0.3,0.2,4.47,4.6,4.28
2025-26,1641757,Jordan Miller,1610612746,LAC,60,36,24,22.1,22.1,9133.2,1.7,0.9,0.8,4.37,4.73,4.01
2025-26,1629673,Jordan Poole,1610612740,NOP,39,16,23,23.9,23.9,8863.1,1.7,0.9,0.7,4.03,4.47,3.58
2025-26,1641775,Jordan Walsh,1610612738,BOS,68,46,22,17.8,17.8,7020.6,1.3,0.7,0.6,4.36,4.33,4.39
2025-26,1630631,Jose Alvarado,1610612752,NYK,69,28,41,19.9,19.9,7875.5,1.5,0.8,0.7,4.38,4.59,4.17
2025-26,1630581,Josh Giddey,1610612741,CHI,54,21,33,32.1,32.1,12593.4,2.4,1.3,1.1,4.41,4.98,3.86
2025-26,1630182,Josh Green,1610612766,CHA,58,37,21,15.7,15.7,6717.6,1.3,0.7,0.6,4.56,4.51,4.63
2025-26,1628404,Josh Hart,1610612752,NYK,66,44,22,30.2,30.2,11640.9,2.2,1.2,1.0,4.25,4.53,3.95
2025-26,1631169,Josh Minott,1610612751,BKN,49,23,26,17.0,17.0,6673.9,1.3,0.6,0.6,4.43,4.56,4.3
2025-26,1642490,Josh Oduro,1610612740,NOP,3,1,2,27.3,27.3,11607.0,2.2,1.1,1.1,4.48,4.74,4.24
2025-26,1629006,Josh Okogie,1610612745,HOU,78,49,29,17.4,17.4,6615.8,1.3,0.6,0.6,4.21,4.11,4.32
2025-26,201950,Jrue Holiday,1610612757,POR,53,28,25,29.4,29.4,11628.1,2.2,1.2,1.0,4.3,4.7,3.93
2025-26,1630577,Julian Champagnie,1610612759,SAS,82,62,20,27.6,27.6,10768.6,2.0,1.1,1.0,4.36,4.63,4.1
2025-26,1641763,Julian Phillips,1610612750,MIN,48,19,29,8.9,8.9,3656.3,0.7,0.3,0.3,4.59,4.8,4.42
2025-26,1642882,Julian Reese,1610612764,WAS,13,1,12,30.9,30.9,12331.8,2.3,1.2,1.1,4.24,4.3,4.15
2025-26,1631124,Julian Strawther,1610612743,DEN,57,38,19,15.1,15.1,6240.7,1.2,0.6,0.5,4.44,4.72,4.13
2025-26,203944,Julius Randle,1610612750,MIN,79,47,32,33.0,33.0,11759.6,2.2,1.2,1.1,3.93,4.14,3.73
2025-26,1630551,Justin Champagnie,1610612764,WAS,69,13,56,20.0,20.0,8029.2,1.5,0.8,0.7,4.4,4.59,4.21
2025-26,1642348,Justin Edwards,1610612755,PHI,64,37,27,15.3,15.3,6016.8,1.1,0.6,0.5,4.34,4.52,4.15
2025-26,203994,Jusuf Nurkić,1610612762,UTA,41,14,27,26.4,26.4,9527.7,1.8,1.0,0.8,4.08,4.3,3.85
2025-26,1642354,KJ Simpson,1610612743,DEN,20,10,10,12.9,12.9,5036.9,1.0,0.5,0.4,4.53,4.76,4.27
2025-26,1642955,Kadary Richmond,1610612764,WAS,3,2,1,22.3,22.3,8674.0,1.6,0.8,0.8,4.1,4.19,4.01
2025-26,1642880,Kam Jones,1610612754,IND,37,6,31,16.7,16.7,7148.7,1.4,0.7,0.6,4.55,4.95,4.17
2025-26,1626157,Karl-Anthony Towns,1610612752,NYK,75,49,26,31.0,31.0,11002.7,2.1,1.1,1.0,3.94,3.98,3.89
2025-26,1631255,Karlo Matković,1610612740,NOP,62,24,38,14.7,14.7,5970.9,1.1,0.6,0.5,4.38,4.62,4.15
2025-26,1642857,Kasparas Jakučionis,1610612748,MIA,53,28,25,17.8,17.8,7938.2,1.5,0.8,0.7,4.75,5.36,4.21
2025-26,202695,Kawhi Leonard,1610612746,LAC,65,37,28,32.1,32.1,12039.5,2.3,1.2,1.0,4.1,4.39,3.8
2025-26,1630811,Keaton Wallace,1610612737,ATL,53,31,22,10.1,10.1,4068.6,0.8,0.4,0.4,4.59,5.01,4.17
2025-26,1631099,Keegan Murray,1610612758,SAC,23,5,18,34.5,34.5,13406.3,2.5,1.3,1.2,4.37,4.59,4.15
2025-26,1642276,Kel'el Ware,1610612748,MIA,77,39,38,22.1,22.1,8752.6,1.7,0.9,0.8,4.4,4.82,4.01
2025-26,1629640,Keldon Johnson,1610612759,SAS,82,62,20,23.3,23.3,9117.8,1.7,0.9,0.8,4.32,4.55,4.09
2025-26,203482,Kelly Olynyk,1610612759,SAS,42,33,9,8.6,8.6,3353.6,0.6,0.3,0.3,4.36,4.7,4.01
2025-26,1626162,Kelly Oubre Jr.,1610612755,PHI,50,27,23,31.5,31.5,12099.4,2.3,1.2,1.1,4.19,4.29,4.09
2025-26,1631113,Kennedy Chandler,1610612762,UTA,11,1,10,32.3,32.3,12749.2,2.4,1.3,1.2,4.16,4.49,3.85
2025-26,1629026,Kenrich Williams,1610612760,OKC,56,41,15,15.3,15.3,5868.0,1.1,0.6,0.5,4.12,4.41,3.86
2025-26,203484,Kentavious Caldwell-Pope,1610612763,MEM,51,20,31,21.3,21.3,7954.7,1.5,0.8,0.7,4.2,4.41,4.0
2025-26,1631165,Keon Ellis,1610612739,CLE,72,31,41,20.5,20.5,8322.9,1.6,0.8,0.8,4.4,4.53,4.27
2025-26,1642352,Keshad Johnson,1610612748,MIA,32,16,16,8.7,8.7,3682.9,0.7,0.4,0.3,4.65,5.15,4.22
2025-26,1642933,Keshon Gilbert,1610612737,ATL,4,0,4,18.4,18.4,8025.0,1.5,0.8,0.7,4.62,4.73,4.36
2025-26,201142,Kevin Durant,1610612745,HOU,78,48,30,36.4,36.4,12299.2,2.3,1.3,1.0,3.69,3.9,3.45
2025-26,1628989,Kevin Huerter,1610612765,DET,69,40,29,22.5,22.5,9184.2,1.7,1.0,0.8,4.54,5.04,4.06
2025-26,201567,Kevin Love,1610612762,UTA,37,10,27,16.6,16.6,6070.2,1.1,0.6,0.5,4.05,4.29,3.79
2025-26,1641755,Kevin McCullar Jr.,1610612752,NYK,21,11,10,7.4,7.4,3169.0,0.6,0.3,0.3,4.53,4.88,4.19
2025-26,1629645,Kevin Porter Jr.,1610612749,MIL,38,18,20,33.2,33.2,13736.5,2.6,1.4,1.2,4.51,4.78,4.22
2025-26,1626172,Kevon Looney,1610612740,NOP,21,3,18,14.6,14.6,5432.5,1.0,0.5,0.5,4.18,4.32,4.03
2025-26,1641718,Keyonte George,1610612762,UTA,54,16,38,33.1,33.1,12464.5,2.4,1.3,1.1,4.21,4.55,3.87
2025-26,1642863,Khaman Maluach,1610612756,PHX,46,22,24,8.9,8.9,3523.1,0.7,0.4,0.3,4.23,4.35,4.11
2025-26,203114,Khris Middleton,1610612742,DAL,63,18,45,22.8,22.8,8844.3,1.7,0.9,0.8,4.28,4.65,3.92
2025-26,1630165,Killian Hayes,1610612758,SAC,23,10,13,17.6,17.6,6996.4,1.3,0.7,0.6,4.2,4.43,3.95
2025-26,202691,Klay Thompson,1610612742,DAL,69,21,48,21.7,21.7,8564.7,1.6,0.9,0.7,4.34,4.82,3.86
2025-26,1641738,Kobe Brown,1610612754,IND,61,17,44,15.8,15.8,6290.5,1.2,0.6,0.6,4.3,4.56,4.04
2025-26,1641723,Kobe Bufkin,1610612747,LAL,16,10,6,7.5,7.5,3032.6,0.6,0.3,0.3,4.27,4.43,4.1
2025-26,1642920,Kobe Sanders,1610612746,LAC,68,36,32,19.9,19.9,7951.5,1.5,0.8,0.7,4.33,4.54,4.1
2025-26,1642886,Koby Brea,1610612756,PHX,12,5,7,7.0,7.0,2839.0,0.5,0.3,0.2,4.37,4.64,4.05
2025-26,1642851,Kon Knueppel,1610612766,CHA,81,44,37,31.5,31.5,13231.9,2.5,1.4,1.1,4.63,5.04,4.19
2025-26,1627739,Kris Dunn,1610612746,LAC,82,42,40,27.2,27.2,10909.4,2.1,1.1,1.0,4.41,4.54,4.27
2025-26,1631200,Kris Murray,1610612757,POR,57,28,29,23.4,23.4,9474.7,1.8,0.9,0.9,4.49,4.59,4.39
2025-26,204001,Kristaps Porziņģis,1610612744,GSW,32,13,19,24.0,24.0,8654.0,1.6,0.9,0.8,3.99,4.23,3.77
2025-26,203937,Kyle Anderson,1610612750,MIN,43,15,28,19.8,19.8,7691.8,1.5,0.8,0.7,4.16,4.49,3.84
2025-26,1642271,Kyle Filipowski,1610612762,UTA,77,21,56,23.4,23.4,9189.7,1.7,0.9,0.8,4.29,4.5,4.08
2025-26,1628398,Kyle Kuzma,1610612749,MIL,69,31,38,26.2,26.2,10229.1,1.9,1.0,0.9,4.37,4.73,4.02
2025-26,200768,Kyle Lowry,1610612755,PHI,14,9,5,8.4,8.4,2978.9,0.6,0.3,0.3,3.86,4.18,3.53
2025-26,1642273,Kyshawn George,1610612764,WAS,48,10,38,29.0,29.0,11692.2,2.2,1.2,1.0,4.55,5.03,4.11
2025-26,1643018,LJ Cryer,1610612744,GSW,18,6,12,16.2,16.2,6573.1,1.2,0.7,0.6,4.25,4.44,4.06
2025-26,1630163,LaMelo Ball,1610612766,CHA,72,41,31,28.0,28.0,11300.9,2.1,1.2,0.9,4.41,4.81,3.97
2025-26,1642950,Lachlan Olbrich,1610612741,CHI,37,9,28,9.3,9.3,4129.6,0.8,0.4,0.4,4.72,5.18,4.31
2025-26,1629013,Landry Shamet,1610612752,NYK,51,35,16,23.0,23.0,9760.4,1.8,1.0,0.8,4.63,5.02,4.22
2025-26,1626204,Larry Nance Jr.,1610612739,CLE,35,25,10,12.8,12.8,5005.9,0.9,0.5,0.5,4.4,4.62,4.15
2025-26,1628374,Lauri Markkanen,1610612762,UTA,42,17,25,34.3,34.3,13244.8,2.5,1.4,1.1,4.35,4.65,4.02
2025-26,1643133,Lawson Lovering,1610612763,MEM,2,1,1,24.6,24.6,10140.0,1.9,1.0,0.9,4.28,4.56,4.23
2025-26,2544,LeBron James,1610612747,LAL,60,39,21,33.2,33.2,11175.2,2.1,1.1,1.0,3.62,3.85,3.39
2025-26,1641778,Leaky Black,1610612764,WAS,15,1,14,28.9,28.9,11781.3,2.2,1.2,1.0,4.33,4.49,4.12
2025-26,1631159,Leonard Miller,1610612741,CHI,46,18,28,15.6,15.6,6970.4,1.3,0.7,0.6,4.73,5.27,4.25
2025-26,1642862,Liam McNeeley,1610612766,CHA,31,12,19,11.9,11.9,4630.0,0.9,0.5,0.4,4.44,4.63,4.24
2025-26,1630322,Lindy Waters III,1610612759,SAS,40,31,9,7.1,7.1,2972.0,0.6,0.3,0.3,4.61,4.84,4.36
2025-26,1628366,Lonzo Ball,1610612739,CLE,35,19,16,20.8,20.8,8025.1,1.5,0.8,0.7,4.39,4.86,3.96
2025-26,1631351,Lucas Williamson,1610612763,MEM,7,0,7,32.0,32.0,13019.7,2.5,1.3,1.2,4.35,4.52,4.17
2025-26,1629652,Luguentz Dort,1610612760,OKC,69,53,16,26.8,26.8,10107.3,1.9,1.0,0.9,4.15,4.34,3.96
2025-26,1629029,Luka Dončić,1610612747,LAL,64,43,21,35.8,35.8,12233.3,2.3,1.3,1.0,3.75,4.12,3.37
2025-26,1630568,Luka Garza,1610612738,BOS,69,47,22,16.2,16.2,6832.7,1.3,0.7,0.6,4.6,4.78,4.39
2025-26,1628379,Luke Kennard,1610612747,LAL,78,45,33,21.5,21.5,8704.3,1.6,0.9,0.8,4.41,4.77,4.05
2025-26,1628436,Luke Kornet,1610612759,SAS,68,52,16,21.0,21.0,8194.9,1.6,0.8,0.7,4.33,4.52,4.14
2025-26,1631247,Luke Travers,1610612739,CLE,12,6,6,8.6,8.6,3533.3,0.7,0.4,0.3,4.81,5.18,4.55
2025-26,1630644,Mac McClung,1610612741,CHI,11,2,9,12.3,12.3,5089.7,1.0,0.5,0.5,4.49,4.85,4.16
2025-26,1641869,Malachi Smith,1610612751,BKN,15,3,12,23.9,23.9,10111.0,1.9,1.0,0.9,4.47,4.87,4.1
2025-26,1631103,Malaki Branham,1610612764,WAS,28,7,21,9.8,9.8,4066.8,0.8,0.4,0.4,4.5,4.92,4.09
2025-26,1642502,Malevy Leons,1610612744,GSW,25,7,18,11.1,11.1,4818.0,0.9,0.5,0.4,4.53,4.89,4.19
2025-26,1628370,Malik Monk,1610612758,SAC,62,18,44,22.0,22.0,8272.9,1.6,0.9,0.7,4.14,4.53,3.75
2025-26,1630699,MarJon Beauchamp,1610612755,PHI,14,7,7,14.0,14.0,5920.6,1.1,0.6,0.6,4.49,4.82,4.2
2025-26,1631204,Marcus Sasser,1610612765,DET,38,28,10,12.0,12.0,4865.9,0.9,0.5,0.4,4.26,4.48,4.04
2025-26,203935,Marcus Smart,1610612747,LAL,62,41,21,28.5,28.5,9966.9,1.9,1.0,0.9,3.81,3.99,3.63
2025-26,1641813,Mark Sears,1610612749,MIL,7,1,6,3.7,3.7,1596.9,0.3,0.2,0.1,4.76,5.05,4.47
2025-26,1631109,Mark Williams,1610612756,PHX,60,34,26,23.6,23.6,9061.4,1.7,0.9,0.8,4.28,4.51,4.05
2025-26,1628365,Markelle Fultz,1610612761,TOR,5,3,2,7.2,7.2,3124.8,0.6,0.3,0.3,4.61,4.93,4.3
2025-26,1628963,Marvin Bagley III,1610612742,DAL,60,16,44,20.0,20.0,8189.9,1.6,0.8,0.7,4.52,4.73,4.31
2025-26,203486,Mason Plumlee,1610612759,SAS,20,10,10,8.6,8.6,3416.5,0.6,0.4,0.3,4.52,4.91,4.16
2025-26,1641824,Matas Buzelis,1610612741,CHI,77,28,49,29.2,29.2,12067.1,2.3,1.2,1.1,4.58,5.02,4.16
2025-26,1629680,Matisse Thybulle,1610612757,POR,30,17,13,16.0,16.0,6509.1,1.2,0.6,0.6,4.32,4.5,4.14
2025-26,1631108,Max Christie,1610612742,DAL,77,24,53,29.1,29.1,11705.9,2.2,1.2,1.0,4.44,4.88,4.0
2025-26,1642917,Max Shulga,1610612738,BOS,11,8,3,3.3,3.3,1374.6,0.3,0.1,0.1,4.38,4.57,4.17
2025-26,1629622,Max Strus,1610612739,CLE,12,9,3,24.0,24.0,10559.3,2.0,1.1,0.9,4.64,5.04,4.21
2025-26,1628467,Maxi Kleber,1610612747,LAL,43,20,23,10.7,10.7,3991.0,0.8,0.4,0.4,4.0,4.12,3.88
2025-26,1642875,Maxime Raynaud,1610612758,SAC,74,21,53,26.5,26.5,10839.5,2.1,1.1,1.0,4.43,4.65,4.22
2025-26,1642877,Micah Peavy,1610612740,NOP,61,17,44,15.0,15.0,6202.8,1.2,0.6,0.6,4.56,4.74,4.38
2025-26,1630695,Micah Potter,1610612754,IND,47,11,36,19.3,19.3,8132.0,1.5,0.8,0.7,4.44,4.71,4.18
2025-26,1629008,Michael Porter Jr.,1610612751,BKN,52,14,38,32.5,32.5,12179.8,2.3,1.2,1.1,4.17,4.41,3.91
2025-26,1628969,Mikal Bridges,1610612752,NYK,82,53,29,32.8,32.8,13603.6,2.6,1.4,1.2,4.57,4.92,4.2
2025-26,201144,Mike Conley,1610612750,MIN,54,33,21,18.4,18.4,7413.4,1.4,0.8,0.6,4.49,4.82,4.16
2025-26,1628970,Miles Bridges,1610612766,CHA,77,42,35,31.0,31.0,11630.4,2.2,1.2,1.0,4.16,4.42,3.88
2025-26,1642939,Miles Kelly,1610612742,DAL,14,7,7,9.6,9.6,4213.4,0.8,0.4,0.4,4.72,5.01,4.42
2025-26,1630540,Miles McBride,1610612752,NYK,41,25,16,26.3,26.3,10628.9,2.0,1.1,0.9,4.52,4.75,4.29
2025-26,1629011,Mitchell Robinson,1610612752,NYK,60,40,20,19.6,19.6,7427.7,1.4,0.7,0.7,4.14,4.19,4.09
2025-26,1628964,Mo Bamba,1610612762,UTA,4,3,1,11.0,11.0,4199.3,0.8,0.4,0.4,4.12,4.3,3.93
2025-26,1642885,Mohamed Diawara,1610612752,NYK,69,42,27,9.2,9.2,3837.7,0.7,0.4,0.3,4.46,4.74,4.15
2025-26,1628420,Monte Morris,1610612754,IND,6,0,6,10.8,10.8,4244.5,0.8,0.4,0.4,4.55,5.04,4.11
2025-26,1629021,Moritz Wagner,1610612753,ORL,36,21,15,11.8,11.8,4765.6,0.9,0.5,0.4,4.28,4.46,4.09
2025-26,1630541,Moses Moody,1610612744,GSW,60,30,30,25.7,25.7,9627.0,1.8,1.0,0.8,4.16,4.37,3.93
2025-26,1631338,Mouhamadou Gueye,1610612741,CHI,2,0,2,22.7,22.7,9491.0,1.8,0.9,0.9,4.48,4.68,4.3
2025-26,1631243,Mouhamed Gueye,1610612737,ATL,77,44,33,15.3,15.3,6309.5,1.2,0.6,0.6,4.54,4.78,4.33
2025-26,1630619,Moussa Cisse,1610612742,DAL,38,11,27,13.9,13.9,5540.1,1.0,0.5,0.5,4.4,4.61,4.17
2025-26,1631217,Moussa Diabaté,1610612766,CHA,73,40,33,26.0,26.0,10610.1,2.0,1.1,0.9,4.45,4.67,4.23
2025-26,1626167,Myles Turner,1610612749,MIL,71,30,41,26.9,26.9,10152.2,1.9,1.0,0.9,4.22,4.44,3.99
2025-26,1642066,Myron Gardner,1610612748,MIA,45,24,21,9.1,9.1,4177.1,0.8,0.4,0.4,4.92,5.28,4.58
2025-26,1642368,N'Faly Dante,1610612737,ATL,4,3,1,3.9,3.9,1417.0,0.3,0.1,0.1,4.42,4.49,4.34
2025-26,1641772,Nae'Qwan Tomlin,1610612739,CLE,64,42,22,15.7,15.7,6726.7,1.3,0.6,0.6,4.69,4.94,4.45
2025-26,1630230,Naji Marshall,1610612742,DAL,74,25,49,29.5,29.5,11285.8,2.1,1.1,1.0,4.2,4.46,3.93
2025-26,1631466,Nate Williams,1610612744,GSW,14,2,12,17.1,17.1,7200.2,1.4,0.7,0.6,4.44,4.54,4.33
2025-26,1629675,Naz Reid,1610612750,MIN,77,46,31,26.1,26.1,10115.9,1.9,1.0,0.9,4.27,4.56,3.98
2025-26,1629674,Neemias Queta,1610612738,BOS,76,52,24,25.3,25.3,9710.7,1.8,1.0,0.8,4.24,4.4,4.07
2025-26,1629651,Nic Claxton,1610612751,BKN,69,17,52,27.8,27.8,10469.8,2.0,1.0,1.0,4.18,4.27,4.08
2025-26,1630208,Nick Richards,1610612741,CHI,48,20,28,14.6,14.6,5957.7,1.1,0.6,0.5,4.49,4.86,4.13
2025-26,1641733,Nick Smith Jr.,1610612747,LAL,30,15,15,12.5,12.5,5089.6,1.0,0.5,0.4,4.41,4.78,4.0
2025-26,1629638,Nickeil Alexander-Walker,1610612737,ATL,78,43,35,33.4,33.4,14275.2,2.7,1.5,1.2,4.69,5.26,4.16
2025-26,201587,Nicolas Batum,1610612746,LAC,74,39,35,17.5,17.5,6901.1,1.3,0.7,0.6,4.3,4.44,4.16
2025-26,1628502,Nigel Hayes-Davis,1610612756,PHX,27,15,12,7.2,7.2,2661.7,0.5,0.3,0.2,4.23,4.51,3.95
2025-26,203999,Nikola Jokić,1610612743,DEN,65,43,22,34.8,34.8,11824.4,2.2,1.2,1.0,3.75,4.04,3.46
2025-26,1631107,Nikola Jović,1610612748,MIA,47,24,23,17.2,17.2,7135.1,1.4,0.7,0.6,4.59,5.2,4.07
2025-26,1642260,Nikola Topić,1610612760,OKC,10,6,4,16.0,16.0,6625.2,1.3,0.7,0.6,4.4,5.17,3.72
2025-26,202696,Nikola Vučević,1610612738,BOS,64,35,29,28.4,28.4,10121.6,1.9,1.0,0.9,3.97,4.13,3.81
2025-26,1642363,Nique Clifford,1610612758,SAC,75,21,54,25.1,25.1,10494.3,2.0,1.0,0.9,4.52,4.77,4.28
2025-26,1642855,Noa Essengue,1610612741,CHI,2,1,1,3.0,3.0,1209.5,0.2,0.1,0.1,5.32,5.26,5.43
2025-26,1641730,Noah Clowney,1610612751,BKN,66,17,49,27.0,27.0,10406.2,2.0,1.1,0.9,4.28,4.59,3.97
2025-26,1642869,Noah Penda,1610612753,ORL,59,30,29,12.8,12.8,5472.4,1.0,0.6,0.5,4.52,4.75,4.28
2025-26,1642849,Nolan Traore,1610612751,BKN,56,14,42,22.2,22.2,9699.7,1.8,1.0,0.8,4.65,5.09,4.19
2025-26,1641807,Norchad Omier,1610612746,LAC,6,5,1,3.9,3.9,1652.7,0.3,0.2,0.1,4.4,4.24,4.09
2025-26,1626181,Norman Powell,1610612748,MIA,58,29,29,29.6,29.6,11475.9,2.2,1.2,1.0,4.29,4.92,3.73
2025-26,1628384,OG Anunoby,1610612752,NYK,67,45,22,33.2,33.2,12695.6,2.4,1.3,1.1,4.16,4.27,4.04
2025-26,1630167,Obi Toppin,1610612754,IND,24,4,20,17.7,17.7,7513.9,1.4,0.8,0.7,4.62,4.95,4.26
2025-26,1630534,Ochai Agbaji,1610612751,BKN,62,28,34,15.7,15.7,6670.4,1.3,0.6,0.6,4.64,4.9,4.41
2025-26,1630846,Olivier Sarr,1610612739,CLE,4,3,1,9.8,9.8,4194.8,0.8,0.4,0.4,4.4,4.57,4.22
2025-26,1641765,Olivier-Maxence Prosper,1610612763,MEM,53,16,37,18.6,18.6,8009.7,1.5,0.8,0.7,4.64,4.96,4.33
2025-26,1630209,Omer Yurtseven,1610612744,GSW,9,3,6,11.6,11.6,4764.8,0.9,0.5,0.4,4.29,4.5,4.1
2025-26,1630168,Onyeka Okongwu,1610612737,ATL,74,41,33,31.0,31.0,11783.2,2.2,1.1,1.1,4.19,4.47,3.93
2025-26,1631115,Orlando Robinson,1610612753,ORL,4,2,2,6.2,6.2,2382.5,0.5,0.2,0.2,4.45,4.51,4.39
2025-26,1631131,Oscar Tshiebwe,1610612762,UTA,27,3,24,16.6,16.6,6796.2,1.3,0.7,0.6,4.35,4.57,4.14
2025-26,1642345,Oso Ighodaro,1610612756,PHX,82,45,37,22.1,22.1,8550.6,1.6,0.9,0.8,4.23,4.46,3.99
2025-26,1631172,Ousmane Dieng,1610612749,MIL,57,33,24,19.3,19.3,7357.1,1.4,0.8,0.6,4.16,4.43,3.87
2025-26,1629023,P.J. Washington,1610612742,DAL,56,16,40,31.0,31.0,11998.0,2.3,1.2,1.1,4.3,4.6,3.99
2025-26,1641790,PJ Hall,1610612766,CHA,19,7,12,11.2,11.2,4567.1,0.9,0.5,0.4,4.37,4.51,4.27
2025-26,1642359,Pacôme Dadiet,1610612752,NYK,29,18,11,4.7,4.7,2003.6,0.4,0.2,0.2,4.52,4.94,4.12
2025-26,1631094,Paolo Banchero,1610612753,ORL,72,38,34,34.7,34.7,13259.1,2.5,1.4,1.1,4.13,4.5,3.77
2025-26,1627783,Pascal Siakam,1610612754,IND,62,17,45,33.2,33.2,13067.3,2.5,1.4,1.1,4.37,4.85,3.91
2025-26,1626192,Pat Connaughton,1610612766,CHA,42,25,17,7.1,7.1,2688.2,0.5,0.3,0.2,4.18,4.51,3.79
2025-26,1630311,Pat Spencer,1610612744,GSW,66,30,36,18.6,18.6,7788.5,1.5,0.8,0.6,4.54,4.87,4.17
2025-26,1631116,Patrick Baldwin Jr.,1610612758,SAC,9,3,6,11.4,11.4,4649.8,0.9,0.5,0.4,4.32,4.61,4.04
2025-26,1630172,Patrick Williams,1610612741,CHI,72,24,48,20.5,20.5,8013.8,1.5,0.8,0.7,4.33,4.69,3.98
2025-26,202331,Paul George,1610612755,PHI,37,22,15,30.7,30.7,11719.7,2.2,1.2,1.0,4.18,4.41,3.93
2025-26,1630194,Paul Reed,1610612765,DET,65,47,18,13.9,13.9,5645.1,1.1,0.6,0.5,4.44,4.7,4.18
2025-26,1630202,Payton Pritchard,1610612738,BOS,79,54,25,32.3,32.3,12361.4,2.3,1.3,1.0,4.22,4.57,3.81
2025-26,1642362,Payton Sandfort,1610612760,OKC,4,2,2,15.8,15.8,6925.3,1.3,0.7,0.6,4.66,5.38,4.2
2025-26,1641796,Pelle Larsson,1610612748,MIA,70,38,32,26.4,26.4,11226.0,2.1,1.1,1.0,4.69,5.3,4.17
2025-26,1631250,Pete Nance,1610612749,MIL,47,14,33,15.7,15.7,6226.0,1.2,0.6,0.5,4.22,4.56,3.89
2025-26,1631212,Peyton Watson,1610612743,DEN,54,36,18,29.6,29.6,11556.4,2.2,1.2,1.0,4.32,4.47,4.16
2025-26,1630173,Precious Achiuwa,1610612758,SAC,73,20,53,23.9,23.9,9188.8,1.7,0.9,0.8,4.2,4.32,4.07
2025-26,1629656,Quentin Grimes,1610612755,PHI,75,42,33,29.4,29.4,11328.6,2.1,1.1,1.0,4.21,4.47,3.95
2025-26,1631245,Quenton Jackson,1610612754,IND,49,10,39,18.3,18.3,7982.8,1.5,0.8,0.7,4.67,5.13,4.24
2025-26,1642366,Quinten Post,1610612744,GSW,67,32,35,17.3,17.3,6948.5,1.3,0.7,0.6,4.47,4.71,4.21
2025-26,1629628,RJ Barrett,1610612761,TOR,57,34,23,30.3,30.3,11954.6,2.3,1.2,1.1,4.33,4.66,4.02
2025-26,1642853,Rasheer Fleming,1610612756,PHX,55,29,26,12.2,12.2,5102.2,1.0,0.5,0.5,4.46,4.59,4.34
2025-26,1642484,RayJ Dennis,1610612737,ATL,17,3,14,12.1,12.1,5218.6,1.0,0.5,0.5,4.99,5.35,4.62
2025-26,1641712,Rayan Rupert,1610612763,MEM,64,29,35,16.8,16.8,7369.3,1.4,0.7,0.7,4.72,4.88,4.56
2025-26,1642263,Reed Sheppard,1610612745,HOU,82,52,30,26.2,26.2,10079.2,1.9,1.1,0.8,4.21,4.49,3.9
2025-26,1642434,Riley Minix,1610612739,CLE,9,7,2,6.5,6.5,2854.7,0.5,0.3,0.2,4.61,5.03,4.19
2025-26,1642265,Rob Dillingham,1610612741,CHI,65,29,36,14.9,14.9,6471.6,1.2,0.7,0.6,4.72,5.29,4.19
2025-26,1629057,Robert Williams III,1610612757,POR,59,30,29,17.1,17.1,6488.4,1.2,0.7,0.6,4.14,4.39,3.9
2025-26,1642911,Rocco Zikarsky,1610612750,MIN,5,1,4,7.3,7.3,2894.4,0.5,0.3,0.3,4.05,4.34,3.79
2025-26,1631199,Ron Harper Jr.,1610612738,BOS,29,22,7,10.9,10.9,4301.7,0.8,0.4,0.4,4.18,4.33,4.04
2025-26,1641842,Ronald Holland II,1610612765,DET,78,56,22,19.9,19.9,7904.1,1.5,0.8,0.7,4.37,4.43,4.3
2025-26,1626220,Royce O'Neale,1610612756,PHX,78,43,35,28.4,28.4,10681.9,2.0,1.1,0.9,4.16,4.57,3.76
2025-26,203497,Rudy Gobert,1610612750,MIN,76,46,30,31.3,31.3,12029.6,2.3,1.2,1.1,4.28,4.48,4.07
2025-26,1629060,Rui Hachimura,1610612747,LAL,68,47,21,28.3,28.3,10756.5,2.0,1.1,1.0,4.2,4.39,4.01
2025-26,201566,Russell Westbrook,1610612758,SAC,64,16,48,28.9,28.9,10228.6,1.9,1.1,0.9,3.94,4.23,3.65
2025-26,1642346,Ryan Dunn,1610612756,PHX,70,40,30,19.4,19.4,7837.0,1.5,0.8,0.7,4.48,4.63,4.33
2025-26,1641750,Ryan Kalkbrenner,1610612766,CHA,69,39,30,21.4,21.4,8340.3,1.6,0.9,0.7,4.34,4.48,4.17
2025-26,1642948,Ryan Nembhard,1610612742,DAL,60,20,40,19.5,19.5,7719.5,1.5,0.8,0.7,4.34,4.68,3.99
2025-26,1631157,Ryan Rollins,1610612749,MIL,74,29,45,32.1,32.1,12690.0,2.4,1.3,1.1,4.39,4.58,4.2
2025-26,1630180,Saddiq Bey,1610612740,NOP,72,24,48,31.2,31.2,11816.9,2.2,1.2,1.1,4.16,4.34,3.99
2025-26,1630573,Sam Hauser,1610612738,BOS,78,54,24,24.8,24.8,10406.3,2.0,1.1,0.8,4.61,4.98,4.2
2025-26,1630241,Sam Merrill,1610612739,CLE,52,37,15,26.5,26.5,11070.1,2.1,1.1,1.0,4.53,4.85,4.23
2025-26,1630572,Sandro Mamukelashvili,1610612761,TOR,80,44,36,21.9,21.9,8928.5,1.7,0.9,0.8,4.46,4.76,4.17
2025-26,1630583,Santi Aldama,1610612763,MEM,43,19,24,27.9,27.9,11194.2,2.1,1.1,1.0,4.54,5.01,4.1
2025-26,1630703,Scoot Henderson,1610612757,POR,30,18,12,24.9,24.9,10535.9,2.0,1.0,1.0,4.48,4.67,4.29
2025-26,1630567,Scottie Barnes,1610612761,TOR,80,45,35,33.5,33.5,13126.0,2.5,1.3,1.2,4.3,4.58,4.04
2025-26,1630590,Scotty Pippen Jr.,1610612763,MEM,10,2,8,21.2,21.2,8916.3,1.7,0.9,0.8,4.51,4.66,4.36
2025-26,1642951,Sean Pedulla,1610612746,LAC,7,4,3,4.4,4.4,1826.9,0.3,0.2,0.2,4.29,4.86,4.1
2025-26,203552,Seth Curry,1610612744,GSW,10,1,9,13.3,13.3,5173.0,1.0,0.5,0.4,4.17,4.37,3.94
2025-26,1631101,Shaedon Sharpe,1610612757,POR,50,24,26,29.4,29.4,11400.8,2.2,1.2,1.0,4.29,4.73,3.86
2025-26,1628983,Shai Gilgeous-Alexander,1610612760,OKC,68,56,12,33.2,33.2,12146.5,2.3,1.2,1.1,4.05,4.49,3.63
2025-26,1630536,Sharife Cooper,1610612764,WAS,41,6,35,17.1,17.1,7091.7,1.3,0.7,0.6,4.42,4.68,4.13
2025-26,1631321,Sidy Cissoko,1610612757,POR,75,39,36,19.1,19.1,7410.4,1.4,0.7,0.7,4.22,4.42,4.02
2025-26,1631323,Simone Fontecchio,1610612748,MIA,70,36,34,16.8,16.8,7148.9,1.4,0.7,0.6,4.75,5.51,4.09
2025-26,1642883,Sion James,1610612766,CHA,82,44,38,22.5,22.5,8966.5,1.7,0.9,0.8,4.39,4.65,4.1
2025-26,1627746,Skal Labissiere,1610612764,WAS,3,2,1,12.5,12.5,4831.7,0.9,0.5,0.4,4.02,4.37,3.97
2025-26,1642461,Spencer Jones,1610612743,DEN,64,41,23,22.1,22.1,8735.2,1.7,0.8,0.8,4.31,4.35,4.26
2025-26,1630649,Stanley Umude,1610612759,SAS,2,2,0,3.3,3.3,1271.5,0.2,0.1,0.1,3.99,4.07,3.89
2025-26,201939,Stephen Curry,1610612744,GSW,43,24,19,30.9,30.9,11903.4,2.3,1.3,1.0,4.3,4.82,3.76
2025-26,1642264,Stephon Castle,1610612759,SAS,68,51,17,30.0,30.0,11533.2,2.2,1.1,1.1,4.28,4.63,3.97
2025-26,203500,Steven Adams,1610612745,HOU,32,21,11,22.8,22.8,8109.4,1.5,0.8,0.7,4.03,4.05,4.03
2025-26,1629004,Svi Mykhailiuk,1610612762,UTA,50,14,36,23.1,23.1,9150.0,1.7,0.9,0.8,4.49,4.71,4.26
2025-26,204456,T.J. McConnell,1610612754,IND,56,15,41,17.2,17.2,7408.3,1.4,0.8,0.6,4.74,5.1,4.37
2025-26,1643007,Taelon Peter,1610612754,IND,38,6,32,13.0,13.0,5680.5,1.1,0.6,0.5,4.75,5.19,4.32
2025-26,201959,Taj Gibson,1610612763,MEM,10,1,9,9.7,9.7,3726.9,0.7,0.4,0.4,4.14,4.17,4.0
2025-26,1631106,Tari Eason,1610612745,HOU,60,38,22,25.8,25.8,9812.5,1.9,1.0,0.9,4.12,4.14,4.1
2025-26,1627752,Taurean Prince,1610612749,MIL,26,10,16,23.5,23.5,8677.9,1.6,0.9,0.8,4.05,4.24,3.85
2025-26,1641707,Taylor Hendricks,1610612763,MEM,59,12,47,19.0,19.0,7667.6,1.5,0.7,0.7,4.37,4.51,4.24
2025-26,1629611,Terance Mann,1610612751,BKN,63,15,48,24.3,24.3,9646.3,1.8,1.0,0.9,4.4,4.55,4.26
2025-26,1630545,Terrence Shannon Jr.,1610612750,MIN,43,24,19,12.5,12.5,4943.2,0.9,0.5,0.4,4.34,4.57,4.09
2025-26,203648,Thanasis Antetokounmpo,1610612749,MIL,34,9,25,4.4,4.4,1722.9,0.3,0.2,0.2,4.15,4.32,3.99
2025-26,1628418,Thomas Bryant,1610612739,CLE,60,37,23,12.2,12.2,4700.5,0.9,0.5,0.4,4.16,4.35,3.98
2025-26,1642275,Tidjane Salaün,1610612766,CHA,37,19,18,15.6,15.6,6474.9,1.2,0.7,0.5,4.52,4.77,4.22
2025-26,203501,Tim Hardaway Jr.,1610612743,DEN,80,52,28,26.6,26.6,9607.7,1.8,1.0,0.9,3.93,4.08,3.77
2025-26,202699,Tobias Harris,1610612765,DET,63,46,17,27.7,27.7,10582.8,2.0,1.1,0.9,4.21,4.5,3.93
2025-26,1643253,Toby Okani,1610612763,MEM,6,0,6,36.2,36.2,15027.7,2.8,1.4,1.4,4.45,4.54,4.35
2025-26,1642449,Tolu Smith,1610612765,DET,15,11,4,9.2,9.2,3798.5,0.7,0.4,0.3,4.39,4.54,4.23
2025-26,1628396,Tony Bradley,1610612737,ATL,41,10,31,11.0,11.0,4309.1,0.8,0.4,0.4,4.43,4.53,4.33
2025-26,1641787,Tosan Evbuomwan,1610612766,CHA,5,4,1,1.5,1.5,607.0,0.1,0.1,0.0,4.67,4.11,3.6
2025-26,1641739,Toumani Camara,1610612757,POR,82,42,40,33.3,33.3,13973.8,2.6,1.3,1.3,4.61,4.76,4.48
2025-26,1629027,Trae Young,1610612764,WAS,15,2,13,25.6,25.6,9943.1,1.9,1.0,0.9,4.26,4.87,3.74
2025-26,1631218,Trayce Jackson-Davis,1610612761,TOR,53,29,24,9.4,9.4,3738.5,0.7,0.4,0.3,4.42,4.53,4.31
2025-26,1642848,Tre Johnson,1610612764,WAS,60,12,48,24.0,24.0,9511.2,1.8,1.0,0.8,4.4,4.81,3.99
2025-26,1630200,Tre Jones,1610612741,CHI,65,27,38,27.0,27.0,11115.8,2.1,1.1,1.0,4.5,5.02,4.03
2025-26,1630544,Tre Mann,1610612766,CHA,53,30,23,12.6,12.6,4927.5,0.9,0.5,0.4,4.4,4.67,4.09
2025-26,1630570,Trendon Watford,1610612755,PHI,53,27,26,16.3,16.3,6384.5,1.2,0.7,0.5,4.26,4.6,3.91
2025-26,1642280,Trentyn Flowers,1610612741,CHI,2,0,2,2.8,2.8,1055.5,0.2,0.1,0.1,4.33,4.44,4.23
2025-26,1630286,Trevon Scott,1610612751,BKN,6,2,4,30.4,30.4,12600.5,2.4,1.3,1.1,4.42,4.62,4.19
2025-26,1631211,Trevor Keels,1610612748,MIA,8,6,2,1.9,1.9,846.6,0.2,0.1,0.1,4.69,5.18,4.22
2025-26,1641725,Trey Alexander,1610612740,NOP,9,2,7,12.3,12.3,5001.0,0.9,0.5,0.5,4.41,4.68,4.15
2025-26,1641998,Trey Jemison III,1610612752,NYK,13,10,3,6.3,6.3,2529.0,0.5,0.2,0.2,4.3,4.46,4.15
2025-26,1630530,Trey Murphy III,1610612740,NOP,66,21,45,35.5,35.5,13547.2,2.6,1.4,1.2,4.22,4.58,3.87
2025-26,1642400,Tristan Enaruna,1610612739,CLE,9,8,1,9.5,9.5,4067.7,0.8,0.4,0.4,4.53,4.83,4.34
2025-26,1641774,Tristan Vukcevic,1610612764,WAS,49,8,41,13.7,13.7,5166.6,1.0,0.5,0.5,4.18,4.46,3.9
2025-26,1641783,Tristan da Silva,1610612753,ORL,77,43,34,24.7,24.7,10325.2,2.0,1.0,0.9,4.59,4.91,4.27
2025-26,1641803,Tristen Newton,1610612745,HOU,1,1,0,12.0,12.0,5256.0,1.0,0.6,0.4,4.67,5.23,4.02
2025-26,1629660,Ty Jerome,1610612763,MEM,15,3,12,22.6,22.6,8633.5,1.6,0.9,0.8,4.09,4.58,3.64
2025-26,1631102,TyTy Washington Jr.,1610612746,LAC,16,8,8,5.5,5.5,2140.4,0.4,0.2,0.2,4.08,4.4,3.79
2025-26,1631174,Tyler Burton,1610612763,MEM,12,2,10,25.6,25.6,11537.4,2.2,1.1,1.1,4.79,5.02,4.56
2025-26,1629639,Tyler Herro,1610612748,MIA,33,14,19,31.3,31.3,12970.5,2.5,1.3,1.1,4.5,5.1,3.97
2025-26,1642278,Tyler Kolek,1610612752,NYK,62,39,23,11.7,11.7,4961.1,0.9,0.5,0.4,4.6,4.94,4.22
2025-26,1641890,Tyler Smith,1610612742,DAL,12,2,10,13.8,13.8,6024.8,1.1,0.6,0.5,4.61,4.91,4.33
2025-26,1631213,Tyrese Martin,1610612755,PHI,46,12,34,16.9,16.9,6831.4,1.3,0.7,0.6,4.6,4.92,4.28
2025-26,1630178,Tyrese Maxey,1610612755,PHI,70,38,32,38.0,38.0,14703.6,2.8,1.6,1.2,4.26,4.69,3.81
2025-26,1642878,Tyrese Proctor,1610612739,CLE,50,33,17,10.9,10.9,4481.2,0.8,0.4,0.4,4.54,4.9,4.19
2025-26,1630623,Tyson Etienne,1610612751,BKN,24,5,19,15.8,15.8,7019.3,1.3,0.7,0.6,4.72,4.96,4.48
2025-26,1626145,Tyus Jones,1610612743,DEN,67,37,30,14.6,14.6,5714.4,1.1,0.6,0.5,4.36,4.61,4.09
2025-26,1642845,VJ Edgecombe,1610612755,PHI,75,43,32,35.0,35.0,13577.7,2.6,1.4,1.2,4.25,4.57,3.93
2025-26,1641705,Victor Wembanyama,1610612759,SAS,64,50,14,29.2,29.2,11205.8,2.1,1.1,1.0,4.19,4.58,3.85
2025-26,1631246,Vince Williams Jr.,1610612762,UTA,40,16,24,20.5,20.5,8239.4,1.6,0.8,0.7,4.56,4.93,4.21
2025-26,1642884,Vladislav Goldin,1610612748,MIA,9,5,4,2.7,2.7,1221.7,0.2,0.1,0.1,4.72,5.01,4.44
2025-26,1630249,Vít Krejčí,1610612757,POR,65,32,33,21.4,21.4,8634.3,1.6,0.9,0.8,4.44,4.84,4.05
2025-26,1631117,Walker Kessler,1610612762,UTA,5,2,3,30.8,30.8,11020.4,2.1,1.1,1.0,4.17,4.31,4.12
2025-26,1642383,Walter Clayton Jr.,1610612763,MEM,69,17,52,20.4,20.4,8370.7,1.6,0.8,0.7,4.43,4.77,4.1
2025-26,1628976,Wendell Carter Jr.,1610612753,ORL,78,43,35,29.3,29.3,10822.5,2.0,1.1,1.0,4.06,4.28,3.83
2025-26,1631111,Wendell Moore Jr.,1610612765,DET,6,5,1,9.9,9.9,4037.0,0.8,0.4,0.4,4.69,4.92,4.47
2025-26,1642954,Will Richard,1610612744,GSW,69,34,35,20.0,20.0,7690.7,1.5,0.8,0.7,4.21,4.3,4.11
2025-26,1642860,Will Riley,1610612764,WAS,74,16,58,22.1,22.1,9202.5,1.7,0.9,0.8,4.51,4.86,4.16
2025-26,1630214,Xavier Tillman,1610612766,CHA,30,21,9,6.1,6.1,2276.2,0.4,0.2,0.2,4.09,4.2,3.96
2025-26,1642905,Yang Hansen,1610612757,POR,43,24,19,7.0,7.0,2576.3,0.5,0.3,0.2,4.04,4.1,3.93
2025-26,1642949,Yanic Konan Niederhäuser,1610612746,LAC,41,22,19,10.3,10.3,4211.9,0.8,0.4,0.4,4.34,4.51,4.15
2025-26,1642530,Yuki Kawamura,1610612741,CHI,18,6,12,11.6,11.6,5066.5,1.0,0.5,0.5,4.61,4.95,4.24
2025-26,1642274,Yves Missi,1610612740,NOP,66,19,47,19.7,19.7,7548.1,1.4,0.7,0.7,4.21,4.38,4.04
2025-26,1642258,Zaccharie Risacher,1610612737,ATL,67,39,28,22.4,22.4,9421.1,1.8,0.9,0.9,4.68,4.96,4.42
2025-26,1628380,Zach Collins,1610612741,CHI,10,6,4,18.4,18.4,7314.4,1.4,0.7,0.7,4.44,4.9,4.02
2025-26,1641744,Zach Edey,1610612763,MEM,11,7,4,25.8,25.8,8994.0,1.7,0.9,0.8,4.16,4.4,3.92
2025-26,203897,Zach LaVine,1610612758,SAC,39,9,30,31.4,31.4,12045.5,2.3,1.3,1.0,4.39,4.76,4.01
2025-26,1630192,Zeke Nnaji,1610612743,DEN,52,38,14,12.0,12.0,4699.3,0.9,0.5,0.4,4.21,4.32,4.08
2025-26,1630533,Ziaire Williams,1610612751,BKN,56,13,43,22.9,22.9,9054.7,1.7,0.9,0.8,4.35,4.44,4.26
2025-26,1629627,Zion Williamson,1610612740,NOP,62,22,40,29.7,29.7,11928.5,2.3,1.2,1.1,4.33,4.7,3.97
2025-26,1642389,Zyon Pullin,1610612750,MIN,5,4,1,8.5,8.5,3743.4,0.7,0.4,0.3,4.44,4.68,4.43
