Season,PLAYER_ID,PLAYER_NAME,TEAM_ID,TEAM_ABBREVIATION,GP,W,L,MIN,PASSES_MADE,PASSES_RECEIVED,AST,FT_AST,SECONDARY_AST,POTENTIAL_AST,AST_POINTS_CREATED,AST_ADJ,AST_TO_PASS_PCT,AST_TO_PASS_PCT_ADJ
2025-26,1630639,A.J. Lawson,1610612761,TOR,24,12,12,9.4,7.7,7.1,0.3,0.1,0.0,0.8,0.8,0.4,0.038,0.054
2025-26,1631260,AJ Green,1610612749,MIL,78,31,47,29.1,34.4,28.1,1.9,0.2,0.4,3.5,5.3,2.5,0.057,0.073
2025-26,1642358,AJ Johnson,1610612742,DAL,48,9,39,9.4,9.9,11.8,1.0,0.0,0.1,2.0,2.4,1.1,0.099,0.113
2025-26,203932,Aaron Gordon,1610612743,DEN,36,27,9,27.9,32.4,32.9,2.7,0.3,0.3,4.9,7.1,3.3,0.082,0.1
2025-26,1628988,Aaron Holiday,1610612745,HOU,57,38,19,13.7,14.2,15.8,1.1,0.1,0.2,2.1,2.9,1.4,0.074,0.1
2025-26,1630174,Aaron Nesmith,1610612754,IND,45,10,35,29.7,34.7,34.4,1.9,0.2,0.4,3.4,5.1,2.5,0.055,0.072
2025-26,1630598,Aaron Wiggins,1610612760,OKC,65,50,15,21.8,22.4,23.6,1.7,0.2,0.4,3.3,4.5,2.3,0.075,0.101
2025-26,1642846,Ace Bailey,1610612762,UTA,72,19,53,27.6,18.4,24.0,1.8,0.2,0.3,3.4,4.9,2.3,0.099,0.125
2025-26,1642380,Adama Bal,1610612763,MEM,8,1,7,30.2,25.4,24.3,2.4,0.0,0.1,3.8,5.9,2.5,0.094,0.099
2025-26,1641737,Adem Bona,1610612755,PHI,71,41,30,17.4,12.3,8.1,0.5,0.0,0.1,0.8,1.2,0.6,0.037,0.047
2025-26,1642876,Adou Thiero,1610612747,LAL,25,15,10,6.0,5.3,3.7,0.4,0.0,0.0,0.6,1.2,0.4,0.075,0.083
2025-26,1642349,Ajay Mitchell,1610612760,OKC,57,50,7,25.8,30.9,36.2,3.6,0.3,0.6,6.9,9.5,4.5,0.117,0.145
2025-26,201143,Al Horford,1610612744,GSW,45,22,23,21.5,34.5,30.0,2.6,0.1,0.6,5.0,6.7,3.3,0.075,0.097
2025-26,1630828,Alex Antetokounmpo,1610612749,MIL,6,2,4,3.4,2.3,3.5,0.2,0.0,0.0,0.2,0.3,0.2,0.071,0.071
2025-26,1627936,Alex Caruso,1610612760,OKC,56,47,9,18.2,22.0,18.3,2.0,0.1,0.2,3.1,4.9,2.3,0.089,0.105
2025-26,1631457,Alex Morales,1610612753,ORL,4,3,1,5.9,6.3,7.0,1.0,0.0,0.0,1.0,2.5,1.0,0.16,0.16
2025-26,1642259,Alex Sarr,1610612764,WAS,48,11,37,27.2,39.1,35.5,2.7,0.2,0.4,4.5,7.4,3.3,0.069,0.084
2025-26,1642918,Alijah Martin,1610612761,TOR,23,10,13,6.3,5.9,6.2,0.5,0.0,0.0,0.8,1.3,0.6,0.089,0.096
2025-26,1631214,Alondes Williams,1610612764,WAS,4,2,2,25.2,19.0,16.8,3.0,0.0,0.8,3.8,7.0,3.8,0.158,0.197
2025-26,1630578,Alperen Sengun,1610612745,HOU,72,46,26,33.3,47.7,52.8,6.2,0.6,0.6,11.0,15.9,7.3,0.13,0.153
2025-26,1642873,Amari Williams,1610612738,BOS,22,15,7,6.6,6.3,5.2,0.5,0.0,0.0,0.8,1.3,0.5,0.072,0.079
2025-26,1641708,Amen Thompson,1610612745,HOU,79,49,30,37.4,53.2,54.6,5.3,0.4,0.9,9.7,14.1,6.6,0.1,0.124
2025-26,1629599,Amir Coffey,1610612756,PHX,46,20,26,10.7,7.7,6.9,0.6,0.0,0.1,0.9,1.5,0.7,0.076,0.085
2025-26,1643158,Andersson Garcia,1610612762,UTA,5,1,4,33.8,33.2,19.8,2.8,0.2,0.6,4.2,7.4,3.6,0.084,0.108
2025-26,203083,Andre Drummond,1610612755,PHI,63,33,30,19.5,15.7,12.0,1.3,0.0,0.2,1.7,3.0,1.4,0.081,0.092
2025-26,1641748,Andre Jackson Jr.,1610612749,MIL,48,12,36,8.5,13.6,11.3,0.9,0.1,0.1,1.7,2.5,1.0,0.066,0.077
2025-26,1629614,Andrew Nembhard,1610612754,IND,57,13,44,31.3,67.4,76.8,7.7,0.6,0.9,13.2,19.9,9.2,0.114,0.137
2025-26,203952,Andrew Wiggins,1610612748,MIA,68,35,33,30.3,27.8,29.6,2.7,0.2,0.6,4.6,7.0,3.5,0.096,0.124
2025-26,1629014,Anfernee Simons,1610612741,CHI,55,31,24,24.9,29.7,36.6,2.4,0.1,0.5,4.7,6.5,3.1,0.082,0.103
2025-26,1641710,Anthony Black,1610612753,ORL,64,36,28,29.8,39.3,44.0,3.7,0.4,0.5,6.3,9.4,4.5,0.094,0.114
2025-26,203076,Anthony Davis,1610612764,WAS,20,10,10,31.3,37.2,37.2,2.8,0.1,0.3,4.3,6.7,3.2,0.075,0.085
2025-26,1630162,Anthony Edwards,1610612750,MIN,61,37,24,35.0,44.0,58.0,3.7,0.4,0.9,6.5,9.6,5.0,0.084,0.113
2025-26,1630264,Anthony Gill,1610612764,WAS,55,6,49,17.3,15.9,13.4,1.3,0.1,0.1,2.1,3.1,1.4,0.079,0.088
2025-26,1641810,Antonio Reeves,1610612766,CHA,10,4,6,6.8,4.8,4.3,0.3,0.0,0.1,0.7,0.8,0.4,0.063,0.083
2025-26,1630574,Ariel Hukporti,1610612752,NYK,54,35,19,9.2,7.1,6.2,0.5,0.0,0.0,1.0,1.4,0.6,0.076,0.087
2025-26,1642854,Asa Newell,1610612737,ATL,44,23,21,11.4,10.3,8.8,0.6,0.1,0.1,1.2,1.6,0.8,0.058,0.078
2025-26,1641709,Ausar Thompson,1610612765,DET,73,53,20,26.0,28.8,27.6,3.1,0.3,0.3,5.1,8.1,3.7,0.109,0.13
2025-26,1630559,Austin Reaves,1610612747,LAL,51,36,15,34.5,49.0,56.1,5.5,0.5,0.8,8.5,13.5,6.8,0.112,0.139
2025-26,1630245,Ayo Dosunmu,1610612750,MIN,69,36,33,27.3,39.1,41.2,3.6,0.3,0.6,6.2,9.5,4.5,0.092,0.115
2025-26,1628389,Bam Adebayo,1610612748,MIA,73,37,36,32.4,36.6,35.8,3.2,0.2,0.5,4.8,8.4,3.9,0.087,0.106
2025-26,1631248,Baylor Scheierman,1610612738,BOS,77,54,23,18.6,15.8,12.4,1.5,0.2,0.2,2.8,4.2,1.9,0.095,0.121
2025-26,1642879,Ben Saraf,1610612751,BKN,44,10,34,20.8,36.5,39.5,3.3,0.3,0.3,6.4,8.8,4.0,0.09,0.108
2025-26,1641767,Ben Sheppard,1610612754,IND,65,16,49,21.4,26.4,23.0,1.8,0.1,0.4,3.0,4.4,2.2,0.066,0.083
2025-26,1631097,Bennedict Mathurin,1610612746,LAC,54,22,32,30.0,31.8,37.8,2.4,0.2,0.6,4.3,6.1,3.1,0.075,0.098
2025-26,1643016,Bez Mbeng,1610612762,UTA,15,2,13,32.8,31.6,27.1,4.1,0.5,0.4,7.4,10.3,5.0,0.131,0.158
2025-26,1641731,Bilal Coulibaly,1610612764,WAS,56,14,42,26.2,31.3,31.6,2.6,0.1,0.3,3.9,6.6,3.0,0.083,0.097
2025-26,202687,Bismack Biyombo,1610612759,SAS,25,20,5,5.7,5.4,3.0,0.2,0.0,0.0,0.3,0.6,0.2,0.037,0.044
2025-26,1642396,Blake Hinson,1610612762,UTA,14,4,10,20.4,16.4,18.3,1.1,0.1,0.1,1.6,2.6,1.4,0.07,0.083
2025-26,1631104,Blake Wesley,1610612757,POR,31,20,11,11.6,18.3,19.9,2.0,0.1,0.3,4.0,5.3,2.4,0.109,0.13
2025-26,1626171,Bobby Portis,1610612749,MIL,67,26,41,24.2,33.0,27.4,1.6,0.1,0.2,2.7,4.1,1.9,0.047,0.057
2025-26,1641752,Bobi Klintman,1610612765,DET,12,8,4,5.9,5.4,4.3,0.5,0.0,0.0,0.7,1.2,0.5,0.092,0.092
2025-26,203992,Bogdan Bogdanović,1610612746,LAC,23,8,15,19.7,24.8,24.1,2.2,0.3,0.5,3.9,6.3,3.0,0.089,0.121
2025-26,1630538,Bones Hyland,1610612750,MIN,71,42,29,16.6,29.9,32.3,2.6,0.2,0.5,4.2,6.7,3.3,0.088,0.111
2025-26,203078,Bradley Beal,1610612746,LAC,6,2,4,20.2,18.5,24.3,1.7,0.2,0.0,2.7,4.5,1.8,0.09,0.099
2025-26,1642382,Branden Carlson,1610612760,OKC,42,32,10,11.6,12.1,9.2,0.7,0.0,0.0,0.9,1.7,0.7,0.057,0.061
2025-26,1641764,Brandin Podziemski,1610612744,GSW,82,37,45,28.4,44.8,47.0,3.7,0.2,0.9,7.9,10.1,4.8,0.083,0.107
2025-26,1629634,Brandon Clarke,1610612763,MEM,2,1,1,10.2,7.5,8.5,0.5,0.0,0.0,1.5,1.5,0.5,0.067,0.067
2025-26,1627742,Brandon Ingram,1610612761,TOR,77,43,34,33.8,32.3,41.8,3.7,0.2,0.6,7.5,9.6,4.5,0.114,0.139
2025-26,1641706,Brandon Miller,1610612766,CHA,65,41,24,30.3,37.7,43.5,3.3,0.4,0.6,6.3,9.1,4.3,0.088,0.113
2025-26,1630314,Brandon Williams,1610612742,DAL,66,23,43,22.2,32.7,38.3,3.9,0.4,0.5,7.3,9.9,4.8,0.119,0.148
2025-26,1641729,Brice Sensabaugh,1610612762,UTA,75,18,57,23.5,21.9,26.1,1.9,0.3,0.3,3.7,5.0,2.5,0.087,0.116
2025-26,1642355,Bronny James,1610612747,LAL,42,24,18,8.9,13.5,14.5,1.2,0.1,0.2,2.0,3.0,1.5,0.09,0.11
2025-26,201572,Brook Lopez,1610612746,LAC,75,41,34,21.8,16.7,17.7,1.3,0.1,0.1,2.2,3.5,1.5,0.077,0.093
2025-26,1642964,Brooks Barnhizer,1610612760,OKC,40,29,11,8.7,7.5,5.6,0.6,0.0,0.1,1.2,1.5,0.7,0.073,0.09
2025-26,1628971,Bruce Brown,1610612743,DEN,82,54,28,24.4,27.8,25.9,2.1,0.3,0.3,3.6,5.6,2.7,0.076,0.097
2025-26,1631121,Bryce McGowens,1610612740,NOP,42,14,28,21.0,19.6,16.3,1.5,0.2,0.1,2.2,3.8,1.8,0.075,0.091
2025-26,1642267,Bub Carrington,1610612764,WAS,82,17,65,27.7,45.9,44.7,4.6,0.5,0.3,8.4,11.6,5.4,0.101,0.118
2025-26,1631205,Buddy Boeheim,1610612760,OKC,4,2,2,3.8,1.5,2.5,0.0,0.3,0.0,0.3,0.5,0.3,0.0,0.167
2025-26,1627741,Buddy Hield,1610612737,ATL,51,25,26,16.1,21.5,20.4,1.4,0.3,0.3,2.6,4.0,2.0,0.065,0.092
2025-26,1643047,CJ Huntley,1610612756,PHX,4,3,1,10.1,5.0,4.8,0.5,0.0,0.0,0.8,1.3,0.5,0.1,0.1
2025-26,203468,CJ McCollum,1610612737,ATL,76,37,39,29.8,37.2,48.4,3.9,0.4,0.5,7.6,10.4,4.7,0.104,0.127
2025-26,1630595,Cade Cunningham,1610612765,DET,64,47,17,33.9,60.6,70.5,9.9,1.2,1.1,17.3,25.4,12.2,0.163,0.202
2025-26,1631216,Caleb Houstan,1610612737,ATL,18,12,6,4.2,3.3,3.7,0.2,0.1,0.1,0.8,0.6,0.3,0.068,0.102
2025-26,1631126,Caleb Love,1610612757,POR,49,24,25,20.7,24.8,30.3,2.5,0.2,0.3,4.1,6.5,3.0,0.101,0.122
2025-26,1628997,Caleb Martin,1610612742,DAL,58,20,38,14.8,12.8,11.1,1.4,0.2,0.2,2.5,3.8,1.7,0.109,0.136
2025-26,1642353,Cam Christie,1610612746,LAC,55,26,29,8.7,9.0,8.8,0.6,0.0,0.2,1.0,1.5,0.8,0.063,0.089
2025-26,1642285,Cam Spencer,1610612763,MEM,72,23,49,23.8,41.7,44.5,5.6,0.5,0.6,9.5,14.2,6.6,0.133,0.159
2025-26,1630560,Cam Thomas,1610612749,MIL,42,12,30,21.0,24.7,34.9,2.6,0.1,0.5,4.8,6.5,3.1,0.104,0.125
2025-26,1641715,Cam Whitmore,1610612764,WAS,21,3,18,16.9,10.5,14.3,0.7,0.0,0.0,1.4,1.8,0.7,0.068,0.068
2025-26,1629661,Cameron Johnson,1610612743,DEN,54,37,17,30.5,25.9,26.4,2.4,0.2,0.4,4.3,6.2,3.0,0.094,0.115
2025-26,1626166,Cameron Payne,1610612755,PHI,22,12,10,17.0,31.4,31.1,2.6,0.2,0.5,4.3,6.1,3.3,0.084,0.106
2025-26,1627747,Caris LeVert,1610612765,DET,60,44,16,19.2,25.2,26.5,2.7,0.3,0.2,5.2,6.8,3.1,0.105,0.124
2025-26,1642868,Carter Bryant,1610612759,SAS,71,56,15,11.5,9.6,8.7,0.7,0.1,0.1,1.3,1.7,0.8,0.069,0.083
2025-26,1641717,Cason Wallace,1610612760,OKC,77,61,16,26.6,26.8,25.5,2.6,0.3,0.4,5.2,6.9,3.2,0.097,0.12
2025-26,1642907,Cedric Coward,1610612763,MEM,62,20,42,25.8,40.0,31.9,2.8,0.3,0.4,4.6,7.2,3.4,0.069,0.085
2025-26,1643052,Chaney Johnson,1610612751,BKN,17,4,13,20.4,21.8,17.6,2.1,0.1,0.2,3.1,5.6,2.4,0.097,0.111
2025-26,1629646,Charles Bassey,1610612744,GSW,13,4,9,11.7,14.3,8.9,0.5,0.0,0.1,1.0,1.4,0.6,0.038,0.043
2025-26,1642404,Chaz Lanier,1610612765,DET,34,28,6,7.7,4.5,6.0,0.5,0.1,0.0,0.5,1.2,0.6,0.11,0.123
2025-26,1631096,Chet Holmgren,1610612760,OKC,69,56,13,28.9,29.5,23.2,1.7,0.1,0.1,2.6,4.1,1.9,0.057,0.065
2025-26,1628449,Chris Boucher,1610612738,BOS,9,4,5,10.5,9.1,7.0,0.3,0.0,0.1,0.7,1.0,0.4,0.037,0.049
2025-26,1641753,Chris Livingston,1610612739,CLE,3,2,1,5.8,4.7,5.3,0.3,0.0,0.0,0.3,0.7,0.3,0.071,0.071
2025-26,1643024,Chris Mañon,1610612747,LAL,9,4,5,5.1,5.2,2.4,0.3,0.2,0.0,0.8,0.8,0.6,0.064,0.106
2025-26,101108,Chris Paul,1610612746,LAC,16,4,12,14.2,26.1,27.1,3.3,0.3,0.3,6.8,9.1,3.9,0.127,0.151
2025-26,1642959,Chris Youngblood,1610612757,POR,34,29,5,5.4,3.2,3.4,0.4,0.0,0.1,0.4,0.9,0.4,0.111,0.139
2025-26,1631128,Christian Braun,1610612743,DEN,44,29,15,31.8,35.8,31.3,2.7,0.3,0.3,4.3,7.2,3.3,0.076,0.093
2025-26,1631132,Christian Koloko,1610612737,ATL,27,16,11,13.2,11.5,7.9,0.7,0.1,0.1,1.1,1.8,0.9,0.058,0.077
2025-26,1642935,Chucky Hepburn,1610612761,TOR,2,0,2,6.6,11.5,14.0,1.0,0.0,0.0,2.5,2.5,1.0,0.087,0.087
2025-26,203991,Clint Capela,1610612745,HOU,75,47,28,12.3,11.5,7.3,0.7,0.0,0.1,1.1,1.7,0.8,0.058,0.072
2025-26,1629632,Coby White,1610612766,CHA,50,29,21,25.0,33.4,43.5,4.0,0.2,0.6,7.1,10.5,4.7,0.12,0.142
2025-26,1628998,Cody Martin,1610612754,IND,4,0,4,13.8,14.3,10.8,0.5,0.3,0.3,1.8,1.8,1.0,0.035,0.07
2025-26,1642262,Cody Williams,1610612762,UTA,67,16,51,24.3,23.1,21.8,2.0,0.0,0.3,3.1,5.0,2.3,0.089,0.102
2025-26,1641732,Colby Jones,1610612765,DET,1,0,1,6.8,8.0,6.0,2.0,1.0,0.0,4.0,5.0,3.0,0.25,0.375
2025-26,1630175,Cole Anthony,1610612749,MIL,35,12,23,15.0,26.4,31.0,3.5,0.4,0.3,6.4,9.3,4.2,0.131,0.158
2025-26,1630658,Colin Castleton,1610612753,ORL,4,3,1,5.3,5.8,3.8,0.3,0.0,0.0,0.5,0.5,0.3,0.043,0.043
2025-26,1631221,Collin Gillespie,1610612756,PHX,80,43,37,28.5,45.9,47.3,4.6,0.3,1.0,7.9,11.9,5.9,0.101,0.129
2025-26,1642867,Collin Murray-Boyles,1610612761,TOR,57,31,26,21.9,24.9,19.5,1.9,0.1,0.2,3.1,4.8,2.2,0.075,0.086
2025-26,1629012,Collin Sexton,1610612741,CHI,68,25,43,23.7,31.3,40.6,3.3,0.4,0.4,6.0,8.4,4.1,0.105,0.13
2025-26,1642843,Cooper Flagg,1610612742,DAL,70,22,48,33.5,43.9,45.7,4.5,0.2,0.6,8.0,11.2,5.2,0.103,0.119
2025-26,1630557,Corey Kispert,1610612737,ATL,58,27,31,18.6,16.4,17.2,1.6,0.1,0.2,2.7,4.1,1.9,0.096,0.115
2025-26,1642504,Cormac Ryan,1610612749,MIL,11,2,9,24.6,22.8,28.5,1.7,0.2,0.5,4.0,4.5,2.4,0.076,0.104
2025-26,1641854,Craig Porter Jr.,1610612739,CLE,64,43,21,17.9,28.5,25.1,3.2,0.3,0.4,6.2,8.3,4.0,0.113,0.139
2025-26,1642938,Curtis Jones,1610612743,DEN,10,8,2,8.8,9.8,9.6,1.0,0.3,0.0,1.3,3.1,1.3,0.102,0.133
2025-26,1626156,D'Angelo Russell,1610612764,WAS,26,9,17,19.0,32.8,34.3,4.0,0.6,0.4,6.8,10.8,5.0,0.122,0.154
2025-26,1629610,DaQuan Jeffries,1610612758,SAC,3,0,3,20.0,10.0,13.3,0.3,0.0,0.0,1.0,1.0,0.3,0.033,0.033
2025-26,1641747,DaRon Holmes II,1610612743,DEN,25,17,8,8.4,7.8,7.8,0.6,0.1,0.0,1.2,1.8,0.8,0.082,0.103
2025-26,1631342,Daeqwon Plowden,1610612758,SAC,32,9,23,26.4,23.7,23.4,1.3,0.0,0.3,2.5,3.2,1.6,0.054,0.066
2025-26,1630625,Dalano Banton,1610612738,BOS,6,4,2,10.3,16.7,17.7,1.8,0.5,0.0,3.3,5.8,2.3,0.11,0.14
2025-26,1631207,Dalen Terry,1610612755,PHI,48,22,26,11.5,14.9,13.7,1.4,0.0,0.2,2.6,3.5,1.6,0.092,0.109
2025-26,1642261,Dalton Knecht,1610612747,LAL,54,34,20,10.2,8.7,8.5,0.4,0.1,0.0,0.8,1.1,0.5,0.045,0.056
2025-26,1629655,Daniel Gafford,1610612742,DAL,55,12,43,21.7,19.6,13.8,1.1,0.1,0.1,1.7,2.6,1.2,0.054,0.061
2025-26,1642450,Daniss Jenkins,1610612765,DET,72,54,18,20.2,32.7,37.2,3.9,0.5,0.4,7.1,10.1,4.8,0.118,0.147
2025-26,1642874,Danny Wolf,1610612751,BKN,57,14,43,20.8,24.9,23.2,2.2,0.3,0.2,3.9,5.8,2.7,0.089,0.108
2025-26,203967,Dario Saric,1610612758,SAC,5,1,4,8.3,6.2,4.6,0.4,0.0,0.2,0.4,1.0,0.6,0.065,0.097
2025-26,1641727,Dariq Whitehead,1610612763,MEM,6,0,6,30.5,28.3,34.2,1.5,0.2,0.2,3.0,4.0,1.8,0.053,0.065
2025-26,1642468,Darius Brown,1610612739,CLE,1,1,0,2.7,4.0,4.0,0.0,1.0,0.0,2.0,2.0,1.0,0.0,0.25
2025-26,1629636,Darius Garland,1610612746,LAC,45,26,19,29.9,44.9,55.4,6.7,0.5,0.8,11.7,16.8,8.0,0.149,0.179
2025-26,1642357,David Jones Garcia,1610612759,SAS,11,7,4,6.2,8.2,9.0,1.6,0.0,0.3,1.6,3.6,1.8,0.2,0.222
2025-26,1631223,David Roddy,1610612743,DEN,5,4,1,14.6,15.6,12.6,0.8,0.4,0.0,1.8,2.8,1.2,0.051,0.077
2025-26,1630558,Davion Mitchell,1610612748,MIA,70,37,33,28.6,54.4,54.5,6.5,0.7,1.0,11.4,17.4,8.1,0.119,0.15
2025-26,1630549,Day'Ron Sharpe,1610612751,BKN,62,17,45,18.7,26.1,21.9,2.3,0.2,0.1,3.8,6.3,2.7,0.09,0.103
2025-26,1628368,De'Aaron Fox,1610612759,SAS,72,55,17,31.0,45.4,52.4,6.2,0.7,0.8,11.3,16.8,7.7,0.136,0.17
2025-26,1629631,De'Andre Hunter,1610612758,SAC,45,24,21,26.1,25.3,27.2,2.0,0.3,0.5,4.0,5.3,2.8,0.079,0.109
2025-26,1629001,De'Anthony Melton,1610612744,GSW,49,22,27,23.0,35.2,37.3,2.6,0.3,0.6,5.4,6.8,3.5,0.073,0.099
2025-26,201599,DeAndre Jordan,1610612740,NOP,12,6,6,16.6,15.8,9.7,0.9,0.2,0.0,1.8,2.5,1.1,0.058,0.069
2025-26,1630610,DeJon Jarreau,1610612763,MEM,11,2,9,21.0,36.1,32.3,3.3,0.2,0.1,6.2,8.8,3.5,0.091,0.098
2025-26,201942,DeMar DeRozan,1610612758,SAC,77,20,57,31.2,25.1,37.6,4.1,0.2,0.6,8.0,10.6,4.9,0.163,0.197
2025-26,1629731,Dean Wade,1610612739,CLE,59,36,23,22.3,22.7,15.6,1.5,0.1,0.3,2.5,3.9,1.8,0.066,0.081
2025-26,1629028,Deandre Ayton,1610612747,LAL,72,46,26,27.2,26.3,17.3,0.8,0.1,0.2,1.6,2.1,1.1,0.031,0.041
2025-26,1627749,Dejounte Murray,1610612740,NOP,14,5,9,27.8,47.4,51.1,6.4,1.0,1.0,11.4,16.6,8.4,0.134,0.176
2025-26,1630166,Deni Avdija,1610612757,POR,66,35,31,33.3,57.3,63.6,6.7,0.5,1.0,13.4,17.9,8.1,0.117,0.142
2025-26,203471,Dennis Schröder,1610612739,CLE,70,29,41,24.2,43.0,45.9,4.9,0.4,0.4,7.8,12.3,5.6,0.113,0.131
2025-26,1641726,Dereck Lively II,1610612742,DAL,7,3,4,16.5,19.7,13.3,1.9,0.6,0.3,2.4,5.0,2.7,0.094,0.138
2025-26,1642852,Derik Queen,1610612740,NOP,81,26,55,25.0,35.6,28.6,3.7,0.4,0.3,5.7,9.5,4.4,0.103,0.123
2025-26,1627884,Derrick Jones Jr.,1610612746,LAC,50,26,24,27.0,23.7,21.1,1.4,0.1,0.1,1.9,3.5,1.6,0.058,0.067
2025-26,1628401,Derrick White,1610612738,BOS,77,52,25,34.1,58.3,59.3,5.4,0.4,0.6,9.4,13.9,6.4,0.092,0.11
2025-26,1630217,Desmond Bane,1610612753,ORL,82,45,37,33.6,38.9,46.7,4.1,0.4,0.6,7.3,10.7,5.1,0.106,0.13
2025-26,1626164,Devin Booker,1610612756,PHX,64,37,27,33.5,36.0,57.0,6.0,0.6,1.2,12.3,16.5,7.8,0.168,0.217
2025-26,1642269,Devin Carter,1610612758,SAC,38,8,30,18.4,27.0,29.1,2.7,0.3,0.2,4.9,6.6,3.2,0.098,0.117
2025-26,1630170,Devin Vassell,1610612759,SAS,67,52,15,30.5,28.7,30.4,2.5,0.2,0.5,4.3,6.4,3.2,0.087,0.111
2025-26,1628415,Dillon Brooks,1610612756,PHX,56,32,24,30.4,20.3,32.7,1.8,0.2,0.3,2.8,4.7,2.3,0.087,0.111
2025-26,1641794,Dillon Jones,1610612752,NYK,7,5,2,5.6,6.9,5.1,0.6,0.0,0.0,0.9,1.3,0.6,0.083,0.083
2025-26,1627734,Domantas Sabonis,1610612758,SAC,19,3,16,29.7,47.0,36.7,4.1,0.4,0.4,7.1,10.0,4.9,0.087,0.104
2025-26,1631230,Dominick Barlow,1610612755,PHI,71,40,31,23.8,20.1,16.1,1.2,0.1,0.3,1.8,3.3,1.6,0.061,0.078
2025-26,1642270,Donovan Clingan,1610612757,POR,77,41,36,27.2,29.9,21.8,2.1,0.2,0.2,3.1,5.2,2.5,0.07,0.083
2025-26,1628378,Donovan Mitchell,1610612739,CLE,70,45,25,33.5,41.7,55.3,5.7,0.7,1.0,11.1,15.0,7.4,0.136,0.178
2025-26,1628978,Donte DiVincenzo,1610612750,MIN,82,49,33,30.4,41.2,37.5,3.8,0.4,0.6,5.8,9.5,4.8,0.093,0.117
2025-26,1627827,Dorian Finney-Smith,1610612745,HOU,37,23,14,16.8,15.4,11.2,1.0,0.1,0.1,1.6,2.4,1.1,0.063,0.07
2025-26,203926,Doug McDermott,1610612758,SAC,29,8,21,15.1,14.0,14.0,0.8,0.1,0.1,1.7,2.0,1.0,0.054,0.071
2025-26,1642962,Drake Powell,1610612751,BKN,63,16,47,20.9,21.6,20.5,1.4,0.1,0.3,3.3,4.0,1.8,0.067,0.084
2025-26,203110,Draymond Green,1610612744,GSW,68,31,37,27.5,57.3,48.6,5.5,0.6,0.5,10.3,14.6,6.7,0.097,0.116
2025-26,1629234,Drew Eubanks,1610612758,SAC,42,10,32,13.1,10.7,9.6,0.5,0.0,0.0,0.9,1.1,0.5,0.042,0.049
2025-26,1641809,Drew Peterson,1610612766,CHA,6,1,5,10.7,10.3,7.0,0.3,0.0,0.0,1.0,0.8,0.3,0.032,0.032
2025-26,1631166,Drew Timme,1610612747,LAL,27,18,9,8.7,10.4,9.6,0.9,0.0,0.0,1.3,1.9,0.9,0.082,0.089
2025-26,1630696,Dru Smith,1610612748,MIA,70,38,32,16.3,26.2,24.7,2.6,0.2,0.4,4.3,6.5,3.1,0.098,0.119
2025-26,1629130,Duncan Robinson,1610612765,DET,77,58,19,27.4,22.1,24.4,2.1,0.2,0.2,3.4,5.1,2.5,0.093,0.115
2025-26,1641871,Duop Reath,1610612757,POR,32,16,16,8.1,6.7,5.8,0.3,0.0,0.1,0.6,0.8,0.4,0.047,0.066
2025-26,203939,Dwight Powell,1610612742,DAL,63,19,44,14.4,14.4,9.5,1.1,0.0,0.1,1.8,2.7,1.3,0.075,0.087
2025-26,1642928,Dylan Cardwell,1610612758,SAC,44,13,31,20.6,18.0,12.2,1.4,0.1,0.2,2.8,3.5,1.7,0.078,0.092
2025-26,1642844,Dylan Harper,1610612759,SAS,69,53,16,22.6,34.5,37.3,3.9,0.3,0.9,7.2,10.2,5.1,0.112,0.147
2025-26,1630700,Dyson Daniels,1610612737,ATL,76,44,32,33.2,50.3,46.6,5.9,0.5,0.7,9.6,15.4,7.1,0.118,0.142
2025-26,1630604,E.J. Liddell,1610612751,BKN,26,5,21,13.4,13.1,12.5,0.9,0.1,0.1,1.6,2.5,1.1,0.07,0.082
2025-26,1642856,Egor Dëmin,1610612751,BKN,52,14,38,25.2,41.8,38.9,3.3,0.4,0.5,6.9,9.4,4.2,0.08,0.1
2025-26,1641989,Elijah Harkless,1610612762,UTA,26,5,21,21.0,25.8,25.8,2.9,0.0,0.2,4.8,7.2,3.2,0.112,0.122
2025-26,1641801,Emanuel Miller,1610612759,SAS,5,0,5,6.6,6.0,6.0,0.8,0.0,0.0,0.2,1.6,0.8,0.133,0.133
2025-26,1642402,Enrique Freeman,1610612750,MIN,4,3,1,9.3,6.3,4.5,0.5,0.0,0.0,0.3,1.0,0.5,0.08,0.08
2025-26,201569,Eric Gordon,1610612755,PHI,6,3,3,12.3,12.3,13.5,0.5,0.0,0.0,0.8,1.0,0.5,0.041,0.041
2025-26,1630679,Ethan Thompson,1610612754,IND,32,8,24,20.4,22.1,21.4,1.8,0.2,0.3,3.0,4.6,2.3,0.081,0.105
2025-26,1630596,Evan Mobley,1610612739,CLE,65,40,25,31.9,45.9,38.1,3.6,0.3,0.4,6.8,9.4,4.3,0.078,0.093
2025-26,1630532,Franz Wagner,1610612753,ORL,34,20,14,30.0,33.5,38.9,3.3,0.6,0.3,6.4,9.0,4.2,0.099,0.126
2025-26,1641713,GG Jackson,1610612763,MEM,55,16,39,21.4,25.5,23.9,1.5,0.1,0.2,2.5,3.7,1.8,0.058,0.069
2025-26,1629216,Gabe Vincent,1610612737,ATL,53,36,17,16.6,17.5,17.9,1.4,0.1,0.2,2.5,3.6,1.7,0.082,0.097
2025-26,202066,Garrett Temple,1610612761,TOR,22,10,12,3.3,5.4,5.0,0.4,0.0,0.0,0.5,1.0,0.5,0.076,0.085
2025-26,1629726,Garrison Mathews,1610612754,IND,15,4,11,13.1,12.3,11.1,0.7,0.0,0.0,1.3,1.5,0.7,0.054,0.054
2025-26,203914,Gary Harris,1610612749,MIL,48,15,33,13.8,12.4,9.3,1.1,0.1,0.2,1.6,2.8,1.3,0.086,0.106
2025-26,1627780,Gary Payton II,1610612744,GSW,73,33,40,15.6,21.7,17.8,1.7,0.1,0.2,3.0,4.3,2.0,0.078,0.091
2025-26,1629018,Gary Trent Jr.,1610612749,MIL,65,24,41,21.2,11.7,17.2,1.2,0.0,0.2,1.7,3.0,1.4,0.104,0.122
2025-26,203507,Giannis Antetokounmpo,1610612749,MIL,36,17,19,28.9,43.3,50.1,5.4,0.3,1.0,10.7,15.2,6.6,0.126,0.153
2025-26,1629048,Goga Bitadze,1610612753,ORL,64,34,30,15.2,16.6,12.5,1.3,0.1,0.0,1.8,3.1,1.3,0.079,0.081
2025-26,1641711,Gradey Dick,1610612761,TOR,76,43,33,14.0,9.6,11.6,0.7,0.1,0.1,1.3,1.7,0.9,0.07,0.093
2025-26,1641761,Grant Nelson,1610612751,BKN,4,0,4,8.8,9.5,11.0,1.3,0.0,0.3,2.3,3.0,1.5,0.132,0.158
2025-26,1629684,Grant Williams,1610612766,CHA,36,25,11,19.8,19.9,16.4,1.6,0.1,0.3,3.0,4.2,1.9,0.078,0.097
2025-26,1628960,Grayson Allen,1610612756,PHX,51,26,25,28.8,35.9,41.3,3.8,0.5,0.4,6.9,10.1,4.6,0.107,0.129
2025-26,1627824,Guerschon Yabusele,1610612741,CHI,67,32,35,15.0,15.0,13.9,0.9,0.0,0.2,1.5,2.4,1.1,0.063,0.075
2025-26,1630611,Gui Santos,1610612744,GSW,68,29,39,20.5,28.5,26.0,2.3,0.2,0.5,4.5,6.3,3.1,0.082,0.109
2025-26,203084,Harrison Barnes,1610612759,SAS,77,57,20,25.8,22.1,20.1,1.9,0.2,0.2,3.2,4.8,2.3,0.087,0.102
2025-26,1631127,Harrison Ingram,1610612759,SAS,7,6,1,3.7,3.3,2.9,0.1,0.0,0.1,0.4,0.7,0.4,0.043,0.13
2025-26,1643060,Hayden Gray,1610612762,UTA,1,0,1,24.8,21.0,20.0,1.0,1.0,0.0,3.0,3.0,2.0,0.048,0.095
2025-26,1629312,Haywood Highsmith,1610612756,PHX,7,4,3,13.0,10.7,7.4,1.0,0.1,0.1,1.7,3.1,1.3,0.093,0.12
2025-26,1630529,Herbert Jones,1610612740,NOP,56,22,34,28.4,33.6,27.9,2.8,0.2,0.2,4.5,6.9,3.2,0.082,0.095
2025-26,1642864,Hugo González,1610612738,BOS,74,51,23,14.6,12.9,8.5,0.5,0.0,0.2,1.2,1.4,0.7,0.042,0.058
2025-26,1630621,Hunter Dickinson,1610612740,NOP,5,1,4,8.5,8.8,6.8,0.4,0.2,0.0,1.6,1.4,0.6,0.045,0.068
2025-26,1642282,Hunter Sallis,1610612755,PHI,7,3,4,3.7,7.3,8.1,0.6,0.1,0.3,1.1,1.9,1.0,0.078,0.137
2025-26,1641816,Hunter Tyson,1610612743,DEN,21,15,6,7.7,6.9,6.1,0.8,0.0,0.1,1.0,2.1,0.9,0.117,0.131
2025-26,1630193,Immanuel Quickley,1610612761,TOR,70,41,29,31.9,54.2,59.4,5.9,0.5,0.8,10.1,14.8,7.2,0.109,0.133
2025-26,1642403,Isaac Jones,1610612765,DET,7,5,2,5.1,2.4,2.1,0.1,0.0,0.3,0.0,0.3,0.4,0.059,0.176
2025-26,1630171,Isaac Okoro,1610612741,CHI,63,26,37,26.9,19.8,20.1,1.6,0.2,0.2,3.1,4.3,2.0,0.08,0.101
2025-26,1642268,Isaiah Collier,1610612762,UTA,59,16,43,25.7,53.3,55.2,7.2,0.8,0.5,13.6,19.1,8.5,0.135,0.159
2025-26,1642384,Isaiah Crawford,1610612745,HOU,14,8,6,6.6,3.6,3.1,0.4,0.0,0.0,0.6,0.8,0.4,0.1,0.1
2025-26,1628392,Isaiah Hartenstein,1610612760,OKC,47,39,8,24.2,36.4,24.6,3.5,0.3,0.2,5.2,8.7,4.0,0.097,0.109
2025-26,1630543,Isaiah Jackson,1610612746,LAC,55,20,35,16.5,15.0,11.0,0.9,0.2,0.2,1.7,2.4,1.3,0.063,0.086
2025-26,1630198,Isaiah Joe,1610612760,OKC,71,56,15,21.2,17.8,20.4,1.3,0.2,0.4,2.8,3.6,1.9,0.074,0.104
2025-26,1630587,Isaiah Livers,1610612756,PHX,36,21,15,9.6,7.9,5.8,0.6,0.0,0.0,1.1,1.6,0.6,0.074,0.081
2025-26,1641815,Isaiah Stevens,1610612758,SAC,3,0,3,14.3,27.3,23.7,3.3,0.0,0.0,5.3,8.3,3.3,0.122,0.122
2025-26,1630191,Isaiah Stewart,1610612765,DET,58,42,16,22.7,16.3,16.2,1.1,0.2,0.1,2.1,3.0,1.4,0.07,0.088
2025-26,1627826,Ivica Zubac,1610612754,IND,48,17,31,30.1,33.6,28.6,2.2,0.1,0.5,4.1,5.5,2.7,0.065,0.081
2025-26,1631120,JD Davison,1610612745,HOU,28,23,5,7.8,12.0,10.9,1.3,0.1,0.1,2.0,2.9,1.4,0.104,0.119
2025-26,1629630,Ja Morant,1610612763,MEM,20,7,13,28.4,46.2,59.8,8.1,0.8,1.0,15.0,20.7,9.8,0.174,0.211
2025-26,1642266,Ja'Kobe Walter,1610612761,TOR,72,41,31,20.5,17.6,15.1,1.2,0.1,0.2,2.0,3.0,1.5,0.068,0.083
2025-26,1631095,Jabari Smith Jr.,1610612745,HOU,77,48,29,35.1,35.6,29.7,1.9,0.1,0.3,3.2,4.8,2.3,0.052,0.064
2025-26,1631133,Jabari Walker,1610612755,PHI,64,36,28,11.9,9.7,7.9,0.5,0.1,0.1,0.9,1.4,0.7,0.055,0.073
2025-26,1631210,Jacob Toppin,1610612737,ATL,5,3,2,3.4,5.6,4.4,0.2,0.0,0.0,0.6,0.6,0.2,0.036,0.036
2025-26,1630702,Jaden Hardy,1610612764,WAS,57,13,44,15.8,13.1,17.9,1.0,0.0,0.2,1.6,2.4,1.2,0.078,0.092
2025-26,1631093,Jaden Ivey,1610612741,CHI,37,23,14,18.1,20.7,22.4,1.8,0.1,0.2,3.3,4.6,2.2,0.089,0.106
2025-26,1630183,Jaden McDaniels,1610612750,MIN,73,44,29,31.7,31.9,31.5,2.7,0.4,0.5,4.5,7.3,3.6,0.086,0.114
2025-26,1630256,Jae'Sean Tate,1610612745,HOU,46,33,13,8.8,8.3,7.0,0.5,0.0,0.1,1.1,1.4,0.6,0.066,0.074
2025-26,1642942,Jahmai Mashack,1610612763,MEM,31,10,21,21.7,26.7,26.2,2.2,0.2,0.5,5.4,5.8,2.9,0.083,0.108
2025-26,1642443,Jahmir Young,1610612748,MIA,14,10,4,4.2,7.1,8.5,0.6,0.1,0.3,1.4,1.7,1.0,0.09,0.14
2025-26,1643141,Jahmyl Telfort,1610612746,LAC,8,2,6,4.0,2.9,1.9,0.1,0.0,0.0,0.4,0.4,0.1,0.043,0.043
2025-26,1631170,Jaime Jaquez Jr.,1610612748,MIA,75,41,34,28.3,48.7,47.1,4.7,0.6,0.6,9.0,12.7,5.9,0.096,0.121
2025-26,1631222,Jake LaRavia,1610612747,LAL,82,53,29,25.1,27.8,20.6,1.8,0.2,0.2,2.7,4.5,2.1,0.064,0.077
2025-26,1627751,Jakob Poeltl,1610612761,TOR,46,26,20,25.0,27.9,20.3,2.0,0.1,0.3,2.7,4.9,2.4,0.072,0.086
2025-26,1628973,Jalen Brunson,1610612752,NYK,74,50,24,35.0,63.6,72.2,6.8,0.5,1.2,11.7,17.4,8.5,0.107,0.134
2025-26,1631105,Jalen Duren,1610612765,DET,70,50,20,28.2,33.0,25.0,2.0,0.2,0.2,3.4,4.9,2.4,0.06,0.074
2025-26,1630224,Jalen Green,1610612756,PHX,32,17,15,25.9,26.5,38.5,2.8,0.2,0.5,5.3,7.7,3.5,0.107,0.133
2025-26,1630552,Jalen Johnson,1610612737,ATL,72,42,30,35.2,64.0,54.8,7.9,0.8,0.5,14.0,20.5,9.1,0.123,0.143
2025-26,1629618,Jalen Pickett,1610612743,DEN,50,34,16,16.1,23.0,21.8,2.3,0.2,0.1,4.5,6.0,2.7,0.1,0.116
2025-26,1641771,Jalen Slawson,1610612754,IND,13,3,10,23.9,34.5,27.2,2.8,0.2,0.2,5.5,7.3,3.2,0.08,0.091
2025-26,1630188,Jalen Smith,1610612741,CHI,53,26,27,20.7,24.5,21.3,1.2,0.1,0.3,1.9,3.2,1.6,0.05,0.064
2025-26,1630591,Jalen Suggs,1610612753,ORL,57,34,23,27.6,47.4,47.5,5.5,0.7,0.7,8.5,13.6,6.7,0.115,0.141
2025-26,1631114,Jalen Williams,1610612760,OKC,33,25,8,28.4,36.3,41.8,5.5,0.3,0.2,8.9,14.3,6.0,0.151,0.166
2025-26,1630592,Jalen Wilson,1610612751,BKN,54,10,44,15.9,15.2,15.4,0.9,0.1,0.1,2.0,2.7,1.1,0.061,0.074
2025-26,1631288,Jamal Cain,1610612753,ORL,40,22,18,12.1,9.2,9.1,0.7,0.1,0.1,1.0,2.0,0.9,0.079,0.093
2025-26,1627750,Jamal Murray,1610612743,DEN,75,48,27,35.4,50.9,62.4,7.1,0.9,1.2,12.7,18.7,9.2,0.14,0.18
2025-26,1642347,Jamal Shead,1610612761,TOR,82,46,36,22.6,39.6,41.2,5.4,0.7,0.6,9.9,13.9,6.7,0.137,0.17
2025-26,1631123,Jamaree Bouyea,1610612756,PHX,46,23,23,14.0,20.5,21.7,1.8,0.0,0.2,3.5,4.8,2.0,0.087,0.097
2025-26,201935,James Harden,1610612739,CLE,70,40,30,34.8,50.9,63.0,8.0,0.7,0.9,13.4,20.3,9.6,0.156,0.189
2025-26,1630164,James Wiseman,1610612754,IND,4,0,4,14.6,10.8,8.5,0.8,0.0,0.0,1.3,2.0,0.8,0.07,0.07
2025-26,1642364,Jamir Watkins,1610612764,WAS,50,10,40,20.6,17.8,16.1,1.3,0.1,0.1,2.2,3.6,1.6,0.075,0.088
2025-26,1642419,Jamison Battle,1610612761,TOR,61,35,26,8.5,6.5,5.8,0.4,0.1,0.1,0.7,1.0,0.6,0.061,0.089
2025-26,1641716,Jarace Walker,1610612754,IND,76,16,60,25.7,28.6,27.2,2.5,0.2,0.3,4.6,6.4,3.1,0.088,0.108
2025-26,1642272,Jared McCain,1610612760,OKC,67,46,21,17.3,19.5,21.2,1.3,0.2,0.3,2.6,3.7,1.8,0.069,0.092
2025-26,1628991,Jaren Jackson Jr.,1610612762,UTA,48,19,29,30.3,29.1,34.6,2.0,0.2,0.3,4.1,5.4,2.5,0.067,0.086
2025-26,1629020,Jarred Vanderbilt,1610612747,LAL,65,39,26,17.4,16.9,10.6,1.3,0.1,0.1,2.1,3.2,1.5,0.076,0.09
2025-26,1628386,Jarrett Allen,1610612739,CLE,56,37,19,27.1,24.3,24.0,1.8,0.2,0.2,2.7,4.7,2.2,0.073,0.09
2025-26,1642859,Jase Richardson,1610612753,ORL,54,26,28,10.9,12.4,12.8,1.1,0.1,0.1,1.8,2.8,1.3,0.087,0.108
2025-26,1642914,Javon Small,1610612763,MEM,41,13,28,20.2,29.3,32.8,3.7,0.3,0.2,6.6,9.8,4.2,0.126,0.143
2025-26,1631451,Javonte Cooke,1610612757,POR,19,6,13,4.9,6.2,6.1,0.4,0.1,0.0,0.7,0.8,0.4,0.06,0.068
2025-26,1629750,Javonte Green,1610612765,DET,82,60,22,17.6,17.4,13.5,0.7,0.1,0.1,1.5,1.7,0.9,0.039,0.052
2025-26,1629637,Jaxson Hayes,1610612747,LAL,66,43,23,18.3,14.6,11.9,0.9,0.1,0.1,1.4,2.4,1.1,0.061,0.072
2025-26,1630643,Jay Huff,1610612754,IND,82,19,63,21.0,19.8,20.7,1.5,0.1,0.2,2.1,3.8,1.8,0.075,0.091
2025-26,1627759,Jaylen Brown,1610612738,BOS,71,47,24,34.4,36.4,52.5,5.1,0.3,0.7,9.3,13.5,6.2,0.141,0.17
2025-26,1641740,Jaylen Clark,1610612750,MIN,68,40,28,13.1,7.7,7.7,0.6,0.0,0.1,1.1,1.6,0.8,0.082,0.099
2025-26,1642377,Jaylen Wells,1610612763,MEM,69,24,45,26.4,18.0,24.5,1.6,0.0,0.4,2.9,4.1,2.0,0.089,0.112
2025-26,1631119,Jaylin Williams,1610612760,OKC,65,54,11,19.7,33.7,23.9,2.4,0.1,0.1,3.8,6.1,2.5,0.072,0.075
2025-26,1642281,Jaylon Tyson,1610612739,CLE,66,41,25,26.9,27.5,29.3,2.2,0.1,0.4,3.8,5.9,2.7,0.081,0.099
2025-26,1643257,Jayson Kent,1610612757,POR,5,4,1,4.5,2.2,2.0,0.0,0.0,0.0,0.0,0.0,0.0,0.0,0.0
2025-26,1628369,Jayson Tatum,1610612738,BOS,16,13,3,32.6,52.5,44.3,5.3,0.4,0.9,10.1,13.6,6.7,0.101,0.127
2025-26,201145,Jeff Green,1610612745,HOU,30,22,8,5.8,3.8,4.6,0.3,0.0,0.0,0.5,0.7,0.3,0.071,0.088
2025-26,203924,Jerami Grant,1610612757,POR,57,27,30,29.7,27.8,34.3,2.1,0.2,0.2,4.3,5.7,2.5,0.077,0.091
2025-26,1642847,Jeremiah Fears,1610612740,NOP,82,26,56,25.8,38.8,43.8,3.4,0.3,0.5,5.5,8.6,4.2,0.088,0.108
2025-26,1630526,Jeremiah Robinson-Earl,1610612742,DAL,22,8,14,16.4,16.2,9.0,0.7,0.0,0.1,1.4,1.5,0.8,0.042,0.048
2025-26,1631110,Jeremy Sochan,1610612752,NYK,44,30,14,10.6,11.6,9.7,0.9,0.1,0.1,1.9,2.5,1.1,0.079,0.092
2025-26,1630579,Jericho Sims,1610612749,MIL,67,25,42,19.7,24.8,17.2,1.6,0.0,0.3,2.5,4.1,1.9,0.063,0.075
2025-26,1641724,Jett Howard,1610612753,ORL,55,28,27,12.6,8.2,10.6,0.8,0.1,0.1,1.6,2.1,1.0,0.099,0.121
2025-26,1628975,Jevon Carter,1610612753,ORL,53,26,27,16.4,23.5,23.5,1.6,0.2,0.3,2.9,4.0,2.0,0.07,0.086
2025-26,202710,Jimmy Butler III,1610612744,GSW,38,23,15,31.1,45.3,47.7,4.9,0.5,0.8,10.7,13.4,6.2,0.107,0.136
2025-26,1642866,Joan Beringer,1610612750,MIN,40,22,18,7.9,6.2,4.7,0.3,0.0,0.1,0.4,0.8,0.4,0.048,0.06
2025-26,1629111,Jock Landale,1610612737,ATL,68,36,32,22.1,22.0,21.0,1.7,0.1,0.3,2.8,4.5,2.0,0.077,0.093
2025-26,204060,Joe Ingles,1610612750,MIN,27,13,14,5.7,8.4,7.0,1.3,0.1,0.1,1.9,3.0,1.4,0.149,0.171
2025-26,203954,Joel Embiid,1610612755,PHI,38,24,14,31.6,43.0,51.8,3.9,0.5,0.5,7.1,10.5,4.9,0.092,0.115
2025-26,1628381,John Collins,1610612746,LAC,69,32,37,27.1,24.3,19.7,1.0,0.1,0.2,1.7,2.6,1.2,0.042,0.051
2025-26,1629723,John Konchar,1610612762,UTA,56,18,38,19.9,24.4,15.4,2.1,0.1,0.3,4.1,5.3,2.5,0.086,0.104
2025-26,1642967,John Poulakidas,1610612742,DAL,13,3,10,19.5,14.0,13.7,0.8,0.0,0.2,1.8,2.3,1.1,0.06,0.077
2025-26,1642910,John Tonje,1610612738,BOS,6,5,1,7.0,5.2,4.5,0.3,0.2,0.0,0.5,1.2,0.5,0.065,0.097
2025-26,1641780,Johni Broome,1610612755,PHI,11,5,6,5.0,6.0,5.2,0.4,0.0,0.2,0.6,0.7,0.5,0.061,0.091
2025-26,1642277,Johnny Furphy,1610612754,IND,35,10,25,18.4,21.4,14.9,1.2,0.1,0.1,1.7,2.8,1.3,0.055,0.061
2025-26,1630548,Johnny Juzang,1610612750,MIN,21,13,8,4.2,3.4,3.5,0.3,0.1,0.0,0.4,0.9,0.4,0.083,0.111
2025-26,202685,Jonas Valančiūnas,1610612743,DEN,65,42,23,13.4,18.2,16.7,1.2,0.1,0.0,1.7,3.1,1.4,0.066,0.075
2025-26,1628371,Jonathan Isaac,1610612753,ORL,52,29,23,10.0,8.6,5.2,0.4,0.1,0.1,0.7,1.2,0.6,0.049,0.065
2025-26,1630228,Jonathan Kuminga,1610612737,ATL,36,22,14,23.1,27.9,28.1,2.3,0.1,0.2,4.4,6.0,2.6,0.083,0.095
2025-26,1642367,Jonathan Mogbo,1610612761,TOR,40,20,20,6.2,6.9,4.2,0.6,0.1,0.0,1.1,1.6,0.7,0.09,0.097
2025-26,203903,Jordan Clarkson,1610612752,NYK,72,45,27,17.8,13.3,16.7,1.3,0.1,0.1,2.3,3.5,1.5,0.101,0.116
2025-26,1630692,Jordan Goodwin,1610612756,PHX,70,39,31,22.5,28.9,23.0,2.2,0.3,0.3,3.8,5.6,2.8,0.075,0.095
2025-26,1641722,Jordan Hawkins,1610612740,NOP,51,13,38,13.6,11.0,11.8,0.8,0.1,0.2,1.3,2.0,1.1,0.075,0.098
2025-26,1629162,Jordan McLaughlin,1610612759,SAS,44,37,7,6.4,11.2,11.1,0.9,0.1,0.3,2.1,2.4,1.2,0.077,0.11
2025-26,1641757,Jordan Miller,1610612746,LAC,60,36,24,22.1,23.7,23.0,2.3,0.2,0.3,3.8,6.1,2.8,0.096,0.117
2025-26,1629673,Jordan Poole,1610612740,NOP,39,16,23,23.9,28.8,37.9,3.1,0.5,0.4,5.4,7.7,3.9,0.106,0.135
2025-26,1641775,Jordan Walsh,1610612738,BOS,68,46,22,17.8,13.2,10.0,0.8,0.1,0.1,1.5,2.2,0.9,0.06,0.069
2025-26,1630631,Jose Alvarado,1610612752,NYK,69,28,41,19.9,32.9,33.6,3.4,0.3,0.3,5.5,8.5,4.0,0.103,0.122
2025-26,1630581,Josh Giddey,1610612741,CHI,54,21,33,32.1,72.4,69.9,9.1,0.7,1.0,16.8,23.6,10.8,0.126,0.149
2025-26,1630182,Josh Green,1610612766,CHA,58,37,21,15.7,9.6,7.7,0.8,0.1,0.1,1.3,2.1,1.0,0.084,0.102
2025-26,1628404,Josh Hart,1610612752,NYK,66,44,22,30.2,45.5,37.3,4.8,0.4,0.5,7.9,12.7,5.7,0.106,0.126
2025-26,1631169,Josh Minott,1610612751,BKN,49,23,26,17.0,12.0,11.3,0.9,0.1,0.1,1.6,2.5,1.1,0.078,0.09
2025-26,1642490,Josh Oduro,1610612740,NOP,3,1,2,27.3,21.0,11.7,1.3,0.0,0.7,2.0,3.0,2.0,0.063,0.095
2025-26,1629006,Josh Okogie,1610612745,HOU,78,49,29,17.4,12.7,10.2,0.9,0.1,0.2,1.6,2.2,1.1,0.07,0.088
2025-26,201950,Jrue Holiday,1610612757,POR,53,28,25,29.4,49.3,54.9,6.1,0.8,0.5,11.9,16.0,7.4,0.123,0.15
2025-26,1630577,Julian Champagnie,1610612759,SAS,82,62,20,27.6,27.7,23.4,1.5,0.3,0.3,2.8,4.3,2.1,0.056,0.077
2025-26,1641763,Julian Phillips,1610612750,MIN,48,19,29,8.9,4.9,4.6,0.2,0.0,0.0,0.4,0.5,0.3,0.043,0.051
2025-26,1642882,Julian Reese,1610612764,WAS,13,1,12,30.9,31.3,26.6,1.8,0.2,0.2,3.5,4.8,2.3,0.059,0.074
2025-26,1631124,Julian Strawther,1610612743,DEN,57,38,19,15.1,14.2,15.8,1.1,0.1,0.2,2.2,2.9,1.4,0.075,0.098
2025-26,203944,Julius Randle,1610612750,MIN,79,47,32,33.0,38.4,47.4,5.0,0.4,0.4,8.6,13.5,5.8,0.131,0.152
2025-26,1630551,Justin Champagnie,1610612764,WAS,69,13,56,20.0,21.3,14.5,1.2,0.0,0.1,1.6,3.1,1.3,0.057,0.062
2025-26,1642348,Justin Edwards,1610612755,PHI,64,37,27,15.3,15.9,15.9,1.3,0.1,0.1,1.8,3.5,1.5,0.079,0.094
2025-26,203994,Jusuf Nurkić,1610612762,UTA,41,14,27,26.4,44.7,36.8,4.8,0.4,0.2,7.6,12.2,5.4,0.107,0.121
2025-26,1642354,KJ Simpson,1610612743,DEN,20,10,10,12.9,20.7,21.9,2.2,0.1,0.1,3.8,5.7,2.3,0.104,0.111
2025-26,1642955,Kadary Richmond,1610612764,WAS,3,2,1,22.3,21.0,17.3,2.7,0.7,0.0,3.3,7.0,3.3,0.127,0.159
2025-26,1642880,Kam Jones,1610612754,IND,37,6,31,16.7,26.8,28.0,3.2,0.1,0.5,6.3,8.4,3.8,0.12,0.141
2025-26,1626157,Karl-Anthony Towns,1610612752,NYK,75,49,26,31.0,32.2,34.3,3.0,0.2,0.3,4.5,7.4,3.5,0.094,0.109
2025-26,1631255,Karlo Matković,1610612740,NOP,62,24,38,14.7,11.8,9.4,0.8,0.0,0.1,1.4,2.1,0.9,0.069,0.08
2025-26,1642857,Kasparas Jakučionis,1610612748,MIA,53,28,25,17.8,26.1,23.6,2.6,0.2,0.3,4.3,6.5,2.9,0.099,0.113
2025-26,202695,Kawhi Leonard,1610612746,LAC,65,37,28,32.1,30.6,42.7,3.6,0.2,0.9,6.9,9.5,4.7,0.118,0.154
2025-26,1630811,Keaton Wallace,1610612737,ATL,53,31,22,10.1,18.8,20.5,1.8,0.1,0.3,3.8,4.6,2.2,0.095,0.117
2025-26,1631099,Keegan Murray,1610612758,SAC,23,5,18,34.5,29.6,26.8,1.7,0.4,0.1,3.5,4.5,2.2,0.056,0.074
2025-26,1642276,Kel'el Ware,1610612748,MIA,77,39,38,22.1,20.4,13.1,0.7,0.1,0.1,0.9,2.0,0.9,0.036,0.045
2025-26,1629640,Keldon Johnson,1610612759,SAS,82,62,20,23.3,24.4,20.9,1.4,0.2,0.2,2.6,3.6,1.7,0.055,0.071
2025-26,203482,Kelly Olynyk,1610612759,SAS,42,33,9,8.6,12.1,10.4,1.2,0.1,0.1,2.0,3.0,1.4,0.096,0.112
2025-26,1626162,Kelly Oubre Jr.,1610612755,PHI,50,27,23,31.5,31.5,28.3,1.6,0.1,0.2,2.4,3.9,1.9,0.051,0.061
2025-26,1631113,Kennedy Chandler,1610612762,UTA,11,1,10,32.3,53.4,57.9,6.7,0.8,0.5,11.7,16.1,8.0,0.126,0.15
2025-26,1629026,Kenrich Williams,1610612760,OKC,56,41,15,15.3,14.8,12.9,1.4,0.1,0.1,2.3,3.7,1.6,0.096,0.11
2025-26,203484,Kentavious Caldwell-Pope,1610612763,MEM,51,20,31,21.3,30.6,28.3,2.7,0.4,0.4,4.8,7.2,3.4,0.089,0.112
2025-26,1631165,Keon Ellis,1610612739,CLE,72,31,41,20.5,17.2,15.7,1.0,0.1,0.2,2.0,2.7,1.3,0.058,0.077
2025-26,1642352,Keshad Johnson,1610612748,MIA,32,16,16,8.7,10.3,8.2,0.3,0.1,0.3,1.0,0.7,0.6,0.024,0.054
2025-26,1642933,Keshon Gilbert,1610612737,ATL,4,0,4,18.4,20.5,20.3,3.0,0.0,0.0,4.0,7.3,3.0,0.146,0.146
2025-26,201142,Kevin Durant,1610612745,HOU,78,48,30,36.4,38.9,52.2,4.8,0.8,1.0,8.8,12.2,6.6,0.123,0.169
2025-26,1628989,Kevin Huerter,1610612765,DET,69,40,29,22.5,26.6,24.9,2.6,0.3,0.4,4.3,6.5,3.3,0.097,0.123
2025-26,201567,Kevin Love,1610612762,UTA,37,10,27,16.6,23.2,16.1,1.8,0.2,0.1,2.4,4.6,2.1,0.078,0.09
2025-26,1641755,Kevin McCullar Jr.,1610612752,NYK,21,11,10,7.4,9.2,7.8,1.0,0.0,0.1,1.6,2.4,1.1,0.104,0.124
2025-26,1629645,Kevin Porter Jr.,1610612749,MIL,38,18,20,33.2,58.9,66.8,7.4,0.7,0.8,13.7,19.2,8.8,0.125,0.15
2025-26,1626172,Kevon Looney,1610612740,NOP,21,3,18,14.6,19.7,13.4,1.6,0.0,0.1,2.5,4.1,1.8,0.082,0.089
2025-26,1641718,Keyonte George,1610612762,UTA,54,16,38,33.1,54.1,64.9,6.1,0.5,0.9,11.2,15.6,7.6,0.114,0.14
2025-26,1642863,Khaman Maluach,1610612756,PHX,46,22,24,8.9,8.3,5.5,0.1,0.0,0.0,0.3,0.4,0.2,0.016,0.021
2025-26,203114,Khris Middleton,1610612742,DAL,63,18,45,22.8,19.2,23.7,2.8,0.5,0.3,5.3,7.1,3.5,0.146,0.181
2025-26,1630165,Killian Hayes,1610612758,SAC,23,10,13,17.6,29.1,29.5,3.5,0.4,0.3,5.8,9.3,4.2,0.121,0.143
2025-26,202691,Klay Thompson,1610612742,DAL,69,21,48,21.7,12.2,20.3,1.4,0.3,0.1,2.5,3.6,1.8,0.114,0.147
2025-26,1641738,Kobe Brown,1610612754,IND,61,17,44,15.8,16.8,14.6,1.3,0.1,0.1,2.1,3.3,1.5,0.078,0.092
2025-26,1641723,Kobe Bufkin,1610612747,LAL,16,10,6,7.5,8.6,10.1,0.6,0.0,0.1,0.8,1.6,0.8,0.073,0.088
2025-26,1642920,Kobe Sanders,1610612746,LAC,68,36,32,19.9,19.1,19.9,1.6,0.1,0.3,2.9,4.2,2.0,0.084,0.105
2025-26,1642886,Koby Brea,1610612756,PHX,12,5,7,7.0,8.6,9.1,0.8,0.0,0.0,1.7,1.9,0.8,0.097,0.097
2025-26,1642851,Kon Knueppel,1610612766,CHA,81,44,37,31.5,33.1,35.9,3.4,0.3,0.6,6.3,9.0,4.4,0.102,0.132
2025-26,1627739,Kris Dunn,1610612746,LAC,82,42,40,27.2,42.4,36.7,3.6,0.3,0.4,6.1,9.1,4.3,0.085,0.102
2025-26,1631200,Kris Murray,1610612757,POR,57,28,29,23.4,13.7,11.5,1.4,0.1,0.1,2.4,3.6,1.7,0.103,0.121
2025-26,204001,Kristaps Porziņģis,1610612744,GSW,32,13,19,24.0,24.1,30.1,2.5,0.1,0.2,3.7,6.4,2.8,0.105,0.118
2025-26,203937,Kyle Anderson,1610612750,MIN,43,15,28,19.8,27.1,21.4,2.9,0.2,0.1,4.5,7.3,3.3,0.108,0.12
2025-26,1642271,Kyle Filipowski,1610612762,UTA,77,21,56,23.4,29.1,22.8,2.6,0.2,0.3,4.2,6.4,3.1,0.088,0.105
2025-26,1628398,Kyle Kuzma,1610612749,MIL,69,31,38,26.2,29.9,28.0,2.7,0.2,0.4,4.9,7.0,3.2,0.089,0.109
2025-26,200768,Kyle Lowry,1610612755,PHI,14,9,5,8.4,10.1,9.0,0.8,0.0,0.1,1.5,2.1,0.9,0.078,0.092
2025-26,1642273,Kyshawn George,1610612764,WAS,48,10,38,29.0,40.9,40.5,4.5,0.4,0.6,8.1,11.4,5.5,0.109,0.133
2025-26,1643018,LJ Cryer,1610612744,GSW,18,6,12,16.2,21.8,26.6,1.0,0.0,0.9,2.1,2.4,1.9,0.046,0.087
2025-26,1630163,LaMelo Ball,1610612766,CHA,72,41,31,28.0,49.3,59.8,7.1,0.7,0.9,11.8,18.8,8.6,0.145,0.175
2025-26,1642950,Lachlan Olbrich,1610612741,CHI,37,9,28,9.3,11.8,9.2,1.1,0.1,0.1,1.8,3.1,1.3,0.096,0.112
2025-26,1629013,Landry Shamet,1610612752,NYK,51,35,16,23.0,19.3,21.5,1.4,0.0,0.2,2.6,3.8,1.6,0.073,0.084
2025-26,1626204,Larry Nance Jr.,1610612739,CLE,35,25,10,12.8,12.1,10.7,1.0,0.1,0.1,1.8,2.6,1.1,0.08,0.094
2025-26,1628374,Lauri Markkanen,1610612762,UTA,42,17,25,34.3,28.1,34.4,2.1,0.1,0.2,3.8,5.5,2.4,0.075,0.086
2025-26,1643133,Lawson Lovering,1610612763,MEM,2,1,1,24.6,15.0,9.5,1.5,0.0,0.5,1.0,3.5,2.0,0.1,0.133
2025-26,2544,LeBron James,1610612747,LAL,60,39,21,33.2,47.3,55.9,7.2,0.7,0.6,11.8,18.1,8.5,0.152,0.179
2025-26,1641778,Leaky Black,1610612764,WAS,15,1,14,28.9,25.6,17.7,1.5,0.1,0.1,3.3,4.1,1.7,0.057,0.065
2025-26,1631159,Leonard Miller,1610612741,CHI,46,18,28,15.6,18.3,12.2,0.9,0.1,0.1,1.3,2.3,1.0,0.048,0.056
2025-26,1642862,Liam McNeeley,1610612766,CHA,31,12,19,11.9,10.8,8.5,0.8,0.0,0.2,1.0,2.1,1.0,0.072,0.09
2025-26,1630322,Lindy Waters III,1610612759,SAS,40,31,9,7.1,7.3,7.5,0.5,0.1,0.1,1.1,1.3,0.7,0.065,0.089
2025-26,1628366,Lonzo Ball,1610612739,CLE,35,19,16,20.8,38.9,30.5,3.9,0.3,0.5,6.5,10.1,4.8,0.1,0.123
2025-26,1631351,Lucas Williamson,1610612763,MEM,7,0,7,32.0,40.6,32.7,2.6,0.4,0.4,4.4,6.9,3.4,0.063,0.085
2025-26,1629652,Luguentz Dort,1610612760,OKC,69,53,16,26.8,18.9,19.7,1.2,0.1,0.3,2.3,3.3,1.7,0.065,0.089
2025-26,1629029,Luka Dončić,1610612747,LAL,64,43,21,35.8,53.2,67.5,8.3,0.9,1.2,13.5,20.6,10.4,0.156,0.195
2025-26,1630568,Luka Garza,1610612738,BOS,69,47,22,16.2,16.9,13.6,1.0,0.0,0.1,1.4,2.4,1.1,0.057,0.063
2025-26,1628379,Luke Kennard,1610612747,LAL,78,45,33,21.5,21.3,21.2,2.2,0.3,0.3,3.8,5.8,2.8,0.105,0.132
2025-26,1628436,Luke Kornet,1610612759,SAS,68,52,16,21.0,20.9,15.1,1.9,0.1,0.2,2.8,4.7,2.1,0.089,0.102
2025-26,1631247,Luke Travers,1610612739,CLE,12,6,6,8.6,9.6,7.1,0.8,0.0,0.2,1.1,1.8,0.9,0.078,0.096
2025-26,1630644,Mac McClung,1610612741,CHI,11,2,9,12.3,13.7,15.5,0.9,0.0,0.2,2.0,2.1,1.1,0.066,0.079
2025-26,1641869,Malachi Smith,1610612751,BKN,15,3,12,23.9,34.9,30.6,3.3,0.3,0.3,5.6,8.7,3.9,0.094,0.113
2025-26,1631103,Malaki Branham,1610612764,WAS,28,7,21,9.8,11.1,10.2,0.8,0.1,0.1,1.9,2.2,1.1,0.074,0.096
2025-26,1642502,Malevy Leons,1610612744,GSW,25,7,18,11.1,11.8,9.5,0.9,0.0,0.2,1.6,2.2,1.1,0.078,0.092
2025-26,1628370,Malik Monk,1610612758,SAC,62,18,44,22.0,24.6,31.3,3.0,0.4,0.2,5.2,7.6,3.5,0.121,0.144
2025-26,1630699,MarJon Beauchamp,1610612755,PHI,14,7,7,14.0,12.1,13.3,1.1,0.1,0.3,1.9,2.9,1.5,0.089,0.124
2025-26,1631204,Marcus Sasser,1610612765,DET,38,28,10,12.0,16.6,19.7,2.0,0.3,0.1,3.2,5.2,2.4,0.119,0.143
2025-26,203935,Marcus Smart,1610612747,LAL,62,41,21,28.5,33.4,35.4,3.0,0.3,0.3,4.7,7.3,3.6,0.089,0.109
2025-26,1641813,Mark Sears,1610612749,MIL,7,1,6,3.7,4.1,7.1,0.3,0.0,0.1,0.7,0.7,0.4,0.069,0.103
2025-26,1631109,Mark Williams,1610612756,PHX,60,34,26,23.6,24.3,17.7,1.0,0.1,0.1,1.6,2.6,1.1,0.04,0.045
2025-26,1628365,Markelle Fultz,1610612761,TOR,5,3,2,7.2,9.6,11.0,1.6,0.4,0.2,2.6,4.4,2.2,0.167,0.229
2025-26,1628963,Marvin Bagley III,1610612742,DAL,60,16,44,20.0,21.4,17.0,1.4,0.1,0.1,2.2,3.8,1.6,0.066,0.077
2025-26,203486,Mason Plumlee,1610612759,SAS,20,10,10,8.6,10.4,5.7,1.0,0.2,0.1,1.4,2.9,1.3,0.096,0.12
2025-26,1641824,Matas Buzelis,1610612741,CHI,77,28,49,29.2,34.5,34.0,2.1,0.1,0.4,3.7,5.2,2.5,0.059,0.073
2025-26,1629680,Matisse Thybulle,1610612757,POR,30,17,13,16.0,15.2,12.3,0.9,0.1,0.2,1.6,2.3,1.2,0.059,0.079
2025-26,1631108,Max Christie,1610612742,DAL,77,24,53,29.1,26.5,27.1,2.0,0.2,0.3,3.2,4.9,2.4,0.074,0.09
2025-26,1642917,Max Shulga,1610612738,BOS,11,8,3,3.3,4.9,4.6,0.2,0.0,0.0,0.9,0.4,0.2,0.037,0.037
2025-26,1629622,Max Strus,1610612739,CLE,12,9,3,24.0,32.0,26.8,2.0,0.3,0.3,3.6,5.0,2.6,0.063,0.081
2025-26,1628467,Maxi Kleber,1610612747,LAL,43,20,23,10.7,9.1,6.4,0.6,0.1,0.0,1.1,1.8,0.7,0.069,0.079
2025-26,1642875,Maxime Raynaud,1610612758,SAC,74,21,53,26.5,32.8,21.8,1.4,0.1,0.1,2.2,3.4,1.6,0.041,0.048
2025-26,1642877,Micah Peavy,1610612740,NOP,61,17,44,15.0,10.4,8.9,1.0,0.1,0.2,1.6,2.6,1.3,0.096,0.125
2025-26,1630695,Micah Potter,1610612754,IND,47,11,36,19.3,22.3,18.2,1.5,0.1,0.1,2.0,3.8,1.7,0.066,0.077
2025-26,1629008,Michael Porter Jr.,1610612751,BKN,52,14,38,32.5,35.2,40.3,3.0,0.2,0.3,5.0,7.4,3.6,0.086,0.102
2025-26,1628969,Mikal Bridges,1610612752,NYK,82,53,29,32.8,40.4,39.5,3.7,0.2,0.6,6.0,9.9,4.5,0.092,0.112
2025-26,201144,Mike Conley,1610612750,MIN,54,33,21,18.4,32.0,31.4,2.9,0.3,0.4,4.8,7.6,3.6,0.091,0.112
2025-26,1628970,Miles Bridges,1610612766,CHA,77,42,35,31.0,34.0,36.7,3.2,0.2,0.4,5.8,8.8,3.8,0.094,0.112
2025-26,1642939,Miles Kelly,1610612742,DAL,14,7,7,9.6,7.1,7.9,0.9,0.0,0.1,1.1,2.3,1.0,0.12,0.14
2025-26,1630540,Miles McBride,1610612752,NYK,41,25,16,26.3,34.1,34.1,2.6,0.2,0.5,4.9,6.9,3.3,0.076,0.097
2025-26,1629011,Mitchell Robinson,1610612752,NYK,60,40,20,19.6,14.7,9.1,0.9,0.1,0.2,1.3,2.4,1.1,0.059,0.076
2025-26,1628964,Mo Bamba,1610612762,UTA,4,3,1,11.0,11.8,5.3,0.3,0.3,0.3,0.8,1.3,0.8,0.021,0.064
2025-26,1642885,Mohamed Diawara,1610612752,NYK,69,42,27,9.2,10.6,9.8,0.8,0.0,0.1,1.4,2.0,0.9,0.073,0.082
2025-26,1628420,Monte Morris,1610612754,IND,6,0,6,10.8,20.7,20.5,1.5,0.2,0.2,4.5,4.0,1.8,0.073,0.089
2025-26,1629021,Moritz Wagner,1610612753,ORL,36,21,15,11.8,12.9,13.1,0.8,0.0,0.2,1.3,1.8,0.9,0.058,0.069
2025-26,1630541,Moses Moody,1610612744,GSW,60,30,30,25.7,19.5,25.0,1.6,0.1,0.3,3.3,4.3,2.0,0.084,0.104
2025-26,1631338,Mouhamadou Gueye,1610612741,CHI,2,0,2,22.7,19.5,16.5,3.0,0.0,0.0,3.0,7.5,3.0,0.154,0.154
2025-26,1631243,Mouhamed Gueye,1610612737,ATL,77,44,33,15.3,13.8,9.7,0.9,0.1,0.1,1.8,2.5,1.0,0.065,0.074
2025-26,1630619,Moussa Cisse,1610612742,DAL,38,11,27,13.9,10.6,6.3,0.2,0.0,0.1,0.7,0.6,0.3,0.022,0.03
2025-26,1631217,Moussa Diabaté,1610612766,CHA,73,40,33,26.0,28.6,18.3,1.9,0.2,0.3,3.0,5.3,2.4,0.067,0.084
2025-26,1626167,Myles Turner,1610612749,MIL,71,30,41,26.9,20.1,23.1,1.5,0.1,0.2,2.2,3.9,1.8,0.072,0.089
2025-26,1642066,Myron Gardner,1610612748,MIA,45,24,21,9.1,11.6,8.4,1.0,0.1,0.2,2.1,2.8,1.3,0.084,0.113
2025-26,1642368,N'Faly Dante,1610612737,ATL,4,3,1,3.9,3.5,2.0,0.0,0.0,0.0,0.0,0.0,0.0,0.0,0.0
2025-26,1641772,Nae'Qwan Tomlin,1610612739,CLE,64,42,22,15.7,11.6,11.0,0.8,0.1,0.1,1.5,2.2,1.1,0.072,0.092
2025-26,1630230,Naji Marshall,1610612742,DAL,74,25,49,29.5,32.4,33.9,3.3,0.3,0.3,5.3,8.1,3.7,0.101,0.115
2025-26,1631466,Nate Williams,1610612744,GSW,14,2,12,17.1,10.4,13.9,1.0,0.1,0.3,2.1,2.4,1.4,0.097,0.131
2025-26,1629675,Naz Reid,1610612750,MIN,77,46,31,26.1,35.6,29.3,2.2,0.1,0.3,3.3,5.7,2.6,0.062,0.073
2025-26,1629674,Neemias Queta,1610612738,BOS,76,52,24,25.3,25.8,20.2,1.7,0.1,0.2,2.6,4.3,1.9,0.064,0.074
2025-26,1629651,Nic Claxton,1610612751,BKN,69,17,52,27.8,36.0,34.5,3.7,0.3,0.2,6.6,9.7,4.1,0.102,0.115
2025-26,1630208,Nick Richards,1610612741,CHI,48,20,28,14.6,13.7,10.8,0.3,0.0,0.1,0.7,0.8,0.4,0.024,0.032
2025-26,1641733,Nick Smith Jr.,1610612747,LAL,30,15,15,12.5,15.9,19.1,1.0,0.2,0.2,2.0,2.6,1.3,0.065,0.084
2025-26,1629638,Nickeil Alexander-Walker,1610612737,ATL,78,43,35,33.4,38.3,46.1,3.7,0.3,0.6,6.8,9.6,4.6,0.096,0.12
2025-26,201587,Nicolas Batum,1610612746,LAC,74,39,35,17.5,19.2,10.0,0.9,0.1,0.1,1.5,2.4,1.1,0.045,0.059
2025-26,1628502,Nigel Hayes-Davis,1610612756,PHX,27,15,12,7.2,6.2,5.0,0.3,0.0,0.0,0.8,0.8,0.3,0.042,0.048
2025-26,203999,Nikola Jokić,1610612743,DEN,65,43,22,34.8,73.0,69.9,10.7,1.3,1.0,17.6,28.2,13.1,0.147,0.179
2025-26,1631107,Nikola Jović,1610612748,MIA,47,24,23,17.2,23.3,22.8,2.2,0.3,0.3,3.9,5.6,2.7,0.093,0.116
2025-26,1642260,Nikola Topić,1610612760,OKC,10,6,4,16.0,27.7,28.0,4.4,0.1,0.2,7.7,11.0,4.7,0.159,0.17
2025-26,202696,Nikola Vučević,1610612738,BOS,64,35,29,28.4,43.8,44.5,3.3,0.1,0.3,5.5,8.4,3.8,0.076,0.086
2025-26,1642363,Nique Clifford,1610612758,SAC,75,21,54,25.1,28.5,25.7,2.4,0.2,0.3,4.2,5.9,2.9,0.084,0.103
2025-26,1642855,Noa Essengue,1610612741,CHI,2,1,1,3.0,2.5,4.0,0.0,0.0,0.0,0.0,0.0,0.0,0.0,0.0
2025-26,1641730,Noah Clowney,1610612751,BKN,66,17,49,27.0,24.3,24.1,1.6,0.2,0.1,3.0,4.5,1.9,0.067,0.078
2025-26,1642869,Noah Penda,1610612753,ORL,59,30,29,12.8,16.8,11.9,1.2,0.1,0.1,2.2,2.9,1.4,0.071,0.082
2025-26,1642849,Nolan Traore,1610612751,BKN,56,14,42,22.2,40.8,44.5,3.8,0.3,0.6,7.6,10.1,4.6,0.093,0.113
2025-26,1641807,Norchad Omier,1610612746,LAC,6,5,1,3.9,6.5,3.8,0.3,0.0,0.0,0.3,0.8,0.3,0.051,0.051
2025-26,1626181,Norman Powell,1610612748,MIA,58,29,29,29.6,23.9,36.6,2.5,0.2,0.4,4.5,6.2,3.1,0.103,0.128
2025-26,1628384,OG Anunoby,1610612752,NYK,67,45,22,33.2,27.1,28.1,2.2,0.2,0.5,4.0,5.8,2.8,0.08,0.103
2025-26,1630167,Obi Toppin,1610612754,IND,24,4,20,17.7,27.1,24.3,2.3,0.1,0.2,3.5,5.9,2.6,0.085,0.095
2025-26,1630534,Ochai Agbaji,1610612751,BKN,62,28,34,15.7,14.2,11.3,0.8,0.1,0.1,1.6,2.1,1.0,0.053,0.071
2025-26,1630846,Olivier Sarr,1610612739,CLE,4,3,1,9.8,10.8,7.8,1.3,0.0,0.0,1.0,3.0,1.3,0.116,0.116
2025-26,1641765,Olivier-Maxence Prosper,1610612763,MEM,53,16,37,18.6,16.9,15.6,1.0,0.1,0.1,1.7,2.4,1.1,0.057,0.067
2025-26,1630209,Omer Yurtseven,1610612744,GSW,9,3,6,11.6,15.9,11.0,0.9,0.2,0.0,1.2,2.7,1.1,0.056,0.07
2025-26,1630168,Onyeka Okongwu,1610612737,ATL,74,41,33,31.0,36.5,34.2,3.1,0.2,0.4,4.6,8.0,3.7,0.086,0.102
2025-26,1631115,Orlando Robinson,1610612753,ORL,4,2,2,6.2,9.8,6.8,0.8,0.3,0.0,1.8,2.0,1.0,0.077,0.103
2025-26,1631131,Oscar Tshiebwe,1610612762,UTA,27,3,24,16.6,14.6,11.7,1.2,0.1,0.1,1.8,3.0,1.4,0.081,0.099
2025-26,1642345,Oso Ighodaro,1610612756,PHX,82,45,37,22.1,26.6,22.4,2.3,0.2,0.2,4.0,6.0,2.6,0.085,0.099
2025-26,1631172,Ousmane Dieng,1610612749,MIL,57,33,24,19.3,23.9,23.4,2.4,0.2,0.4,4.3,6.2,2.9,0.1,0.122
2025-26,1629023,P.J. Washington,1610612742,DAL,56,16,40,31.0,32.1,25.3,1.8,0.3,0.3,2.9,4.6,2.3,0.055,0.07
2025-26,1641790,PJ Hall,1610612766,CHA,19,7,12,11.2,10.8,8.2,0.5,0.1,0.1,1.1,1.3,0.6,0.049,0.058
2025-26,1642359,Pacôme Dadiet,1610612752,NYK,29,18,11,4.7,5.0,4.5,0.4,0.0,0.0,0.6,1.0,0.5,0.083,0.097
2025-26,1631094,Paolo Banchero,1610612753,ORL,72,38,34,34.7,50.4,52.4,5.2,0.3,0.7,9.1,13.0,6.1,0.103,0.12
2025-26,1627783,Pascal Siakam,1610612754,IND,62,17,45,33.2,44.1,49.8,3.8,0.3,0.7,7.4,10.2,4.9,0.086,0.11
2025-26,1626192,Pat Connaughton,1610612766,CHA,42,25,17,7.1,8.5,6.5,0.4,0.1,0.0,1.3,1.2,0.6,0.05,0.07
2025-26,1630311,Pat Spencer,1610612744,GSW,66,30,36,18.6,35.5,37.0,3.5,0.3,0.5,6.9,9.5,4.4,0.099,0.124
2025-26,1631116,Patrick Baldwin Jr.,1610612758,SAC,9,3,6,11.4,8.2,6.8,0.6,0.0,0.2,1.1,1.3,0.8,0.068,0.095
2025-26,1630172,Patrick Williams,1610612741,CHI,72,24,48,20.5,22.0,18.6,1.5,0.1,0.2,3.0,3.8,1.8,0.066,0.08
2025-26,202331,Paul George,1610612755,PHI,37,22,15,30.7,43.5,41.2,3.6,0.5,0.5,6.4,9.4,4.6,0.083,0.106
2025-26,1630194,Paul Reed,1610612765,DET,65,47,18,13.9,15.5,12.4,1.2,0.0,0.2,1.9,3.2,1.4,0.08,0.093
2025-26,1630202,Payton Pritchard,1610612738,BOS,79,54,25,32.3,50.9,59.3,5.2,0.4,0.8,9.3,13.4,6.3,0.101,0.123
2025-26,1642362,Payton Sandfort,1610612760,OKC,4,2,2,15.8,8.8,10.3,0.0,0.0,0.0,0.3,0.0,0.0,0.0,0.0
2025-26,1641796,Pelle Larsson,1610612748,MIA,70,38,32,26.4,26.4,28.3,3.4,0.3,0.4,5.1,8.6,4.1,0.128,0.156
2025-26,1631250,Pete Nance,1610612749,MIL,47,14,33,15.7,18.9,15.8,1.0,0.1,0.1,2.0,2.7,1.1,0.054,0.061
2025-26,1631212,Peyton Watson,1610612743,DEN,54,36,18,29.6,35.9,32.5,2.1,0.3,0.2,3.9,5.7,2.5,0.057,0.07
2025-26,1630173,Precious Achiuwa,1610612758,SAC,73,20,53,23.9,20.1,16.7,1.4,0.0,0.1,1.9,3.4,1.5,0.069,0.073
2025-26,1629656,Quentin Grimes,1610612755,PHI,75,42,33,29.4,32.6,37.0,3.3,0.3,0.5,5.6,8.5,4.1,0.1,0.125
2025-26,1631245,Quenton Jackson,1610612754,IND,49,10,39,18.3,30.4,32.5,2.9,0.2,0.5,5.1,7.6,3.6,0.094,0.118
2025-26,1642366,Quinten Post,1610612744,GSW,67,32,35,17.3,23.8,21.0,1.4,0.2,0.3,2.4,3.7,1.9,0.059,0.08
2025-26,1629628,RJ Barrett,1610612761,TOR,57,34,23,30.3,34.5,36.1,3.3,0.4,0.5,6.4,8.6,4.1,0.096,0.12
2025-26,1642853,Rasheer Fleming,1610612756,PHX,55,29,26,12.2,5.9,7.0,0.3,0.0,0.1,0.6,0.7,0.4,0.049,0.071
2025-26,1642484,RayJ Dennis,1610612737,ATL,17,3,14,12.1,24.6,27.2,1.9,0.3,0.5,4.4,5.1,2.8,0.079,0.112
2025-26,1641712,Rayan Rupert,1610612763,MEM,64,29,35,16.8,16.6,12.2,1.1,0.1,0.1,2.1,3.0,1.3,0.064,0.078
2025-26,1642263,Reed Sheppard,1610612745,HOU,82,52,30,26.2,39.6,41.5,3.4,0.4,0.5,5.9,8.7,4.3,0.085,0.107
2025-26,1642434,Riley Minix,1610612739,CLE,9,7,2,6.5,6.7,5.4,0.6,0.1,0.0,1.3,1.4,0.7,0.083,0.1
2025-26,1642265,Rob Dillingham,1610612741,CHI,65,29,36,14.9,21.1,24.3,2.2,0.3,0.3,4.3,5.8,2.8,0.104,0.132
2025-26,1629057,Robert Williams III,1610612757,POR,59,30,29,17.1,18.1,11.8,1.0,0.0,0.2,1.7,2.5,1.2,0.056,0.064
2025-26,1642911,Rocco Zikarsky,1610612750,MIN,5,1,4,7.3,8.6,4.0,0.4,0.0,0.0,0.4,0.8,0.4,0.047,0.047
2025-26,1631199,Ron Harper Jr.,1610612738,BOS,29,22,7,10.9,10.9,11.2,0.8,0.1,0.1,1.3,2.1,0.9,0.069,0.085
2025-26,1641842,Ronald Holland II,1610612765,DET,78,56,22,19.9,22.1,17.7,1.2,0.0,0.1,2.3,3.0,1.4,0.055,0.064
2025-26,1626220,Royce O'Neale,1610612756,PHX,78,43,35,28.4,42.4,28.6,2.7,0.1,0.4,4.8,6.7,3.2,0.063,0.075
2025-26,203497,Rudy Gobert,1610612750,MIN,76,46,30,31.3,34.2,20.9,1.7,0.1,0.3,2.4,4.4,2.0,0.049,0.059
2025-26,1629060,Rui Hachimura,1610612747,LAL,68,47,21,28.3,20.0,19.3,0.8,0.1,0.1,1.4,2.2,1.0,0.042,0.049
2025-26,201566,Russell Westbrook,1610612758,SAC,64,16,48,28.9,49.3,50.8,6.7,0.7,0.4,11.6,16.0,7.8,0.135,0.157
2025-26,1642346,Ryan Dunn,1610612756,PHX,70,40,30,19.4,18.6,14.5,1.5,0.1,0.1,2.4,3.8,1.7,0.078,0.089
2025-26,1641750,Ryan Kalkbrenner,1610612766,CHA,69,39,30,21.4,17.1,12.8,0.8,0.1,0.2,1.6,2.2,1.0,0.046,0.061
2025-26,1642948,Ryan Nembhard,1610612742,DAL,60,20,40,19.5,33.7,37.0,5.3,0.3,0.6,8.0,13.1,6.1,0.156,0.182
2025-26,1631157,Ryan Rollins,1610612749,MIL,74,29,45,32.1,51.1,57.8,5.6,0.5,0.9,10.3,14.8,7.0,0.109,0.136
2025-26,1630180,Saddiq Bey,1610612740,NOP,72,24,48,31.2,25.8,30.6,2.5,0.1,0.2,4.2,6.5,2.8,0.098,0.111
2025-26,1630573,Sam Hauser,1610612738,BOS,78,54,24,24.8,26.7,20.3,1.5,0.0,0.1,2.3,3.8,1.6,0.055,0.061
2025-26,1630241,Sam Merrill,1610612739,CLE,52,37,15,26.5,29.5,31.2,2.4,0.4,0.3,4.3,6.2,3.1,0.081,0.106
2025-26,1630572,Sandro Mamukelashvili,1610612761,TOR,80,44,36,21.9,24.5,22.1,1.9,0.2,0.2,3.4,4.9,2.2,0.077,0.091
2025-26,1630583,Santi Aldama,1610612763,MEM,43,19,24,27.9,39.5,34.0,2.9,0.2,0.5,5.2,7.7,3.6,0.074,0.091
2025-26,1630703,Scoot Henderson,1610612757,POR,30,18,12,24.9,37.3,45.2,3.7,0.6,0.7,7.9,10.3,5.0,0.1,0.135
2025-26,1630567,Scottie Barnes,1610612761,TOR,80,45,35,33.5,50.6,45.8,5.9,0.6,0.6,10.1,14.7,7.1,0.117,0.14
2025-26,1630590,Scotty Pippen Jr.,1610612763,MEM,10,2,8,21.2,34.3,39.8,4.7,0.1,0.4,8.3,11.8,5.2,0.137,0.152
2025-26,1642951,Sean Pedulla,1610612746,LAC,7,4,3,4.4,5.3,6.4,0.7,0.0,0.0,1.0,1.4,0.7,0.135,0.135
2025-26,203552,Seth Curry,1610612744,GSW,10,1,9,13.3,12.9,15.1,1.0,0.0,0.1,1.9,2.1,1.1,0.078,0.085
2025-26,1631101,Shaedon Sharpe,1610612757,POR,50,24,26,29.4,30.9,41.7,2.6,0.3,0.5,5.6,7.4,3.4,0.085,0.111
2025-26,1628983,Shai Gilgeous-Alexander,1610612760,OKC,68,56,12,33.2,38.5,57.1,6.6,0.5,0.9,13.0,17.5,8.0,0.171,0.206
2025-26,1630536,Sharife Cooper,1610612764,WAS,41,6,35,17.1,27.4,27.7,3.0,0.2,0.2,5.2,7.9,3.4,0.111,0.126
2025-26,1631321,Sidy Cissoko,1610612757,POR,75,39,36,19.1,17.0,15.3,1.5,0.1,0.1,2.7,3.9,1.7,0.086,0.1
2025-26,1631323,Simone Fontecchio,1610612748,MIA,70,36,34,16.8,16.6,16.8,1.4,0.1,0.3,2.3,3.8,1.9,0.087,0.114
2025-26,1642883,Sion James,1610612766,CHA,82,44,38,22.5,27.3,21.8,2.0,0.2,0.2,3.5,5.6,2.3,0.073,0.086
2025-26,1627746,Skal Labissiere,1610612764,WAS,3,2,1,12.5,18.3,14.0,1.0,0.3,0.0,2.3,3.3,1.3,0.055,0.073
2025-26,1642461,Spencer Jones,1610612743,DEN,64,41,23,22.1,11.8,9.0,0.8,0.1,0.1,1.5,2.2,1.0,0.068,0.084
2025-26,1630649,Stanley Umude,1610612759,SAS,2,2,0,3.3,3.0,3.0,0.5,0.0,0.0,0.0,1.0,0.5,0.167,0.167
2025-26,201939,Stephen Curry,1610612744,GSW,43,24,19,30.9,38.9,56.2,4.7,0.5,1.3,8.7,11.9,6.5,0.121,0.167
2025-26,1642264,Stephon Castle,1610612759,SAS,68,51,17,30.0,48.8,52.1,7.4,0.6,0.8,12.7,19.6,8.7,0.151,0.179
2025-26,203500,Steven Adams,1610612745,HOU,32,21,11,22.8,21.2,13.6,1.5,0.1,0.3,2.2,3.4,1.8,0.071,0.086
2025-26,1629004,Svi Mykhailiuk,1610612762,UTA,50,14,36,23.1,20.1,20.0,1.9,0.2,0.3,3.6,4.9,2.3,0.092,0.114
2025-26,204456,T.J. McConnell,1610612754,IND,56,15,41,17.2,38.9,41.8,5.1,0.5,0.6,9.2,13.9,6.2,0.132,0.16
2025-26,1643007,Taelon Peter,1610612754,IND,38,6,32,13.0,15.3,14.5,1.1,0.1,0.3,1.9,2.8,1.4,0.069,0.095
2025-26,201959,Taj Gibson,1610612763,MEM,10,1,9,9.7,6.7,6.0,0.6,0.0,0.0,1.2,1.5,0.6,0.09,0.09
2025-26,1631106,Tari Eason,1610612745,HOU,60,38,22,25.8,26.7,21.0,1.5,0.1,0.3,2.6,3.8,1.9,0.056,0.071
2025-26,1627752,Taurean Prince,1610612749,MIL,26,10,16,23.5,22.3,20.5,1.8,0.1,0.3,3.0,4.8,2.2,0.079,0.096
2025-26,1641707,Taylor Hendricks,1610612763,MEM,59,12,47,19.0,13.7,12.0,0.9,0.0,0.1,1.4,2.4,1.0,0.068,0.073
2025-26,1629611,Terance Mann,1610612751,BKN,63,15,48,24.3,32.3,29.6,3.0,0.2,0.2,5.7,7.9,3.4,0.093,0.106
2025-26,1630545,Terrence Shannon Jr.,1610612750,MIN,43,24,19,12.5,10.1,12.3,0.9,0.0,0.1,2.0,2.3,1.0,0.087,0.099
2025-26,203648,Thanasis Antetokounmpo,1610612749,MIL,34,9,25,4.4,4.6,4.3,0.4,0.1,0.0,1.1,1.4,0.5,0.097,0.11
2025-26,1628418,Thomas Bryant,1610612739,CLE,60,37,23,12.2,14.2,11.9,0.6,0.1,0.1,0.9,1.5,0.7,0.039,0.049
2025-26,1642275,Tidjane Salaün,1610612766,CHA,37,19,18,15.6,16.5,11.0,0.7,0.1,0.1,1.8,2.2,0.9,0.044,0.057
2025-26,203501,Tim Hardaway Jr.,1610612743,DEN,80,52,28,26.6,19.5,21.6,1.4,0.1,0.2,2.1,3.4,1.6,0.069,0.083
2025-26,202699,Tobias Harris,1610612765,DET,63,46,17,27.7,29.0,27.2,2.5,0.3,0.4,4.3,6.4,3.2,0.086,0.109
2025-26,1643253,Toby Okani,1610612763,MEM,6,0,6,36.2,17.0,20.7,1.0,0.3,0.3,2.5,3.2,1.7,0.059,0.098
2025-26,1642449,Tolu Smith,1610612765,DET,15,11,4,9.2,9.8,8.1,0.9,0.0,0.1,1.3,2.3,0.9,0.088,0.095
2025-26,1628396,Tony Bradley,1610612737,ATL,41,10,31,11.0,8.4,6.6,0.5,0.1,0.0,1.0,1.5,0.7,0.064,0.078
2025-26,1641787,Tosan Evbuomwan,1610612766,CHA,5,4,1,1.5,1.4,1.0,0.0,0.2,0.0,0.6,0.4,0.2,0.0,0.143
2025-26,1641739,Toumani Camara,1610612757,POR,82,42,40,33.3,41.1,33.3,2.5,0.2,0.4,4.7,6.6,3.0,0.06,0.073
2025-26,1629027,Trae Young,1610612764,WAS,15,2,13,25.6,43.1,53.1,8.0,0.9,0.8,14.8,21.3,9.7,0.186,0.226
2025-26,1631218,Trayce Jackson-Davis,1610612761,TOR,53,29,24,9.4,11.8,9.7,0.7,0.1,0.1,1.7,2.0,0.9,0.062,0.074
2025-26,1642848,Tre Johnson,1610612764,WAS,60,12,48,24.0,19.5,24.6,2.0,0.2,0.2,3.7,5.2,2.4,0.104,0.122
2025-26,1630200,Tre Jones,1610612741,CHI,65,27,38,27.0,46.2,49.2,5.4,0.3,0.7,10.8,14.0,6.4,0.117,0.138
2025-26,1630544,Tre Mann,1610612766,CHA,53,30,23,12.6,18.8,20.5,1.6,0.2,0.2,3.4,4.4,2.0,0.086,0.107
2025-26,1630570,Trendon Watford,1610612755,PHI,53,27,26,16.3,30.6,24.6,2.5,0.2,0.2,4.4,6.4,2.9,0.081,0.094
2025-26,1642280,Trentyn Flowers,1610612741,CHI,2,0,2,2.8,2.0,3.0,0.5,0.0,0.0,0.5,1.0,0.5,0.25,0.25
2025-26,1630286,Trevon Scott,1610612751,BKN,6,2,4,30.4,31.0,26.3,1.7,0.0,0.7,3.5,4.2,2.3,0.054,0.075
2025-26,1631211,Trevor Keels,1610612748,MIA,8,6,2,1.9,1.9,2.9,0.0,0.0,0.0,0.1,0.0,0.0,0.0,0.0
2025-26,1641725,Trey Alexander,1610612740,NOP,9,2,7,12.3,12.0,12.4,1.0,0.1,0.1,2.0,2.7,1.2,0.083,0.102
2025-26,1641998,Trey Jemison III,1610612752,NYK,13,10,3,6.3,4.8,4.2,0.4,0.0,0.0,0.7,0.8,0.4,0.079,0.079
2025-26,1630530,Trey Murphy III,1610612740,NOP,66,21,45,35.5,40.2,43.5,3.8,0.3,0.5,7.0,9.5,4.6,0.094,0.114
2025-26,1642400,Tristan Enaruna,1610612739,CLE,9,8,1,9.5,7.9,7.9,0.8,0.0,0.0,1.1,1.8,0.8,0.099,0.099
2025-26,1641774,Tristan Vukcevic,1610612764,WAS,49,8,41,13.7,14.4,16.3,1.1,0.2,0.1,1.6,2.8,1.4,0.078,0.095
2025-26,1641783,Tristan da Silva,1610612753,ORL,77,43,34,24.7,20.9,20.0,1.6,0.1,0.2,2.4,3.9,1.9,0.077,0.09
2025-26,1641803,Tristen Newton,1610612745,HOU,1,1,0,12.0,10.0,15.0,0.0,0.0,0.0,0.0,0.0,0.0,0.0,0.0
2025-26,1629660,Ty Jerome,1610612763,MEM,15,3,12,22.6,33.7,45.0,5.7,0.5,0.6,8.1,14.3,6.7,0.168,0.2
2025-26,1631102,TyTy Washington Jr.,1610612746,LAC,16,8,8,5.5,8.1,8.1,1.1,0.3,0.1,1.8,2.9,1.5,0.132,0.186
2025-26,1631174,Tyler Burton,1610612763,MEM,12,2,10,25.6,21.5,20.1,1.0,0.0,0.3,1.4,2.5,1.3,0.047,0.058
2025-26,1629639,Tyler Herro,1610612748,MIA,33,14,19,31.3,39.6,45.2,4.1,0.4,0.6,6.8,10.7,5.1,0.104,0.129
2025-26,1642278,Tyler Kolek,1610612752,NYK,62,39,23,11.7,23.2,22.6,2.7,0.2,0.3,5.1,7.2,3.3,0.118,0.14
2025-26,1641890,Tyler Smith,1610612742,DAL,12,2,10,13.8,11.5,7.0,0.4,0.1,0.1,0.9,1.2,0.6,0.036,0.051
2025-26,1631213,Tyrese Martin,1610612755,PHI,46,12,34,16.9,25.0,23.7,1.7,0.1,0.2,3.7,4.3,2.0,0.068,0.079
2025-26,1630178,Tyrese Maxey,1610612755,PHI,70,38,32,38.0,66.0,77.9,6.6,0.8,1.1,12.2,17.5,8.4,0.1,0.127
2025-26,1642878,Tyrese Proctor,1610612739,CLE,50,33,17,10.9,14.0,16.9,1.5,0.2,0.4,3.1,3.9,2.1,0.106,0.15
2025-26,1630623,Tyson Etienne,1610612751,BKN,24,5,19,15.8,16.5,20.0,1.7,0.0,0.2,2.8,4.1,1.8,0.101,0.111
2025-26,1626145,Tyus Jones,1610612743,DEN,67,37,30,14.6,27.5,25.9,2.4,0.3,0.3,4.1,6.3,3.0,0.086,0.108
2025-26,1642845,VJ Edgecombe,1610612755,PHI,75,43,32,35.0,52.1,52.5,4.2,0.4,0.5,6.9,11.0,5.2,0.081,0.099
2025-26,1641705,Victor Wembanyama,1610612759,SAS,64,50,14,29.2,34.2,37.0,3.1,0.2,0.6,5.6,8.0,3.9,0.091,0.114
2025-26,1631246,Vince Williams Jr.,1610612762,UTA,40,16,24,20.5,38.0,39.1,4.2,0.4,0.6,7.1,11.0,5.1,0.109,0.135
2025-26,1642884,Vladislav Goldin,1610612748,MIA,9,5,4,2.7,1.8,1.1,0.3,0.0,0.0,0.3,0.8,0.3,0.188,0.188
2025-26,1630249,Vít Krejčí,1610612757,POR,65,32,33,21.4,21.9,21.5,1.5,0.1,0.2,3.0,3.9,1.8,0.07,0.084
2025-26,1631117,Walker Kessler,1610612762,UTA,5,2,3,30.8,40.6,33.0,3.0,0.8,0.4,5.8,9.0,4.2,0.074,0.103
2025-26,1642383,Walter Clayton Jr.,1610612763,MEM,69,17,52,20.4,35.1,36.3,4.0,0.4,0.5,7.3,10.5,5.0,0.115,0.141
2025-26,1628976,Wendell Carter Jr.,1610612753,ORL,78,43,35,29.3,27.1,24.9,2.0,0.1,0.2,2.9,4.9,2.2,0.073,0.082
2025-26,1631111,Wendell Moore Jr.,1610612765,DET,6,5,1,9.9,9.0,6.7,0.7,0.0,0.0,1.0,2.0,0.7,0.074,0.074
2025-26,1642954,Will Richard,1610612744,GSW,69,34,35,20.0,17.9,17.6,1.3,0.2,0.3,2.6,3.8,1.8,0.075,0.103
2025-26,1642860,Will Riley,1610612764,WAS,74,16,58,22.1,23.4,24.1,2.0,0.1,0.3,3.8,5.1,2.4,0.084,0.104
2025-26,1630214,Xavier Tillman,1610612766,CHA,30,21,9,6.1,6.4,4.9,0.4,0.0,0.0,0.8,1.2,0.5,0.068,0.079
2025-26,1642905,Yang Hansen,1610612757,POR,43,24,19,7.0,5.6,6.0,0.5,0.0,0.0,0.6,1.3,0.5,0.092,0.096
2025-26,1642949,Yanic Konan Niederhäuser,1610612746,LAC,41,22,19,10.3,7.6,6.1,0.3,0.0,0.1,0.4,0.7,0.4,0.038,0.054
2025-26,1642530,Yuki Kawamura,1610612741,CHI,18,6,12,11.6,19.9,19.4,2.6,0.2,0.3,4.3,6.4,3.1,0.131,0.154
2025-26,1642274,Yves Missi,1610612740,NOP,66,19,47,19.7,18.2,13.2,1.3,0.0,0.1,1.8,3.3,1.4,0.07,0.078
2025-26,1642258,Zaccharie Risacher,1610612737,ATL,67,39,28,22.4,16.2,16.1,1.1,0.1,0.2,2.0,3.0,1.4,0.07,0.089
2025-26,1628380,Zach Collins,1610612741,CHI,10,6,4,18.4,21.6,19.9,1.5,0.2,0.1,2.4,4.0,1.8,0.069,0.083
2025-26,1641744,Zach Edey,1610612763,MEM,11,7,4,25.8,23.4,20.3,1.1,0.0,0.1,1.9,2.8,1.2,0.047,0.051
2025-26,203897,Zach LaVine,1610612758,SAC,39,9,30,31.4,32.3,37.8,2.3,0.1,0.3,4.8,5.7,2.7,0.071,0.083
2025-26,1630192,Zeke Nnaji,1610612743,DEN,52,38,14,12.0,10.1,8.8,0.6,0.1,0.1,0.7,1.5,0.7,0.055,0.069
2025-26,1630533,Ziaire Williams,1610612751,BKN,56,13,43,22.9,16.2,18.2,1.1,0.1,0.2,2.3,2.8,1.4,0.066,0.088
2025-26,1629627,Zion Williamson,1610612740,NOP,62,22,40,29.7,29.1,34.9,3.2,0.2,0.3,6.2,8.7,3.8,0.11,0.13
2025-26,1642389,Zyon Pullin,1610612750,MIN,5,4,1,8.5,13.4,13.6,1.8,0.4,0.0,2.2,5.4,2.2,0.134,0.164
