Season,PLAYER_ID,PLAYER_NAME,PLAYER_LAST_TEAM_ID,PLAYER_LAST_TEAM_ABBREVIATION,AGE,GP,G,FGA_FREQUENCY,FGM,FGA,FG_PCT,EFG_PCT,FG2A_FREQUENCY,FG2M,FG2A,FG2_PCT,FG3A_FREQUENCY,FG3M,FG3A,FG3_PCT
2025-26,1630178,Tyrese Maxey,1610612755,PHI,25.0,70,70,0.294,203,441,0.46,0.619,0.067,63,101,0.624,0.227,140,340,0.412
2025-26,1641739,Toumani Camara,1610612757,POR,25.0,82,82,0.467,166,415,0.4,0.587,0.015,11,13,0.846,0.452,155,402,0.386
2025-26,1626220,Royce O'Neale,1610612756,PHX,32.0,78,77,0.652,166,401,0.414,0.616,0.007,4,4,1.0,0.646,162,397,0.408
2025-26,1630193,Immanuel Quickley,1610612761,TOR,26.0,70,69,0.445,155,398,0.389,0.552,0.056,26,50,0.52,0.389,129,348,0.371
2025-26,1630202,Payton Pritchard,1610612738,BOS,28.0,79,79,0.349,171,381,0.449,0.623,0.057,38,62,0.613,0.292,133,319,0.417
2025-26,1630163,LaMelo Ball,1610612766,CHA,24.0,72,72,0.306,158,381,0.415,0.608,0.015,11,19,0.579,0.291,147,362,0.406
2025-26,1631221,Collin Gillespie,1610612756,PHX,26.0,80,77,0.435,154,362,0.425,0.612,0.047,19,39,0.487,0.388,135,323,0.418
2025-26,1628978,Donte DiVincenzo,1610612750,MIN,29.0,82,80,0.42,144,347,0.415,0.607,0.017,11,14,0.786,0.403,133,333,0.399
2025-26,1628389,Bam Adebayo,1610612748,MIA,28.0,73,73,0.276,132,315,0.419,0.583,0.036,29,41,0.707,0.24,103,274,0.376
2025-26,1628401,Derrick White,1610612738,BOS,31.0,77,77,0.28,125,310,0.403,0.566,0.032,24,36,0.667,0.247,101,274,0.369
2025-26,1630643,Jay Huff,1610612754,IND,28.0,82,78,0.507,111,310,0.358,0.513,0.028,15,17,0.882,0.48,96,293,0.328
2025-26,1642263,Reed Sheppard,1610612745,HOU,21.0,82,79,0.33,152,306,0.497,0.711,0.029,21,27,0.778,0.301,131,279,0.47
2025-26,1630168,Onyeka Okongwu,1610612737,ATL,25.0,74,73,0.345,123,297,0.414,0.604,0.016,10,14,0.714,0.329,113,283,0.399
2025-26,1642851,Kon Knueppel,1610612766,CHA,20.0,81,79,0.272,142,295,0.481,0.702,0.018,12,20,0.6,0.254,130,275,0.473
2025-26,1629614,Andrew Nembhard,1610612754,IND,26.0,57,57,0.384,121,289,0.419,0.561,0.094,39,71,0.549,0.29,82,218,0.376
2025-26,1630530,Trey Murphy III,1610612740,NOP,25.0,66,64,0.274,138,288,0.479,0.667,0.034,30,36,0.833,0.24,108,252,0.429
2025-26,1626167,Myles Turner,1610612749,MIL,30.0,71,69,0.445,123,287,0.429,0.617,0.04,15,26,0.577,0.405,108,261,0.414
2025-26,1629675,Naz Reid,1610612750,MIN,26.0,77,74,0.333,107,286,0.374,0.552,0.01,5,9,0.556,0.322,102,277,0.368
2025-26,1642846,Ace Bailey,1610612762,UTA,19.0,72,70,0.318,107,281,0.381,0.52,0.058,29,51,0.569,0.26,78,230,0.339
2025-26,1641706,Brandon Miller,1610612766,CHA,23.0,65,65,0.267,121,279,0.434,0.615,0.032,20,33,0.606,0.235,101,246,0.411
2025-26,1631157,Ryan Rollins,1610612749,MIL,23.0,74,74,0.268,132,276,0.478,0.674,0.038,24,39,0.615,0.23,108,237,0.456
2025-26,1629638,Nickeil Alexander-Walker,1610612737,ATL,27.0,78,76,0.228,143,273,0.524,0.727,0.039,32,47,0.681,0.189,111,226,0.491
2025-26,1641764,Brandin Podziemski,1610612744,GSW,23.0,82,78,0.321,119,273,0.436,0.612,0.047,23,40,0.575,0.274,96,233,0.412
2025-26,201566,Russell Westbrook,1610612758,SAC,37.0,64,62,0.325,107,273,0.392,0.559,0.042,16,35,0.457,0.284,91,238,0.382
2025-26,1627750,Jamal Murray,1610612743,DEN,29.0,75,71,0.195,130,265,0.491,0.691,0.032,24,43,0.558,0.164,106,222,0.477
2025-26,1630180,Saddiq Bey,1610612740,NOP,27.0,72,71,0.274,102,265,0.385,0.547,0.032,16,31,0.516,0.242,86,234,0.368
2025-26,1630573,Sam Hauser,1610612738,BOS,28.0,78,75,0.439,113,264,0.428,0.633,0.02,5,12,0.417,0.419,108,252,0.429
2025-26,1628970,Miles Bridges,1610612766,CHA,28.0,77,72,0.253,98,264,0.371,0.534,0.021,12,22,0.545,0.232,86,242,0.355
2025-26,202696,Nikola Vučević,1610612738,BOS,35.0,64,61,0.329,118,263,0.449,0.616,0.051,30,41,0.732,0.278,88,222,0.396
2025-26,1630572,Sandro Mamukelashvili,1610612761,TOR,26.0,80,76,0.421,108,263,0.411,0.582,0.03,18,19,0.947,0.391,90,244,0.369
2025-26,1630591,Jalen Suggs,1610612753,ORL,24.0,57,56,0.403,109,261,0.418,0.571,0.065,29,42,0.69,0.338,80,219,0.365
2025-26,203110,Draymond Green,1610612744,GSW,36.0,68,63,0.528,94,256,0.367,0.537,0.021,7,10,0.7,0.507,87,246,0.354
2025-26,1641710,Anthony Black,1610612753,ORL,22.0,64,61,0.332,92,255,0.361,0.504,0.04,19,31,0.613,0.292,73,224,0.326
2025-26,1628960,Grayson Allen,1610612756,PHX,30.0,51,50,0.391,106,254,0.417,0.61,0.015,8,10,0.8,0.376,98,244,0.402
2025-26,1630245,Ayo Dosunmu,1610612750,MIN,26.0,69,67,0.327,115,241,0.477,0.672,0.034,21,25,0.84,0.293,94,216,0.435
2025-26,1642847,Jeremiah Fears,1610612740,NOP,19.0,82,77,0.24,96,241,0.398,0.548,0.042,24,42,0.571,0.198,72,199,0.362
2025-26,1629652,Luguentz Dort,1610612760,OKC,26.0,69,64,0.443,100,232,0.431,0.608,0.057,18,30,0.6,0.385,82,202,0.406
2025-26,203084,Harrison Barnes,1610612759,SAS,33.0,77,76,0.401,94,231,0.407,0.597,0.01,6,6,1.0,0.391,88,225,0.391
2025-26,1630166,Deni Avdija,1610612757,POR,25.0,66,59,0.213,98,226,0.434,0.608,0.022,19,23,0.826,0.191,79,203,0.389
2025-26,1642264,Stephon Castle,1610612759,SAS,21.0,68,64,0.277,89,224,0.397,0.545,0.043,23,35,0.657,0.234,66,189,0.349
2025-26,1630552,Jalen Johnson,1610612737,ATL,24.0,72,68,0.18,96,221,0.434,0.588,0.032,28,39,0.718,0.148,68,182,0.374
2025-26,1631119,Jaylin Williams,1610612760,OKC,23.0,65,60,0.628,87,221,0.394,0.572,0.043,8,15,0.533,0.585,79,206,0.383
2025-26,1641783,Tristan da Silva,1610612753,ORL,24.0,77,75,0.355,94,220,0.427,0.616,0.026,11,16,0.688,0.329,83,204,0.407
2025-26,1642347,Jamal Shead,1610612761,TOR,23.0,82,77,0.44,77,219,0.352,0.509,0.03,8,15,0.533,0.41,69,204,0.338
2025-26,1630198,Isaiah Joe,1610612760,OKC,26.0,71,62,0.401,108,218,0.495,0.716,0.028,12,15,0.8,0.374,96,203,0.473
2025-26,1642267,Bub Carrington,1610612764,WAS,20.0,82,77,0.295,96,218,0.44,0.599,0.054,27,40,0.675,0.241,69,178,0.388
2025-26,1628415,Dillon Brooks,1610612756,PHX,30.0,56,54,0.227,79,218,0.362,0.511,0.03,14,29,0.483,0.197,65,189,0.344
2025-26,1628976,Wendell Carter Jr.,1610612753,ORL,26.0,78,74,0.342,81,217,0.373,0.521,0.05,17,32,0.531,0.291,64,185,0.346
2025-26,1630631,Jose Alvarado,1610612752,NYK,28.0,69,62,0.479,86,215,0.4,0.579,0.031,9,14,0.643,0.448,77,201,0.383
2025-26,1629661,Cameron Johnson,1610612743,DEN,30.0,54,53,0.451,104,214,0.486,0.689,0.051,17,24,0.708,0.401,87,190,0.458
2025-26,203944,Julius Randle,1610612750,MIN,31.0,79,74,0.179,91,214,0.425,0.551,0.047,37,56,0.661,0.132,54,158,0.342
2025-26,1630558,Davion Mitchell,1610612748,MIA,27.0,70,67,0.403,90,214,0.421,0.596,0.051,15,27,0.556,0.352,75,187,0.401
2025-26,1630581,Josh Giddey,1610612741,CHI,23.0,54,53,0.293,89,210,0.424,0.595,0.036,17,26,0.654,0.257,72,184,0.391
2025-26,1628378,Donovan Mitchell,1610612739,CLE,29.0,70,65,0.149,111,209,0.531,0.73,0.029,28,41,0.683,0.12,83,168,0.494
2025-26,1630577,Julian Champagnie,1610612759,SAS,24.0,82,78,0.306,108,209,0.517,0.744,0.019,13,13,1.0,0.287,95,196,0.485
2025-26,1628368,De'Aaron Fox,1610612759,SAS,28.0,72,68,0.203,83,209,0.397,0.541,0.037,23,38,0.605,0.166,60,171,0.351
2025-26,203935,Marcus Smart,1610612747,LAL,32.0,62,61,0.439,75,209,0.359,0.526,0.023,5,11,0.455,0.416,70,198,0.354
2025-26,1628969,Mikal Bridges,1610612752,NYK,29.0,82,77,0.216,106,208,0.51,0.637,0.075,53,72,0.736,0.141,53,136,0.39
2025-26,203468,CJ McCollum,1610612737,ATL,34.0,76,66,0.18,89,208,0.428,0.603,0.023,16,27,0.593,0.157,73,181,0.403
2025-26,203501,Tim Hardaway Jr.,1610612743,DEN,34.0,80,69,0.265,103,206,0.5,0.733,0.015,7,12,0.583,0.249,96,194,0.495
2025-26,201572,Brook Lopez,1610612746,LAC,38.0,75,65,0.38,84,206,0.408,0.602,0.015,4,8,0.5,0.365,80,198,0.404
2025-26,1630183,Jaden McDaniels,1610612750,MIN,25.0,73,67,0.256,101,205,0.493,0.668,0.055,29,44,0.659,0.201,72,161,0.447
2025-26,1629060,Rui Hachimura,1610612747,LAL,28.0,68,63,0.344,104,204,0.51,0.716,0.047,20,28,0.714,0.297,84,176,0.477
2025-26,1642366,Quinten Post,1610612744,GSW,26.0,67,58,0.467,80,204,0.392,0.566,0.034,9,15,0.6,0.432,71,189,0.376
2025-26,1630171,Isaac Okoro,1610612741,CHI,25.0,63,59,0.452,80,204,0.392,0.561,0.024,11,11,1.0,0.428,69,193,0.358
2025-26,1641717,Cason Wallace,1610612760,OKC,22.0,77,73,0.35,78,204,0.382,0.534,0.036,16,21,0.762,0.314,62,183,0.339
2025-26,1631222,Jake LaRavia,1610612747,LAL,24.0,82,67,0.39,72,204,0.353,0.5,0.027,12,14,0.857,0.363,60,190,0.316
2025-26,1627739,Kris Dunn,1610612746,LAC,32.0,82,66,0.426,87,203,0.429,0.601,0.052,17,25,0.68,0.373,70,178,0.393
2025-26,1631095,Jabari Smith Jr.,1610612745,HOU,22.0,77,68,0.208,85,201,0.423,0.595,0.024,16,23,0.696,0.184,69,178,0.388
2025-26,1627783,Pascal Siakam,1610612754,IND,32.0,62,61,0.174,79,201,0.393,0.537,0.042,21,49,0.429,0.132,58,152,0.382
2025-26,1628384,OG Anunoby,1610612752,NYK,28.0,67,58,0.249,97,200,0.485,0.66,0.041,27,33,0.818,0.208,70,167,0.419
2025-26,1642377,Jaylen Wells,1610612763,MEM,22.0,69,67,0.287,75,200,0.375,0.528,0.037,14,26,0.538,0.249,61,174,0.351
2025-26,1631248,Baylor Scheierman,1610612738,BOS,25.0,77,62,0.59,79,197,0.401,0.584,0.03,7,10,0.7,0.56,72,187,0.385
2025-26,1630217,Desmond Bane,1610612753,ORL,27.0,82,75,0.163,90,196,0.459,0.64,0.024,19,29,0.655,0.139,71,167,0.425
2025-26,1629632,Coby White,1610612766,CHA,26.0,50,48,0.313,75,195,0.385,0.531,0.039,18,24,0.75,0.274,57,171,0.333
2025-26,1629130,Duncan Robinson,1610612765,DET,31.0,77,68,0.28,98,194,0.505,0.732,0.02,10,14,0.714,0.26,88,180,0.489
2025-26,1641824,Matas Buzelis,1610612741,CHI,21.0,77,73,0.201,85,194,0.438,0.624,0.017,13,16,0.813,0.185,72,178,0.404
2025-26,1628404,Josh Hart,1610612752,NYK,31.0,66,58,0.326,89,193,0.461,0.642,0.054,19,32,0.594,0.272,70,161,0.435
2025-26,1642848,Tre Johnson,1610612764,WAS,20.0,60,57,0.301,86,193,0.446,0.624,0.042,17,27,0.63,0.259,69,166,0.416
2025-26,1629628,RJ Barrett,1610612761,TOR,25.0,57,56,0.241,78,193,0.404,0.557,0.027,19,22,0.864,0.213,59,171,0.345
2025-26,1630692,Jordan Goodwin,1610612756,PHX,27.0,70,65,0.346,83,192,0.432,0.63,0.023,7,13,0.538,0.323,76,179,0.425
2025-26,1641730,Noah Clowney,1610612751,BKN,21.0,66,60,0.304,79,192,0.411,0.604,0.008,5,5,1.0,0.296,74,187,0.396
2025-26,1630538,Bones Hyland,1610612750,MIN,25.0,71,63,0.41,76,190,0.4,0.576,0.026,9,12,0.75,0.384,67,178,0.376
2025-26,1642270,Donovan Clingan,1610612757,POR,22.0,77,70,0.278,69,190,0.363,0.524,0.015,8,10,0.8,0.264,61,180,0.339
2025-26,1642883,Sion James,1610612766,CHA,23.0,82,77,0.511,68,190,0.358,0.534,0.005,1,2,0.5,0.505,67,188,0.356
2025-26,1630598,Aaron Wiggins,1610612760,OKC,27.0,65,62,0.347,78,186,0.419,0.608,0.017,8,9,0.889,0.33,70,177,0.395
2025-26,1629636,Darius Garland,1610612746,LAC,26.0,45,44,0.274,81,184,0.44,0.622,0.039,14,26,0.538,0.235,67,158,0.424
2025-26,1630529,Herbert Jones,1610612740,NOP,27.0,56,48,0.383,62,183,0.339,0.486,0.033,8,16,0.5,0.349,54,167,0.323
2025-26,1631108,Max Christie,1610612742,DAL,23.0,77,69,0.252,85,182,0.467,0.67,0.019,11,14,0.786,0.233,74,168,0.44
2025-26,1641729,Brice Sensabaugh,1610612762,UTA,22.0,75,65,0.212,78,182,0.429,0.602,0.027,15,23,0.652,0.186,63,159,0.396
2025-26,1642258,Zaccharie Risacher,1610612737,ATL,21.0,67,60,0.341,75,182,0.412,0.566,0.054,19,29,0.655,0.287,56,153,0.366
2025-26,1630595,Cade Cunningham,1610612765,DET,24.0,64,58,0.155,72,181,0.398,0.522,0.035,27,41,0.659,0.12,45,140,0.321
2025-26,1641767,Ben Sheppard,1610612754,IND,24.0,65,62,0.465,75,180,0.417,0.606,0.028,7,11,0.636,0.437,68,169,0.402
2025-26,1630559,Austin Reaves,1610612747,LAL,27.0,51,48,0.235,86,179,0.48,0.668,0.034,19,26,0.731,0.201,67,153,0.438
2025-26,1641716,Jarace Walker,1610612754,IND,22.0,76,64,0.243,85,178,0.478,0.66,0.034,20,25,0.8,0.209,65,153,0.425
2025-26,1642954,Will Richard,1610612744,GSW,23.0,69,59,0.514,82,178,0.461,0.635,0.064,20,22,0.909,0.451,62,156,0.397
2025-26,1629750,Javonte Green,1610612765,DET,32.0,82,71,0.433,75,178,0.421,0.596,0.036,13,15,0.867,0.397,62,163,0.38
2025-26,1628379,Luke Kennard,1610612747,LAL,29.0,78,61,0.399,91,177,0.514,0.737,0.038,12,17,0.706,0.36,79,160,0.494
2025-26,1642273,Kyshawn George,1610612764,WAS,22.0,48,45,0.307,74,177,0.418,0.596,0.038,11,22,0.5,0.269,63,155,0.406
2025-26,1641842,Ronald Holland II,1610612765,DET,20.0,78,65,0.325,55,175,0.314,0.44,0.03,11,16,0.688,0.296,44,159,0.277
2025-26,1642844,Dylan Harper,1610612759,SAS,20.0,69,59,0.267,68,174,0.391,0.523,0.055,22,36,0.611,0.212,46,138,0.333
2025-26,1642363,Nique Clifford,1610612758,SAC,24.0,75,62,0.29,62,173,0.358,0.494,0.049,15,29,0.517,0.242,47,144,0.326
2025-26,1628991,Jaren Jackson Jr.,1610612762,UTA,26.0,48,46,0.241,70,172,0.407,0.599,0.006,4,4,1.0,0.236,66,168,0.393
2025-26,1642272,Jared McCain,1610612760,OKC,22.0,67,57,0.358,69,172,0.401,0.576,0.04,9,19,0.474,0.319,60,153,0.392
2025-26,1642281,Jaylon Tyson,1610612739,CLE,23.0,66,62,0.255,85,171,0.497,0.716,0.022,10,15,0.667,0.232,75,156,0.481
2025-26,1642845,VJ Edgecombe,1610612755,PHI,20.0,75,70,0.166,82,171,0.48,0.655,0.03,22,31,0.71,0.136,60,140,0.429
2025-26,1628370,Malik Monk,1610612758,SAC,28.0,62,57,0.271,78,171,0.456,0.64,0.038,15,24,0.625,0.233,63,147,0.429
2025-26,1626157,Karl-Anthony Towns,1610612752,NYK,30.0,75,64,0.166,75,171,0.439,0.605,0.03,18,31,0.581,0.136,57,140,0.407
2025-26,1631106,Tari Eason,1610612745,HOU,24.0,60,54,0.303,71,171,0.415,0.605,0.025,6,14,0.429,0.278,65,157,0.414
2025-26,1642349,Ajay Mitchell,1610612760,OKC,23.0,57,56,0.29,62,171,0.363,0.512,0.046,11,27,0.407,0.244,51,144,0.354
2025-26,1642266,Ja'Kobe Walter,1610612761,TOR,21.0,72,66,0.418,76,168,0.452,0.661,0.02,6,8,0.75,0.398,70,160,0.438
2025-26,1641705,Victor Wembanyama,1610612759,SAS,22.0,64,57,0.159,68,168,0.405,0.551,0.027,19,29,0.655,0.132,49,139,0.353
2025-26,1630172,Patrick Williams,1610612741,CHI,24.0,72,67,0.351,66,168,0.393,0.583,0.017,2,8,0.25,0.335,64,160,0.4
2025-26,1642271,Kyle Filipowski,1610612762,UTA,22.0,77,66,0.258,62,168,0.369,0.53,0.015,8,10,0.8,0.242,54,158,0.342
2025-26,1628398,Kyle Kuzma,1610612749,MIL,30.0,69,57,0.242,80,167,0.479,0.665,0.032,18,22,0.818,0.21,62,145,0.428
2025-26,1628983,Shai Gilgeous-Alexander,1610612760,OKC,27.0,68,60,0.126,80,167,0.479,0.56,0.058,53,77,0.688,0.068,27,90,0.3
2025-26,201587,Nicolas Batum,1610612746,LAC,37.0,74,60,0.689,75,164,0.457,0.674,0.021,4,5,0.8,0.668,71,159,0.447
2025-26,202699,Tobias Harris,1610612765,DET,33.0,63,56,0.251,68,164,0.415,0.576,0.031,15,20,0.75,0.22,53,144,0.368
2025-26,1641796,Pelle Larsson,1610612748,MIA,25.0,70,61,0.294,61,164,0.372,0.53,0.023,9,13,0.692,0.271,52,151,0.344
2025-26,1629640,Keldon Johnson,1610612759,SAS,26.0,82,70,0.206,64,163,0.393,0.564,0.011,8,9,0.889,0.194,56,154,0.364
2025-26,1642874,Danny Wolf,1610612751,BKN,21.0,57,48,0.366,56,161,0.348,0.519,0.011,1,5,0.2,0.355,55,156,0.353
2025-26,1629013,Landry Shamet,1610612752,NYK,29.0,51,47,0.44,74,160,0.463,0.675,0.027,6,10,0.6,0.412,68,150,0.453
2025-26,1631170,Jaime Jaquez Jr.,1610612748,MIA,25.0,75,64,0.175,69,160,0.431,0.575,0.032,23,29,0.793,0.143,46,131,0.351
2025-26,1628381,John Collins,1610612746,LAC,28.0,69,62,0.243,68,160,0.425,0.603,0.023,11,15,0.733,0.22,57,145,0.393
2025-26,1628973,Jalen Brunson,1610612752,NYK,29.0,74,67,0.108,73,159,0.459,0.616,0.022,23,32,0.719,0.086,50,127,0.394
2025-26,1630174,Aaron Nesmith,1610612754,IND,26.0,45,43,0.311,66,159,0.415,0.61,0.033,4,17,0.235,0.277,62,142,0.437
2025-26,1630188,Jalen Smith,1610612741,CHI,26.0,53,50,0.394,65,159,0.409,0.594,0.03,6,12,0.5,0.364,59,147,0.401
2025-26,203924,Jerami Grant,1610612757,POR,32.0,57,51,0.216,70,157,0.446,0.646,0.012,7,9,0.778,0.203,63,148,0.426
2025-26,1630611,Gui Santos,1610612744,GSW,23.0,68,56,0.35,67,157,0.427,0.608,0.027,10,12,0.833,0.323,57,145,0.393
2025-26,1628989,Kevin Huerter,1610612765,DET,27.0,69,59,0.265,63,157,0.401,0.545,0.037,18,22,0.818,0.228,45,135,0.333
2025-26,1629656,Quentin Grimes,1610612755,PHI,25.0,75,62,0.207,77,156,0.494,0.663,0.042,24,32,0.75,0.164,53,124,0.427
2025-26,1630162,Anthony Edwards,1610612750,MIN,24.0,61,55,0.127,82,155,0.529,0.694,0.04,31,49,0.633,0.087,51,106,0.481
2025-26,1630241,Sam Merrill,1610612739,CLE,29.0,52,50,0.32,77,155,0.497,0.726,0.025,6,12,0.5,0.295,71,143,0.497
2025-26,201143,Al Horford,1610612744,GSW,39.0,45,43,0.497,59,155,0.381,0.548,0.042,7,13,0.538,0.455,52,142,0.366
2025-26,1641708,Amen Thompson,1610612745,HOU,23.0,79,69,0.151,51,155,0.329,0.39,0.066,32,68,0.471,0.085,19,87,0.218
2025-26,201950,Jrue Holiday,1610612757,POR,35.0,53,49,0.218,79,154,0.513,0.708,0.03,19,21,0.905,0.188,60,133,0.451
2025-26,1631260,AJ Green,1610612749,MIL,26.0,78,66,0.248,71,153,0.464,0.686,0.006,3,4,0.75,0.241,68,149,0.456
2025-26,1629006,Josh Okogie,1610612745,HOU,27.0,78,64,0.533,62,153,0.405,0.578,0.045,9,13,0.692,0.488,53,140,0.379
2025-26,1642907,Cedric Coward,1610612763,MEM,22.0,62,57,0.236,62,153,0.405,0.556,0.029,16,19,0.842,0.207,46,134,0.343
2025-26,202691,Klay Thompson,1610612742,DAL,36.0,69,58,0.211,61,153,0.399,0.569,0.021,9,15,0.6,0.19,52,138,0.377
2025-26,203952,Andrew Wiggins,1610612748,MIA,31.0,68,61,0.185,75,152,0.493,0.688,0.027,16,22,0.727,0.159,59,130,0.454
2025-26,1642920,Kobe Sanders,1610612746,LAC,23.0,68,59,0.396,70,152,0.461,0.661,0.049,9,19,0.474,0.346,61,133,0.459
2025-26,1628374,Lauri Markkanen,1610612762,UTA,28.0,42,41,0.188,77,151,0.51,0.712,0.025,16,20,0.8,0.163,61,131,0.466
2025-26,1631101,Shaedon Sharpe,1610612757,POR,22.0,50,47,0.174,70,151,0.464,0.609,0.04,26,35,0.743,0.134,44,116,0.379
2025-26,1630541,Moses Moody,1610612744,GSW,23.0,60,57,0.271,63,151,0.417,0.609,0.016,5,9,0.556,0.255,58,142,0.408
2025-26,1642285,Cam Spencer,1610612763,MEM,26.0,72,62,0.27,85,150,0.567,0.81,0.038,12,21,0.571,0.232,73,129,0.566
2025-26,1642860,Will Riley,1610612764,WAS,20.0,74,55,0.244,64,150,0.427,0.587,0.031,16,19,0.842,0.213,48,131,0.366
2025-26,1629012,Collin Sexton,1610612741,CHI,27.0,68,61,0.205,64,149,0.43,0.591,0.039,16,28,0.571,0.167,48,121,0.397
2025-26,1631094,Paolo Banchero,1610612753,ORL,23.0,72,58,0.13,62,149,0.416,0.574,0.017,15,20,0.75,0.112,47,129,0.364
2025-26,1631212,Peyton Watson,1610612743,DEN,23.0,54,48,0.255,76,148,0.514,0.699,0.046,21,27,0.778,0.208,55,121,0.455
2025-26,1630170,Devin Vassell,1610612759,SAS,25.0,67,59,0.198,71,148,0.48,0.662,0.039,17,29,0.586,0.159,54,119,0.454
2025-26,1631096,Chet Holmgren,1610612760,OKC,23.0,69,63,0.189,58,147,0.395,0.541,0.026,15,20,0.75,0.163,43,127,0.339
2025-26,1629018,Gary Trent Jr.,1610612749,MIL,27.0,65,55,0.311,54,147,0.367,0.541,0.013,3,6,0.5,0.298,51,141,0.362
2025-26,2544,LeBron James,1610612747,LAL,41.0,60,58,0.157,75,145,0.517,0.621,0.066,45,61,0.738,0.091,30,84,0.357
2025-26,201939,Stephen Curry,1610612744,GSW,38.0,43,41,0.181,75,145,0.517,0.738,0.018,11,14,0.786,0.164,64,131,0.489
2025-26,1629001,De'Anthony Melton,1610612744,GSW,27.0,49,47,0.285,55,145,0.379,0.521,0.033,14,17,0.824,0.251,41,128,0.32
2025-26,1627759,Jaylen Brown,1610612738,BOS,29.0,71,62,0.093,63,144,0.438,0.542,0.041,33,63,0.524,0.052,30,81,0.37
2025-26,1631126,Caleb Love,1610612757,POR,24.0,49,43,0.294,56,144,0.389,0.549,0.033,10,16,0.625,0.262,46,128,0.359
2025-26,1631172,Ousmane Dieng,1610612749,MIL,22.0,57,51,0.358,57,143,0.399,0.552,0.06,13,24,0.542,0.298,44,119,0.37
2025-26,1630567,Scottie Barnes,1610612761,TOR,24.0,80,60,0.128,63,142,0.444,0.556,0.033,31,37,0.838,0.095,32,105,0.305
2025-26,1629029,Luka Dončić,1610612747,LAL,27.0,64,57,0.097,66,141,0.468,0.638,0.021,18,31,0.581,0.076,48,110,0.436
2025-26,1631165,Keon Ellis,1610612739,CLE,26.0,72,54,0.367,63,141,0.447,0.631,0.036,11,14,0.786,0.331,52,127,0.409
2025-26,1629023,P.J. Washington,1610612742,DAL,27.0,56,53,0.215,56,141,0.397,0.543,0.032,15,21,0.714,0.183,41,120,0.342
2025-26,1627936,Alex Caruso,1610612760,OKC,32.0,56,50,0.47,50,141,0.355,0.496,0.037,10,11,0.909,0.433,40,130,0.308
2025-26,1627742,Brandon Ingram,1610612761,TOR,28.0,77,63,0.11,72,140,0.514,0.696,0.024,21,30,0.7,0.086,51,110,0.464
2025-26,1629673,Jordan Poole,1610612740,NOP,26.0,39,36,0.315,60,140,0.429,0.621,0.025,6,11,0.545,0.291,54,129,0.419
2025-26,1630700,Dyson Daniels,1610612737,ATL,23.0,76,61,0.18,44,140,0.314,0.389,0.037,23,29,0.793,0.143,21,111,0.189
2025-26,1641731,Bilal Coulibaly,1610612764,WAS,21.0,56,47,0.259,62,139,0.446,0.608,0.039,17,21,0.81,0.22,45,118,0.381
2025-26,1626164,Devin Booker,1610612756,PHX,29.0,64,53,0.118,58,139,0.417,0.525,0.04,28,47,0.596,0.078,30,92,0.326
2025-26,1642843,Cooper Flagg,1610612742,DAL,19.0,70,65,0.117,46,139,0.331,0.435,0.028,17,33,0.515,0.089,29,106,0.274
2025-26,1642346,Ryan Dunn,1610612756,PHX,23.0,70,60,0.39,57,138,0.413,0.576,0.048,12,17,0.706,0.342,45,121,0.372
2025-26,1641765,Olivier-Maxence Prosper,1610612763,MEM,23.0,53,42,0.391,62,137,0.453,0.642,0.043,10,15,0.667,0.349,52,122,0.426
2025-26,1630230,Naji Marshall,1610612742,DAL,28.0,74,62,0.166,55,136,0.404,0.563,0.02,12,16,0.75,0.147,43,120,0.358
2025-26,1631321,Sidy Cissoko,1610612757,POR,22.0,75,58,0.408,53,136,0.39,0.551,0.033,9,11,0.818,0.375,44,125,0.352
2025-26,1630314,Brandon Williams,1610612742,DAL,26.0,66,56,0.219,39,135,0.289,0.37,0.053,17,33,0.515,0.165,22,102,0.216
2025-26,1630311,Pat Spencer,1610612744,GSW,29.0,66,48,0.309,55,133,0.414,0.598,0.026,6,11,0.545,0.283,49,122,0.402
2025-26,1628988,Aaron Holiday,1610612745,HOU,29.0,57,45,0.524,63,132,0.477,0.697,0.032,5,8,0.625,0.492,58,124,0.468
2025-26,203471,Dennis Schröder,1610612739,CLE,32.0,70,63,0.208,52,131,0.397,0.561,0.029,9,18,0.5,0.18,43,113,0.381
2025-26,1631128,Christian Braun,1610612743,DEN,24.0,44,39,0.338,47,131,0.359,0.5,0.039,10,15,0.667,0.299,37,116,0.319
2025-26,1629111,Jock Landale,1610612737,ATL,30.0,68,57,0.238,53,130,0.408,0.573,0.035,10,19,0.526,0.203,43,111,0.387
2025-26,1627780,Gary Payton II,1610612744,GSW,33.0,73,60,0.313,50,130,0.385,0.519,0.046,15,19,0.789,0.267,35,111,0.315
2025-26,1626171,Bobby Portis,1610612749,MIL,31.0,67,54,0.169,63,127,0.496,0.646,0.049,25,37,0.676,0.12,38,90,0.422
2025-26,203954,Joel Embiid,1610612755,PHI,32.0,38,36,0.182,52,127,0.409,0.528,0.067,22,47,0.468,0.115,30,80,0.375
2025-26,1642450,Daniss Jenkins,1610612765,DET,24.0,72,54,0.224,56,126,0.444,0.615,0.041,13,23,0.565,0.183,43,103,0.417
2025-26,1642948,Ryan Nembhard,1610612742,DAL,23.0,60,48,0.321,52,125,0.416,0.548,0.087,19,34,0.559,0.233,33,91,0.363
2025-26,201144,Mike Conley,1610612750,MIN,38.0,54,49,0.581,50,125,0.4,0.596,0.023,1,5,0.2,0.558,49,120,0.408
2025-26,1629731,Dean Wade,1610612739,CLE,29.0,59,49,0.439,49,122,0.402,0.586,0.022,4,6,0.667,0.417,45,116,0.388
2025-26,1630578,Alperen Sengun,1610612745,HOU,23.0,72,53,0.11,41,122,0.336,0.451,0.025,13,28,0.464,0.085,28,94,0.298
2025-26,203999,Nikola Jokić,1610612743,DEN,31.0,65,51,0.107,63,121,0.521,0.707,0.025,18,28,0.643,0.083,45,93,0.484
2025-26,1627741,Buddy Hield,1610612737,ATL,33.0,51,43,0.369,55,121,0.455,0.653,0.04,7,13,0.538,0.329,48,108,0.444
2025-26,1642885,Mohamed Diawara,1610612752,NYK,20.0,69,45,0.568,51,121,0.421,0.587,0.061,11,13,0.846,0.507,40,108,0.37
2025-26,1629611,Terance Mann,1610612751,BKN,29.0,63,52,0.33,51,121,0.421,0.599,0.044,8,16,0.5,0.286,43,105,0.41
2025-26,1641713,GG Jackson,1610612763,MEM,21.0,55,44,0.235,47,121,0.388,0.562,0.012,5,6,0.833,0.224,42,115,0.365
2025-26,1641711,Gradey Dick,1610612761,TOR,22.0,76,57,0.316,47,121,0.388,0.533,0.042,12,16,0.75,0.274,35,105,0.333
2025-26,1642259,Alex Sarr,1610612764,WAS,20.0,48,42,0.186,39,121,0.322,0.455,0.026,7,17,0.412,0.16,32,104,0.308
2025-26,1629014,Anfernee Simons,1610612741,CHI,26.0,55,48,0.185,58,120,0.483,0.717,0.006,2,4,0.5,0.179,56,116,0.483
2025-26,1631243,Mouhamed Gueye,1610612737,ATL,23.0,77,55,0.414,44,120,0.367,0.517,0.041,8,12,0.667,0.372,36,108,0.333
2025-26,1630695,Micah Potter,1610612754,IND,28.0,47,41,0.406,56,119,0.471,0.672,0.041,8,12,0.667,0.365,48,107,0.449
2025-26,1642461,Spencer Jones,1610612743,DEN,24.0,64,48,0.454,52,119,0.437,0.618,0.05,9,13,0.692,0.405,43,106,0.406
2025-26,1630596,Evan Mobley,1610612739,CLE,24.0,65,53,0.139,47,119,0.395,0.517,0.028,18,24,0.75,0.111,29,95,0.305
2025-26,1630544,Tre Mann,1610612766,CHA,25.0,53,40,0.393,42,119,0.353,0.508,0.036,5,11,0.455,0.356,37,108,0.343
2025-26,1628975,Jevon Carter,1610612753,ORL,30.0,53,45,0.388,54,118,0.458,0.661,0.036,6,11,0.545,0.352,48,107,0.449
2025-26,1631124,Julian Strawther,1610612743,DEN,23.0,57,41,0.37,51,118,0.432,0.614,0.034,8,11,0.727,0.335,43,107,0.402
2025-26,1642276,Kel'el Ware,1610612748,MIA,21.0,77,57,0.18,55,117,0.47,0.667,0.017,9,11,0.818,0.163,46,106,0.434
2025-26,1642856,Egor Dëmin,1610612751,BKN,20.0,52,48,0.261,50,117,0.427,0.628,0.013,3,6,0.5,0.247,47,111,0.423
2025-26,1642262,Cody Williams,1610612762,UTA,21.0,67,53,0.23,43,117,0.368,0.44,0.069,26,35,0.743,0.161,17,82,0.207
2025-26,1642383,Walter Clayton Jr.,1610612763,MEM,23.0,69,59,0.254,39,117,0.333,0.474,0.017,6,8,0.75,0.236,33,109,0.303
2025-26,1627747,Caris LeVert,1610612765,DET,31.0,60,51,0.298,49,115,0.426,0.587,0.049,12,19,0.632,0.249,37,96,0.385
2025-26,1630200,Tre Jones,1610612741,CHI,26.0,65,52,0.19,49,115,0.426,0.548,0.04,21,24,0.875,0.15,28,91,0.308
2025-26,1642868,Carter Bryant,1610612759,SAS,20.0,71,50,0.439,42,115,0.365,0.522,0.034,6,9,0.667,0.405,36,106,0.34
2025-26,1630534,Ochai Agbaji,1610612751,BKN,25.0,62,48,0.411,40,115,0.348,0.491,0.032,7,9,0.778,0.379,33,106,0.311
2025-26,1626181,Norman Powell,1610612748,MIA,32.0,58,48,0.127,59,114,0.518,0.732,0.017,10,15,0.667,0.111,49,99,0.495
2025-26,1631097,Bennedict Mathurin,1610612746,LAC,23.0,54,48,0.168,54,114,0.474,0.618,0.052,21,35,0.6,0.117,33,79,0.418
2025-26,1629631,De'Andre Hunter,1610612758,SAC,28.0,45,41,0.226,47,113,0.416,0.593,0.026,7,13,0.538,0.2,40,100,0.4
2025-26,1626162,Kelly Oubre Jr.,1610612755,PHI,30.0,50,44,0.208,47,113,0.416,0.575,0.026,11,14,0.786,0.182,36,99,0.364
2025-26,202695,Kawhi Leonard,1610612746,LAC,34.0,65,54,0.089,61,112,0.545,0.696,0.027,27,34,0.794,0.062,34,78,0.436
2025-26,1630702,Jaden Hardy,1610612764,WAS,23.0,57,45,0.261,53,112,0.473,0.674,0.026,8,11,0.727,0.235,45,101,0.446
2025-26,1642852,Derik Queen,1610612740,NOP,21.0,81,57,0.15,36,112,0.321,0.397,0.057,19,43,0.442,0.092,17,69,0.246
2025-26,1631107,Nikola Jović,1610612748,MIA,22.0,47,38,0.357,35,112,0.313,0.446,0.025,5,8,0.625,0.331,30,104,0.288
2025-26,1631093,Jaden Ivey,1610612741,CHI,24.0,37,35,0.434,46,111,0.414,0.599,0.035,5,9,0.556,0.398,41,102,0.402
2025-26,1630557,Corey Kispert,1610612737,ATL,27.0,58,53,0.282,45,111,0.405,0.586,0.013,5,5,1.0,0.269,40,106,0.377
2025-26,1630191,Isaiah Stewart,1610612765,DET,24.0,58,46,0.282,43,111,0.387,0.545,0.028,8,11,0.727,0.254,35,100,0.35
2025-26,1630696,Dru Smith,1610612748,MIA,28.0,70,56,0.342,41,111,0.369,0.518,0.034,8,11,0.727,0.308,33,100,0.33
2025-26,1642914,Javon Small,1610612763,MEM,23.0,41,38,0.382,49,110,0.445,0.618,0.052,11,15,0.733,0.33,38,95,0.4
2025-26,1641707,Taylor Hendricks,1610612763,MEM,22.0,59,46,0.31,43,110,0.391,0.568,0.017,4,6,0.667,0.293,39,104,0.375
2025-26,1630568,Luka Garza,1610612738,BOS,27.0,69,52,0.305,50,109,0.459,0.661,0.025,6,9,0.667,0.28,44,100,0.44
2025-26,1642877,Micah Peavy,1610612740,NOP,24.0,61,45,0.396,40,109,0.367,0.472,0.084,17,23,0.739,0.313,23,86,0.267
2025-26,1642364,Jamir Watkins,1610612764,WAS,24.0,50,39,0.368,37,109,0.339,0.472,0.034,8,10,0.8,0.334,29,99,0.293
2025-26,1631323,Simone Fontecchio,1610612748,MIA,30.0,70,57,0.229,52,108,0.481,0.718,0.004,1,2,0.5,0.225,51,106,0.481
2025-26,1631200,Kris Murray,1610612757,POR,25.0,57,51,0.392,31,107,0.29,0.425,0.007,2,2,1.0,0.385,29,105,0.276
2025-26,1641712,Rayan Rupert,1610612763,MEM,21.0,64,46,0.338,37,106,0.349,0.505,0.022,4,7,0.571,0.315,33,99,0.333
2025-26,1641718,Keyonte George,1610612762,UTA,22.0,54,45,0.119,59,105,0.562,0.767,0.023,16,20,0.8,0.096,43,85,0.506
2025-26,203903,Jordan Clarkson,1610612752,NYK,33.0,72,52,0.2,43,105,0.41,0.567,0.03,10,16,0.625,0.169,33,89,0.371
2025-26,204001,Kristaps Porziņģis,1610612744,GSW,30.0,32,30,0.268,41,104,0.394,0.567,0.023,5,9,0.556,0.245,36,95,0.379
2025-26,1641738,Kobe Brown,1610612754,IND,26.0,61,41,0.384,41,104,0.394,0.567,0.026,5,7,0.714,0.358,36,97,0.371
2025-26,201142,Kevin Durant,1610612745,HOU,37.0,78,59,0.076,58,103,0.563,0.757,0.021,18,28,0.643,0.055,40,75,0.533
2025-26,201935,James Harden,1610612739,CLE,36.0,70,50,0.092,46,103,0.447,0.626,0.012,9,13,0.692,0.08,37,90,0.411
2025-26,1628418,Thomas Bryant,1610612739,CLE,28.0,60,46,0.386,42,103,0.408,0.597,0.015,3,4,0.75,0.371,39,99,0.394
2025-26,1629020,Jarred Vanderbilt,1610612747,LAL,27.0,65,49,0.429,35,103,0.34,0.471,0.05,8,12,0.667,0.379,27,91,0.297
2025-26,1626145,Tyus Jones,1610612743,DEN,29.0,67,51,0.475,32,103,0.311,0.456,0.023,2,5,0.4,0.452,30,98,0.306
2025-26,1630533,Ziaire Williams,1610612751,BKN,24.0,56,45,0.236,51,102,0.5,0.691,0.03,12,13,0.923,0.206,39,89,0.438
2025-26,1630249,Vít Krejčí,1610612757,POR,25.0,65,48,0.237,51,102,0.5,0.721,0.016,6,7,0.857,0.221,45,95,0.474
2025-26,203897,Zach LaVine,1610612758,SAC,31.0,39,34,0.186,49,102,0.48,0.676,0.029,9,16,0.563,0.157,40,86,0.465
2025-26,1629004,Svi Mykhailiuk,1610612762,UTA,28.0,50,42,0.282,46,102,0.451,0.667,0.011,2,4,0.5,0.271,44,98,0.449
2025-26,1641772,Nae'Qwan Tomlin,1610612739,CLE,25.0,64,47,0.325,34,102,0.333,0.441,0.041,12,13,0.923,0.283,22,89,0.247
2025-26,1628971,Bruce Brown,1610612743,DEN,29.0,82,62,0.193,50,101,0.495,0.673,0.036,14,19,0.737,0.157,36,82,0.439
2025-26,1630592,Jalen Wilson,1610612751,BKN,25.0,54,41,0.362,38,101,0.376,0.55,0.014,3,4,0.75,0.348,35,97,0.361
2025-26,1629026,Kenrich Williams,1610612760,OKC,31.0,56,44,0.338,42,100,0.42,0.59,0.041,8,12,0.667,0.297,34,88,0.386
2025-26,1641774,Tristan Vukcevic,1610612764,WAS,23.0,49,34,0.315,40,100,0.4,0.55,0.063,10,20,0.5,0.252,30,80,0.375
2025-26,1642962,Drake Powell,1610612751,BKN,20.0,63,46,0.279,36,100,0.36,0.505,0.028,7,10,0.7,0.251,29,90,0.322
2025-26,1630583,Santi Aldama,1610612763,MEM,25.0,43,33,0.208,45,99,0.455,0.646,0.023,7,11,0.636,0.185,38,88,0.432
2025-26,1627884,Derrick Jones Jr.,1610612746,LAC,29.0,50,43,0.261,38,99,0.384,0.535,0.021,8,8,1.0,0.24,30,91,0.33
2025-26,1642878,Tyrese Proctor,1610612739,CLE,22.0,50,38,0.434,43,98,0.439,0.628,0.044,6,10,0.6,0.389,37,88,0.42
2025-26,1641775,Jordan Walsh,1610612738,BOS,22.0,68,45,0.367,41,98,0.418,0.607,0.019,4,5,0.8,0.348,37,93,0.398
2025-26,203484,Kentavious Caldwell-Pope,1610612763,MEM,33.0,51,42,0.268,36,98,0.367,0.49,0.063,12,23,0.522,0.205,24,75,0.32
2025-26,1630182,Josh Green,1610612766,CHA,25.0,58,45,0.536,46,97,0.474,0.675,0.039,7,7,1.0,0.497,39,90,0.433
2025-26,203114,Khris Middleton,1610612742,DAL,34.0,63,51,0.181,36,97,0.371,0.51,0.035,9,19,0.474,0.146,27,78,0.346
2025-26,1642864,Hugo González,1610612738,BOS,20.0,74,49,0.39,41,96,0.427,0.615,0.037,5,9,0.556,0.354,36,87,0.414
2025-26,1642348,Justin Edwards,1610612755,PHI,22.0,64,47,0.297,41,95,0.432,0.616,0.038,6,12,0.5,0.259,35,83,0.422
2025-26,1629618,Jalen Pickett,1610612743,DEN,26.0,50,35,0.409,36,95,0.379,0.542,0.065,5,15,0.333,0.345,31,80,0.388
2025-26,1642268,Isaiah Collier,1610612762,UTA,21.0,59,47,0.184,43,94,0.457,0.574,0.057,21,29,0.724,0.127,22,65,0.338
2025-26,1631250,Pete Nance,1610612749,MIL,26.0,47,37,0.474,37,92,0.402,0.582,0.031,4,6,0.667,0.443,33,86,0.384
2025-26,1631246,Vince Williams Jr.,1610612762,UTA,25.0,40,35,0.312,33,91,0.363,0.527,0.021,3,6,0.5,0.291,30,85,0.353
2025-26,1630224,Jalen Green,1610612756,PHX,24.0,32,29,0.18,37,90,0.411,0.572,0.026,8,13,0.615,0.154,29,77,0.377
2025-26,1627824,Guerschon Yabusele,1610612741,CHI,30.0,67,42,0.299,34,90,0.378,0.544,0.017,4,5,0.8,0.282,30,85,0.353
2025-26,1631245,Quenton Jackson,1610612754,IND,27.0,49,37,0.271,36,89,0.404,0.534,0.058,13,19,0.684,0.213,23,70,0.329
2025-26,1642265,Rob Dillingham,1610612741,CHI,21.0,65,43,0.221,35,89,0.393,0.534,0.045,10,18,0.556,0.177,25,71,0.352
2025-26,1629639,Tyler Herro,1610612748,MIA,26.0,33,31,0.169,36,87,0.414,0.569,0.027,9,14,0.643,0.142,27,73,0.37
2025-26,1642849,Nolan Traore,1610612751,BKN,19.0,56,43,0.181,34,87,0.391,0.575,0.01,2,5,0.4,0.171,32,82,0.39
2025-26,1630703,Scoot Henderson,1610612757,POR,22.0,30,27,0.254,32,87,0.368,0.517,0.029,6,10,0.6,0.225,26,77,0.338
2025-26,203083,Andre Drummond,1610612755,PHI,32.0,63,48,0.255,33,86,0.384,0.541,0.027,6,9,0.667,0.228,27,77,0.351
2025-26,1629723,John Konchar,1610612762,UTA,30.0,56,46,0.434,29,86,0.337,0.483,0.025,4,5,0.8,0.409,25,81,0.309
2025-26,1631121,Bryce McGowens,1610612740,NOP,23.0,42,31,0.359,42,85,0.494,0.7,0.042,7,10,0.7,0.316,35,75,0.467
2025-26,1641740,Jaylen Clark,1610612750,MIN,24.0,68,46,0.374,33,85,0.388,0.547,0.031,6,7,0.857,0.344,27,78,0.346
2025-26,1642875,Maxime Raynaud,1610612758,SAC,23.0,74,50,0.125,41,84,0.488,0.619,0.043,19,29,0.655,0.082,22,55,0.4
2025-26,1630551,Justin Champagnie,1610612764,WAS,24.0,69,46,0.183,27,84,0.321,0.464,0.011,3,5,0.6,0.172,24,79,0.304
2025-26,1629645,Kevin Porter Jr.,1610612749,MIL,25.0,38,35,0.161,36,83,0.434,0.554,0.049,16,25,0.64,0.113,20,58,0.345
2025-26,1629684,Grant Williams,1610612766,CHA,27.0,36,33,0.454,36,83,0.434,0.627,0.033,4,6,0.667,0.421,32,77,0.416
2025-26,1630811,Keaton Wallace,1610612737,ATL,27.0,53,37,0.485,34,83,0.41,0.584,0.041,5,7,0.714,0.444,29,76,0.382
2025-26,201567,Kevin Love,1610612762,UTA,37.0,37,33,0.412,36,82,0.439,0.634,0.02,4,4,1.0,0.392,32,78,0.41
2025-26,1631230,Dominick Barlow,1610612755,PHI,22.0,71,51,0.205,30,82,0.366,0.463,0.058,14,23,0.609,0.148,16,59,0.271
2025-26,1631204,Marcus Sasser,1610612765,DET,25.0,38,30,0.46,36,81,0.444,0.642,0.04,4,7,0.571,0.42,32,74,0.432
2025-26,1630540,Miles McBride,1610612752,NYK,25.0,41,38,0.198,33,80,0.413,0.594,0.017,4,7,0.571,0.181,29,73,0.397
2025-26,1631159,Leonard Miller,1610612741,CHI,22.0,46,29,0.311,37,79,0.468,0.608,0.067,15,17,0.882,0.244,22,62,0.355
2025-26,203994,Jusuf Nurkić,1610612762,UTA,31.0,41,38,0.221,34,79,0.43,0.582,0.042,10,15,0.667,0.179,24,64,0.375
2025-26,1631169,Josh Minott,1610612751,BKN,23.0,49,37,0.308,33,78,0.423,0.622,0.016,2,4,0.5,0.292,31,74,0.419
2025-26,1642857,Kasparas Jakučionis,1610612748,MIA,19.0,53,38,0.325,39,77,0.506,0.74,0.021,3,5,0.6,0.304,36,72,0.5
2025-26,1630173,Precious Achiuwa,1610612758,SAC,26.0,73,50,0.129,29,77,0.377,0.506,0.017,9,10,0.9,0.112,20,67,0.299
2025-26,1627827,Dorian Finney-Smith,1610612745,HOU,32.0,37,32,0.583,24,77,0.312,0.461,0.015,1,2,0.5,0.568,23,75,0.307
2025-26,203932,Aaron Gordon,1610612743,DEN,30.0,36,31,0.191,30,76,0.395,0.553,0.028,6,11,0.545,0.163,24,65,0.369
2025-26,1642278,Tyler Kolek,1610612752,NYK,25.0,62,40,0.306,30,76,0.395,0.586,0.012,1,3,0.333,0.294,29,73,0.397
2025-26,1631255,Karlo Matković,1610612740,NOP,25.0,62,44,0.319,37,75,0.493,0.687,0.038,8,9,0.889,0.281,29,66,0.439
2025-26,1643007,Taelon Peter,1610612754,IND,24.0,38,26,0.475,33,75,0.44,0.633,0.025,4,4,1.0,0.449,29,71,0.408
2025-26,1629008,Michael Porter Jr.,1610612751,BKN,27.0,52,39,0.077,42,74,0.568,0.723,0.028,19,27,0.704,0.049,23,47,0.489
2025-26,1630167,Obi Toppin,1610612754,IND,28.0,24,21,0.37,37,74,0.5,0.709,0.04,6,8,0.75,0.33,31,66,0.47
2025-26,1641757,Jordan Miller,1610612746,LAC,26.0,60,39,0.183,33,73,0.452,0.623,0.02,8,8,1.0,0.163,25,65,0.385
2025-26,201942,DeMar DeRozan,1610612758,SAC,36.0,77,43,0.072,32,72,0.444,0.542,0.03,18,30,0.6,0.042,14,42,0.333
2025-26,1642859,Jase Richardson,1610612753,ORL,20.0,54,30,0.383,31,72,0.431,0.597,0.037,7,7,1.0,0.346,24,65,0.369
2025-26,1630536,Sharife Cooper,1610612764,WAS,24.0,41,34,0.293,30,72,0.417,0.563,0.081,9,20,0.45,0.211,21,52,0.404
2025-26,1629680,Matisse Thybulle,1610612757,POR,29.0,30,25,0.53,31,71,0.437,0.634,0.037,3,5,0.6,0.493,28,66,0.424
2025-26,1631213,Tyrese Martin,1610612755,PHI,27.0,46,36,0.256,29,71,0.408,0.585,0.022,4,6,0.667,0.235,25,65,0.385
2025-26,1641724,Jett Howard,1610612753,ORL,22.0,55,43,0.283,28,71,0.394,0.577,0.016,2,4,0.5,0.267,26,67,0.388
2025-26,1628366,Lonzo Ball,1610612739,CLE,28.0,35,28,0.406,27,71,0.38,0.542,0.029,4,5,0.8,0.377,23,66,0.348
2025-26,1642382,Branden Carlson,1610612760,OKC,26.0,42,31,0.376,27,70,0.386,0.571,0.005,1,1,1.0,0.371,26,69,0.377
2025-26,202331,Paul George,1610612755,PHI,35.0,37,29,0.135,34,69,0.493,0.696,0.027,6,14,0.429,0.107,28,55,0.509
2025-26,1642879,Ben Saraf,1610612751,BKN,20.0,44,33,0.228,16,69,0.232,0.319,0.017,4,5,0.8,0.211,12,64,0.188
2025-26,1642853,Rasheer Fleming,1610612756,PHX,21.0,55,33,0.324,27,68,0.397,0.581,0.019,2,4,0.5,0.305,25,64,0.391
2025-26,1629630,Ja Morant,1610612763,MEM,26.0,20,19,0.211,25,68,0.368,0.478,0.059,10,19,0.526,0.152,15,49,0.306
2025-26,1641733,Nick Smith Jr.,1610612747,LAL,21.0,30,25,0.424,27,67,0.403,0.567,0.051,5,8,0.625,0.373,22,59,0.373
2025-26,1642275,Tidjane Salaün,1610612766,CHA,20.0,37,28,0.415,32,66,0.485,0.712,0.013,2,2,1.0,0.403,30,64,0.469
2025-26,1631114,Jalen Williams,1610612760,OKC,24.0,33,30,0.149,28,66,0.424,0.545,0.043,12,19,0.632,0.106,16,47,0.34
2025-26,1642867,Collin Murray-Boyles,1610612761,TOR,20.0,57,34,0.193,24,66,0.364,0.485,0.056,8,19,0.421,0.137,16,47,0.34
2025-26,1630532,Franz Wagner,1610612753,ORL,24.0,34,30,0.129,29,65,0.446,0.6,0.028,9,14,0.643,0.101,20,51,0.392
2025-26,1642869,Noah Penda,1610612753,ORL,21.0,59,32,0.32,27,65,0.415,0.592,0.02,4,4,1.0,0.3,23,61,0.377
2025-26,1631133,Jabari Walker,1610612755,PHI,23.0,64,34,0.3,25,64,0.391,0.563,0.019,3,4,0.75,0.282,22,60,0.367
2025-26,1630228,Jonathan Kuminga,1610612737,ATL,23.0,36,29,0.189,23,64,0.359,0.492,0.027,6,9,0.667,0.162,17,55,0.309
2025-26,1631199,Ron Harper Jr.,1610612738,BOS,26.0,29,23,0.582,22,64,0.344,0.508,0.009,1,1,1.0,0.573,21,63,0.333
2025-26,1631342,Daeqwon Plowden,1610612758,SAC,27.0,32,26,0.226,26,63,0.413,0.579,0.018,5,5,1.0,0.208,21,58,0.362
2025-26,204456,T.J. McConnell,1610612754,IND,34.0,56,36,0.138,30,62,0.484,0.589,0.056,17,25,0.68,0.082,13,37,0.351
2025-26,1641854,Craig Porter Jr.,1610612739,CLE,26.0,64,37,0.24,28,62,0.452,0.621,0.031,7,8,0.875,0.209,21,54,0.389
2025-26,1629216,Gabe Vincent,1610612737,ATL,29.0,53,39,0.282,27,61,0.443,0.648,0.014,2,3,0.667,0.269,25,58,0.431
2025-26,1630679,Ethan Thompson,1610612754,IND,26.0,32,22,0.311,25,61,0.41,0.598,0.041,2,8,0.25,0.27,23,53,0.434
2025-26,1641709,Ausar Thompson,1610612765,DET,23.0,73,37,0.104,33,60,0.55,0.592,0.071,28,41,0.683,0.033,5,19,0.263
2025-26,1643018,LJ Cryer,1610612744,GSW,24.0,18,15,0.545,24,60,0.4,0.583,0.027,2,3,0.667,0.518,22,57,0.386
2025-26,1642942,Jahmai Mashack,1610612763,MEM,23.0,31,24,0.308,18,60,0.3,0.442,0.01,1,2,0.5,0.297,17,58,0.293
2025-26,1631099,Keegan Murray,1610612758,SAC,25.0,23,21,0.2,17,60,0.283,0.4,0.03,3,9,0.333,0.17,14,51,0.275
2025-26,1642358,AJ Johnson,1610612742,DAL,21.0,48,27,0.341,16,60,0.267,0.358,0.04,5,7,0.714,0.301,11,53,0.208
2025-26,203507,Giannis Antetokounmpo,1610612749,MIL,31.0,36,30,0.097,31,58,0.534,0.647,0.043,18,26,0.692,0.054,13,32,0.406
2025-26,1642854,Asa Newell,1610612737,ATL,20.0,44,34,0.343,23,58,0.397,0.569,0.024,3,4,0.75,0.32,20,54,0.37
2025-26,203926,Doug McDermott,1610612758,SAC,34.0,29,26,0.417,21,58,0.362,0.543,0.0,0,0,,0.417,21,58,0.362
2025-26,1641989,Elijah Harkless,1610612762,UTA,26.0,26,20,0.36,19,58,0.328,0.448,0.037,5,6,0.833,0.323,14,52,0.269
2025-26,1641763,Julian Phillips,1610612750,MIN,22.0,48,25,0.471,18,57,0.316,0.465,0.025,1,3,0.333,0.446,17,54,0.315
2025-26,1642419,Jamison Battle,1610612761,TOR,24.0,61,34,0.389,28,56,0.5,0.714,0.035,4,5,0.8,0.354,24,51,0.471
2025-26,202710,Jimmy Butler III,1610612744,GSW,36.0,38,28,0.121,27,56,0.482,0.616,0.039,12,18,0.667,0.082,15,38,0.395
2025-26,1628997,Caleb Martin,1610612742,DAL,30.0,58,30,0.298,26,56,0.464,0.607,0.101,10,19,0.526,0.197,16,37,0.432
2025-26,1626204,Larry Nance Jr.,1610612739,CLE,33.0,35,30,0.452,24,56,0.429,0.598,0.048,5,6,0.833,0.403,19,50,0.38
2025-26,1628963,Marvin Bagley III,1610612742,DAL,27.0,60,32,0.134,29,55,0.527,0.718,0.024,8,10,0.8,0.109,21,45,0.467
2025-26,1642066,Myron Gardner,1610612748,MIA,24.0,45,29,0.447,25,55,0.455,0.664,0.024,2,3,0.667,0.423,23,52,0.442
2025-26,1630623,Tyson Etienne,1610612751,BKN,26.0,24,20,0.379,25,55,0.455,0.673,0.021,1,3,0.333,0.359,24,52,0.462
2025-26,1630545,Terrence Shannon Jr.,1610612750,MIN,25.0,43,28,0.316,26,54,0.481,0.685,0.029,4,5,0.8,0.287,22,49,0.449
2025-26,1641722,Jordan Hawkins,1610612740,NOP,23.0,51,33,0.21,24,54,0.444,0.63,0.039,4,10,0.4,0.171,20,44,0.455
2025-26,1631288,Jamal Cain,1610612753,ORL,27.0,40,24,0.355,20,54,0.37,0.537,0.033,2,5,0.4,0.322,18,49,0.367
2025-26,1629021,Moritz Wagner,1610612753,ORL,28.0,36,27,0.28,17,54,0.315,0.454,0.01,2,2,1.0,0.269,15,52,0.288
2025-26,202685,Jonas Valančiūnas,1610612743,DEN,33.0,65,34,0.136,28,53,0.528,0.604,0.079,20,31,0.645,0.056,8,22,0.364
2025-26,1630560,Cam Thomas,1610612749,MIL,24.0,42,25,0.115,23,53,0.434,0.575,0.03,8,14,0.571,0.085,15,39,0.385
2025-26,1642404,Chaz Lanier,1610612765,DET,24.0,34,24,0.596,16,53,0.302,0.453,0.011,0,1,0.0,0.584,16,52,0.308
2025-26,1630175,Cole Anthony,1610612749,MIL,25.0,35,24,0.225,18,52,0.346,0.471,0.03,5,7,0.714,0.195,13,45,0.289
2025-26,1631123,Jamaree Bouyea,1610612756,PHX,26.0,46,31,0.22,16,52,0.308,0.433,0.034,3,8,0.375,0.186,13,44,0.295
2025-26,1626156,D'Angelo Russell,1610612764,WAS,30.0,26,21,0.216,17,50,0.34,0.48,0.022,3,5,0.6,0.194,14,45,0.311
2025-26,1641748,Andre Jackson Jr.,1610612749,MIL,24.0,48,24,0.42,12,50,0.24,0.33,0.042,3,5,0.6,0.378,9,45,0.2
2025-26,1627752,Taurean Prince,1610612749,MIL,32.0,26,22,0.251,19,48,0.396,0.583,0.005,1,1,1.0,0.246,18,47,0.383
2025-26,1642862,Liam McNeeley,1610612766,CHA,20.0,31,22,0.505,18,48,0.375,0.563,0.0,0,0,,0.505,18,48,0.375
2025-26,1642355,Bronny James,1610612747,LAL,21.0,42,26,0.409,21,47,0.447,0.638,0.061,3,7,0.429,0.348,18,40,0.45
2025-26,1631110,Jeremy Sochan,1610612752,NYK,22.0,44,25,0.362,13,47,0.277,0.372,0.054,4,7,0.571,0.308,9,40,0.225
2025-26,1628386,Jarrett Allen,1610612739,CLE,27.0,56,28,0.088,28,46,0.609,0.62,0.072,27,38,0.711,0.015,1,8,0.125
2025-26,1630264,Anthony Gill,1610612764,WAS,33.0,55,26,0.215,20,46,0.435,0.598,0.028,5,6,0.833,0.187,15,40,0.375
2025-26,1630192,Zeke Nnaji,1610612743,DEN,25.0,52,27,0.305,14,46,0.304,0.402,0.053,5,8,0.625,0.252,9,38,0.237
2025-26,1642277,Johnny Furphy,1610612754,IND,21.0,35,23,0.302,18,45,0.4,0.533,0.04,6,6,1.0,0.262,12,39,0.308
2025-26,1642959,Chris Youngblood,1610612757,POR,24.0,34,23,0.714,16,45,0.356,0.533,0.0,0,0,,0.714,16,45,0.356
2025-26,203482,Kelly Olynyk,1610612759,SAS,34.0,42,28,0.469,14,45,0.311,0.444,0.031,2,3,0.667,0.438,12,42,0.286
2025-26,1642269,Devin Carter,1610612758,SAC,24.0,38,20,0.154,14,45,0.311,0.389,0.031,7,9,0.778,0.123,7,36,0.194
2025-26,1641871,Duop Reath,1610612757,POR,29.0,32,20,0.595,17,44,0.386,0.58,0.0,0,0,,0.595,17,44,0.386
2025-26,1630322,Lindy Waters III,1610612759,SAS,28.0,40,20,0.489,18,43,0.419,0.593,0.034,3,3,1.0,0.455,15,40,0.375
2025-26,1642261,Dalton Knecht,1610612747,LAL,24.0,54,25,0.222,19,42,0.452,0.619,0.026,5,5,1.0,0.196,14,37,0.378
2025-26,203076,Anthony Davis,1610612764,WAS,33.0,20,18,0.126,17,42,0.405,0.476,0.054,11,18,0.611,0.072,6,24,0.25
2025-26,1642504,Cormac Ryan,1610612749,MIL,27.0,11,11,0.402,18,41,0.439,0.61,0.049,4,5,0.8,0.353,14,36,0.389
2025-26,1629027,Trae Young,1610612764,WAS,27.0,15,14,0.237,17,41,0.415,0.585,0.029,3,5,0.6,0.208,14,36,0.389
2025-26,1630570,Trendon Watford,1610612755,PHI,25.0,53,23,0.153,14,41,0.341,0.439,0.026,6,7,0.857,0.127,8,34,0.235
2025-26,1641747,DaRon Holmes II,1610612743,DEN,23.0,25,17,0.656,19,40,0.475,0.688,0.033,2,2,1.0,0.623,17,38,0.447
2025-26,203992,Bogdan Bogdanović,1610612746,LAC,33.0,23,20,0.263,15,40,0.375,0.563,0.007,0,1,0.0,0.257,15,39,0.385
2025-26,1631104,Blake Wesley,1610612757,POR,23.0,31,21,0.323,13,40,0.325,0.438,0.081,4,10,0.4,0.242,9,30,0.3
2025-26,1630194,Paul Reed,1610612765,DET,26.0,65,30,0.116,21,39,0.538,0.654,0.045,12,15,0.8,0.072,9,24,0.375
2025-26,1641869,Malachi Smith,1610612751,BKN,26.0,15,13,0.39,18,39,0.462,0.692,0.01,0,1,0.0,0.38,18,38,0.474
2025-26,1642967,John Poulakidas,1610612742,DAL,23.0,13,10,0.429,13,39,0.333,0.487,0.033,1,3,0.333,0.396,12,36,0.333
2025-26,1629162,Jordan McLaughlin,1610612759,SAS,30.0,44,22,0.481,16,38,0.421,0.632,0.038,0,3,0.0,0.443,16,35,0.457
2025-26,1631174,Tyler Burton,1610612763,MEM,26.0,12,12,0.339,13,38,0.342,0.474,0.027,3,3,1.0,0.313,10,35,0.286
2025-26,1626166,Cameron Payne,1610612755,PHI,31.0,22,18,0.255,13,38,0.342,0.487,0.013,2,2,1.0,0.242,11,36,0.306
2025-26,1630549,Day'Ron Sharpe,1610612751,BKN,24.0,62,31,0.107,13,38,0.342,0.447,0.022,5,8,0.625,0.084,8,30,0.267
2025-26,1629651,Nic Claxton,1610612751,BKN,26.0,69,29,0.063,18,37,0.486,0.527,0.039,15,23,0.652,0.024,3,14,0.214
2025-26,1631207,Dalen Terry,1610612755,PHI,23.0,48,24,0.239,17,37,0.459,0.649,0.026,3,4,0.75,0.213,14,33,0.424
2025-26,203914,Gary Harris,1610612749,MIL,31.0,48,24,0.356,16,37,0.432,0.635,0.019,1,2,0.5,0.337,15,35,0.429
2025-26,1641778,Leaky Black,1610612764,WAS,26.0,15,12,0.365,13,35,0.371,0.529,0.042,2,4,0.5,0.323,11,31,0.355
2025-26,1642880,Kam Jones,1610612754,IND,24.0,37,20,0.201,16,34,0.471,0.662,0.024,3,4,0.75,0.178,13,30,0.433
2025-26,1629660,Ty Jerome,1610612763,MEM,28.0,15,15,0.158,12,34,0.353,0.471,0.023,4,5,0.8,0.135,8,29,0.276
2025-26,1627734,Domantas Sabonis,1610612758,SAC,29.0,19,16,0.154,10,34,0.294,0.353,0.041,6,9,0.667,0.113,4,25,0.16
2025-26,1626192,Pat Connaughton,1610612766,CHA,33.0,42,20,0.388,18,33,0.545,0.818,0.0,0,0,,0.388,18,33,0.545
2025-26,1628371,Jonathan Isaac,1610612753,ORL,28.0,52,25,0.303,8,33,0.242,0.318,0.046,3,5,0.6,0.257,5,28,0.179
2025-26,1630604,E.J. Liddell,1610612751,BKN,25.0,26,17,0.295,7,33,0.212,0.303,0.009,1,1,1.0,0.286,6,32,0.188
2025-26,1642905,Yang Hansen,1610612757,POR,20.0,43,21,0.33,4,33,0.121,0.182,0.02,0,2,0.0,0.31,4,31,0.129
2025-26,1642354,KJ Simpson,1610612743,DEN,23.0,20,12,0.323,14,32,0.438,0.609,0.03,3,3,1.0,0.293,11,29,0.379
2025-26,1642352,Keshad Johnson,1610612748,MIA,24.0,32,16,0.308,9,32,0.281,0.375,0.029,3,3,1.0,0.279,6,29,0.207
2025-26,1630165,Killian Hayes,1610612758,SAC,24.0,23,15,0.232,6,32,0.188,0.266,0.029,1,4,0.25,0.203,5,28,0.179
2025-26,1630526,Jeremiah Robinson-Earl,1610612742,DAL,25.0,22,18,0.31,11,31,0.355,0.516,0.02,1,2,0.5,0.29,10,29,0.345
2025-26,1630587,Isaiah Livers,1610612756,PHX,27.0,36,18,0.484,11,31,0.355,0.516,0.031,1,2,0.5,0.453,10,29,0.345
2025-26,1629599,Amir Coffey,1610612756,PHX,28.0,46,22,0.277,10,31,0.323,0.468,0.018,1,2,0.5,0.259,9,29,0.31
2025-26,1631105,Jalen Duren,1610612765,DET,22.0,70,23,0.038,20,30,0.667,0.667,0.038,20,30,0.667,0.0,0,0,
2025-26,1629057,Robert Williams III,1610612757,POR,28.0,59,23,0.12,15,30,0.5,0.583,0.06,10,15,0.667,0.06,5,15,0.333
2025-26,1630610,DeJon Jarreau,1610612763,MEM,28.0,11,10,0.361,9,30,0.3,0.367,0.084,5,7,0.714,0.277,4,23,0.174
2025-26,1642396,Blake Hinson,1610612762,UTA,26.0,14,13,0.254,16,29,0.552,0.81,0.018,1,2,0.5,0.237,15,27,0.556
2025-26,1642353,Cam Christie,1610612746,LAC,20.0,55,22,0.209,11,29,0.379,0.552,0.014,1,2,0.5,0.194,10,27,0.37
2025-26,1631109,Mark Williams,1610612756,PHX,24.0,60,22,0.064,25,28,0.893,0.911,0.062,24,27,0.889,0.002,1,1,1.0
2025-26,203497,Rudy Gobert,1610612750,MIN,33.0,76,24,0.058,20,28,0.714,0.714,0.048,20,23,0.87,0.01,0,5,0.0
2025-26,1628369,Jayson Tatum,1610612738,BOS,28.0,16,15,0.098,10,28,0.357,0.482,0.021,3,6,0.5,0.077,7,22,0.318
2025-26,1631351,Lucas Williamson,1610612763,MEM,27.0,7,7,0.373,10,28,0.357,0.518,0.013,1,1,1.0,0.36,9,27,0.333
2025-26,1643016,Bez Mbeng,1610612762,UTA,22.0,15,12,0.28,10,28,0.357,0.446,0.05,5,5,1.0,0.23,5,23,0.217
2025-26,1631120,JD Davison,1610612745,HOU,23.0,28,17,0.438,9,28,0.321,0.446,0.047,2,3,0.667,0.391,7,25,0.28
2025-26,1628392,Isaiah Hartenstein,1610612760,OKC,27.0,47,16,0.091,17,27,0.63,0.63,0.074,17,22,0.773,0.017,0,5,0.0
2025-26,1631466,Nate Williams,1610612744,GSW,27.0,14,11,0.321,12,27,0.444,0.611,0.036,3,3,1.0,0.286,9,24,0.375
2025-26,1641771,Jalen Slawson,1610612754,IND,26.0,13,10,0.351,11,27,0.407,0.574,0.065,2,5,0.4,0.286,9,22,0.409
2025-26,1630256,Jae'Sean Tate,1610612745,HOU,30.0,46,18,0.248,9,27,0.333,0.5,0.0,0,0,,0.248,9,27,0.333
2025-26,1643253,Toby Okani,1610612763,MEM,24.0,6,6,0.386,9,27,0.333,0.463,0.043,2,3,0.667,0.343,7,24,0.292
2025-26,1642380,Adama Bal,1610612763,MEM,22.0,8,7,0.377,15,26,0.577,0.827,0.043,2,3,0.667,0.333,13,23,0.565
2025-26,1631166,Drew Timme,1610612747,LAL,25.0,27,17,0.394,12,26,0.462,0.615,0.076,4,5,0.8,0.318,8,21,0.381
2025-26,1643052,Chaney Johnson,1610612751,BKN,23.0,17,12,0.277,10,26,0.385,0.558,0.011,1,1,1.0,0.266,9,25,0.36
2025-26,1628467,Maxi Kleber,1610612747,LAL,34.0,43,19,0.356,8,26,0.308,0.404,0.041,3,3,1.0,0.315,5,23,0.217
2025-26,1629622,Max Strus,1610612739,CLE,30.0,12,10,0.243,8,26,0.308,0.462,0.0,0,0,,0.243,8,26,0.308
2025-26,1641727,Dariq Whitehead,1610612763,MEM,21.0,6,6,0.28,6,26,0.231,0.327,0.011,1,1,1.0,0.269,5,25,0.2
2025-26,1627751,Jakob Poeltl,1610612761,TOR,30.0,46,21,0.082,18,25,0.72,0.72,0.082,18,25,0.72,0.0,0,0,
2025-26,1631113,Kennedy Chandler,1610612762,UTA,23.0,11,10,0.182,11,25,0.44,0.64,0.029,1,4,0.25,0.153,10,21,0.476
2025-26,1630699,MarJon Beauchamp,1610612755,PHI,25.0,14,8,0.329,9,25,0.36,0.54,0.013,0,1,0.0,0.316,9,24,0.375
2025-26,1642939,Miles Kelly,1610612742,DAL,23.0,14,8,0.568,9,25,0.36,0.52,0.023,1,1,1.0,0.545,8,24,0.333
2025-26,201145,Jeff Green,1610612745,HOU,39.0,30,19,0.368,7,25,0.28,0.42,0.015,0,1,0.0,0.353,7,24,0.292
2025-26,1629028,Deandre Ayton,1610612747,LAL,27.0,72,21,0.04,19,24,0.792,0.792,0.04,19,24,0.792,0.0,0,0,
2025-26,1629627,Zion Williamson,1610612740,NOP,25.0,62,18,0.029,18,23,0.783,0.804,0.025,17,20,0.85,0.004,1,3,0.333
2025-26,1642530,Yuki Kawamura,1610612741,CHI,24.0,18,11,0.451,7,23,0.304,0.457,0.02,0,1,0.0,0.431,7,22,0.318
2025-26,1628380,Zach Collins,1610612741,CHI,28.0,10,9,0.344,11,22,0.5,0.705,0.031,2,2,1.0,0.313,9,20,0.45
2025-26,1641715,Cam Whitmore,1610612764,WAS,21.0,21,15,0.13,11,22,0.5,0.636,0.047,5,8,0.625,0.083,6,14,0.429
2025-26,1642964,Brooks Barnhizer,1610612760,OKC,24.0,40,8,0.31,8,22,0.364,0.5,0.042,2,3,0.667,0.268,6,19,0.316
2025-26,1630639,A.J. Lawson,1610612761,TOR,25.0,24,11,0.269,10,21,0.476,0.714,0.0,0,0,,0.269,10,21,0.476
2025-26,1630208,Nick Richards,1610612741,CHI,28.0,48,16,0.106,10,21,0.476,0.571,0.035,6,7,0.857,0.07,4,14,0.286
2025-26,101108,Chris Paul,1610612746,LAC,40.0,16,10,0.375,7,21,0.333,0.5,0.071,0,4,0.0,0.304,7,17,0.412
2025-26,1629674,Neemias Queta,1610612738,BOS,26.0,76,18,0.04,13,20,0.65,0.65,0.028,13,14,0.929,0.012,0,6,0.0
2025-26,1629048,Goga Bitadze,1610612753,ORL,26.0,64,17,0.09,11,20,0.55,0.575,0.049,10,11,0.909,0.04,1,9,0.111
2025-26,1641890,Tyler Smith,1610612742,DAL,21.0,12,10,0.38,7,19,0.368,0.526,0.02,1,1,1.0,0.36,6,18,0.333
2025-26,1642918,Alijah Martin,1610612761,TOR,24.0,23,10,0.38,5,19,0.263,0.368,0.04,1,2,0.5,0.34,4,17,0.235
2025-26,1627749,Dejounte Murray,1610612740,NOP,29.0,14,11,0.093,9,17,0.529,0.735,0.016,2,3,0.667,0.077,7,14,0.5
2025-26,1631132,Christian Koloko,1610612737,ATL,25.0,27,9,0.23,7,17,0.412,0.441,0.108,6,8,0.75,0.122,1,9,0.111
2025-26,1631103,Malaki Branham,1610612764,WAS,22.0,28,14,0.187,7,17,0.412,0.588,0.011,1,1,1.0,0.176,6,16,0.375
2025-26,1642863,Khaman Maluach,1610612756,PHX,19.0,46,14,0.163,4,17,0.235,0.324,0.01,1,1,1.0,0.154,3,16,0.188
2025-26,1629726,Garrison Mathews,1610612754,IND,29.0,15,9,0.308,5,16,0.313,0.469,0.0,0,0,,0.308,5,16,0.313
2025-26,1642359,Pacôme Dadiet,1610612752,NYK,20.0,29,10,0.327,4,16,0.25,0.375,0.02,0,1,0.0,0.306,4,15,0.267
2025-26,1631217,Moussa Diabaté,1610612766,CHA,24.0,73,12,0.041,14,15,0.933,0.967,0.039,13,14,0.929,0.003,1,1,1.0
2025-26,1629637,Jaxson Hayes,1610612747,LAL,25.0,66,14,0.057,14,15,0.933,1.033,0.046,11,12,0.917,0.011,3,3,1.0
2025-26,1628436,Luke Kornet,1610612759,SAS,30.0,68,15,0.055,13,15,0.867,0.867,0.055,13,15,0.867,0.0,0,0,
2025-26,1641725,Trey Alexander,1610612740,NOP,22.0,9,6,0.405,8,15,0.533,0.7,0.162,3,6,0.5,0.243,5,9,0.556
2025-26,1628396,Tony Bradley,1610612737,ATL,28.0,41,11,0.128,7,15,0.467,0.5,0.103,6,12,0.5,0.026,1,3,0.333
2025-26,1641723,Kobe Bufkin,1610612747,LAL,22.0,16,11,0.3,4,15,0.267,0.333,0.06,2,3,0.667,0.24,2,12,0.167
2025-26,1630214,Xavier Tillman,1610612766,CHA,27.0,30,8,0.326,3,15,0.2,0.3,0.0,0,0,,0.326,3,15,0.2
2025-26,1642950,Lachlan Olbrich,1610612741,CHI,22.0,37,11,0.211,3,15,0.2,0.267,0.014,1,1,1.0,0.197,2,14,0.143
2025-26,1630286,Trevon Scott,1610612751,BKN,29.0,6,5,0.3,3,15,0.2,0.267,0.08,1,4,0.25,0.22,2,11,0.182
2025-26,1641816,Hunter Tyson,1610612743,DEN,25.0,21,8,0.288,2,15,0.133,0.167,0.019,1,1,1.0,0.269,1,14,0.071
2025-26,1642345,Oso Ighodaro,1610612756,PHX,23.0,82,13,0.039,11,14,0.786,0.786,0.039,11,14,0.786,0.0,0,0,
2025-26,203078,Bradley Beal,1610612746,LAC,32.0,6,6,0.292,8,14,0.571,0.75,0.083,3,4,0.75,0.208,5,10,0.5
2025-26,1630590,Scotty Pippen Jr.,1610612763,MEM,25.0,10,8,0.146,7,14,0.5,0.643,0.031,3,3,1.0,0.115,4,11,0.364
2025-26,200768,Kyle Lowry,1610612755,PHI,40.0,14,9,0.538,3,14,0.214,0.321,0.0,0,0,,0.538,3,14,0.214
2025-26,1630579,Jericho Sims,1610612749,MIL,27.0,67,10,0.07,12,13,0.923,0.923,0.07,12,13,0.923,0.0,0,0,
2025-26,1641737,Adem Bona,1610612755,PHI,23.0,71,12,0.059,9,13,0.692,0.769,0.032,7,7,1.0,0.027,2,6,0.333
2025-26,203939,Dwight Powell,1610612742,DAL,34.0,63,11,0.13,8,13,0.615,0.692,0.06,6,6,1.0,0.07,2,7,0.286
2025-26,1641810,Antonio Reeves,1610612766,CHA,25.0,10,6,0.65,8,13,0.615,0.885,0.05,1,1,1.0,0.6,7,12,0.583
2025-26,1642886,Koby Brea,1610612756,PHX,23.0,12,6,0.361,7,13,0.538,0.808,0.0,0,0,,0.361,7,13,0.538
2025-26,1642938,Curtis Jones,1610612743,DEN,24.0,10,6,0.481,6,13,0.462,0.615,0.074,2,2,1.0,0.407,4,11,0.364
2025-26,1642484,RayJ Dennis,1610612737,ATL,25.0,17,8,0.157,4,13,0.308,0.462,0.012,0,1,0.0,0.145,4,12,0.333
2025-26,1629234,Drew Eubanks,1610612758,SAC,29.0,42,12,0.083,3,13,0.231,0.269,0.038,2,6,0.333,0.045,1,7,0.143
2025-26,1630644,Mac McClung,1610612741,CHI,27.0,11,7,0.22,2,13,0.154,0.231,0.017,0,1,0.0,0.203,2,12,0.167
2025-26,1629655,Daniel Gafford,1610612742,DAL,27.0,55,12,0.038,10,12,0.833,0.833,0.038,10,12,0.833,0.0,0,0,
2025-26,1642928,Dylan Cardwell,1610612758,SAC,24.0,44,12,0.067,9,12,0.75,0.833,0.045,7,8,0.875,0.022,2,4,0.5
2025-26,1642502,Malevy Leons,1610612744,GSW,26.0,25,9,0.167,6,12,0.5,0.667,0.028,2,2,1.0,0.139,4,10,0.4
2025-26,1626172,Kevon Looney,1610612740,NOP,30.0,21,10,0.2,3,12,0.25,0.333,0.033,1,2,0.5,0.167,2,10,0.2
2025-26,201569,Eric Gordon,1610612755,PHI,37.0,6,4,0.524,7,11,0.636,0.955,0.0,0,0,,0.524,7,11,0.636
2025-26,1642260,Nikola Topić,1610612760,OKC,20.0,10,6,0.216,5,11,0.455,0.636,0.02,1,1,1.0,0.196,4,10,0.4
2025-26,1628502,Nigel Hayes-Davis,1610612756,PHX,31.0,27,9,0.239,2,11,0.182,0.227,0.022,1,1,1.0,0.217,1,10,0.1
2025-26,1631117,Walker Kessler,1610612762,UTA,24.0,5,4,0.27,8,10,0.8,1.1,0.054,2,2,1.0,0.216,6,8,0.75
2025-26,203552,Seth Curry,1610612744,GSW,35.0,10,6,0.204,7,10,0.7,0.9,0.082,3,4,0.75,0.122,4,6,0.667
2025-26,1641755,Kevin McCullar Jr.,1610612752,NYK,25.0,21,8,0.213,6,10,0.6,0.85,0.021,1,1,1.0,0.191,5,9,0.556
2025-26,1629312,Haywood Highsmith,1610612756,PHX,29.0,7,6,0.435,6,10,0.6,0.9,0.0,0,0,,0.435,6,10,0.6
2025-26,1642882,Julian Reese,1610612764,WAS,22.0,13,8,0.084,4,10,0.4,0.4,0.084,4,10,0.4,0.0,0,0,
2025-26,1631116,Patrick Baldwin Jr.,1610612758,SAC,23.0,9,6,0.37,4,10,0.4,0.6,0.0,0,0,,0.37,4,10,0.4
2025-26,1642384,Isaiah Crawford,1610612745,HOU,24.0,14,7,0.417,3,10,0.3,0.45,0.0,0,0,,0.417,3,10,0.3
2025-26,1630548,Johnny Juzang,1610612750,MIN,25.0,21,8,0.263,2,10,0.2,0.3,0.0,0,0,,0.263,2,10,0.2
2025-26,1631247,Luke Travers,1610612739,CLE,24.0,12,6,0.278,1,10,0.1,0.15,0.0,0,0,,0.278,1,10,0.1
2025-26,1631451,Javonte Cooke,1610612757,POR,26.0,19,5,0.244,1,10,0.1,0.15,0.024,0,1,0.0,0.22,1,9,0.111
2025-26,1630619,Moussa Cisse,1610612742,DAL,23.0,38,9,0.078,8,9,0.889,0.889,0.078,8,9,0.889,0.0,0,0,
2025-26,204060,Joe Ingles,1610612750,MIN,38.0,27,5,0.333,4,9,0.444,0.611,0.037,1,1,1.0,0.296,3,8,0.375
2025-26,1641752,Bobi Klintman,1610612765,DET,23.0,12,4,0.333,3,9,0.333,0.444,0.074,1,2,0.5,0.259,2,7,0.286
2025-26,1627826,Ivica Zubac,1610612754,IND,29.0,48,7,0.017,8,8,1.0,1.0,0.017,8,8,1.0,0.0,0,0,
2025-26,1631218,Trayce Jackson-Davis,1610612761,TOR,26.0,53,8,0.065,6,8,0.75,0.813,0.056,5,7,0.714,0.008,1,1,1.0
2025-26,203937,Kyle Anderson,1610612750,MIN,32.0,43,7,0.04,4,8,0.5,0.625,0.01,2,2,1.0,0.03,2,6,0.333
2025-26,1630543,Isaiah Jackson,1610612746,LAC,24.0,55,6,0.034,4,8,0.5,0.5,0.025,4,6,0.667,0.008,0,2,0.0
2025-26,1628449,Chris Boucher,1610612738,BOS,33.0,9,7,0.32,2,8,0.25,0.375,0.0,0,0,,0.32,2,8,0.25
2025-26,1641750,Ryan Kalkbrenner,1610612766,CHA,24.0,69,6,0.024,6,7,0.857,0.857,0.024,6,7,0.857,0.0,0,0,
2025-26,1642274,Yves Missi,1610612740,NOP,21.0,66,6,0.024,5,7,0.714,0.714,0.024,5,7,0.714,0.0,0,0,
2025-26,1631216,Caleb Houstan,1610612737,ATL,23.0,18,5,0.269,4,7,0.571,0.857,0.0,0,0,,0.269,4,7,0.571
2025-26,1631102,TyTy Washington Jr.,1610612746,LAC,24.0,16,5,0.368,3,7,0.429,0.571,0.053,1,1,1.0,0.316,2,6,0.333
2025-26,1630828,Alex Antetokounmpo,1610612749,MIL,24.0,6,4,0.875,3,7,0.429,0.571,0.125,1,1,1.0,0.75,2,6,0.333
2025-26,201959,Taj Gibson,1610612763,MEM,40.0,10,6,0.269,2,7,0.286,0.429,0.077,0,2,0.0,0.192,2,5,0.4
2025-26,1642443,Jahmir Young,1610612748,MIA,25.0,14,7,0.28,1,7,0.143,0.214,0.04,0,1,0.0,0.24,1,6,0.167
2025-26,1642362,Payton Sandfort,1610612760,OKC,23.0,4,4,0.231,4,6,0.667,1.0,0.0,0,0,,0.231,4,6,0.667
2025-26,203648,Thanasis Antetokounmpo,1610612749,MIL,33.0,34,6,0.188,3,6,0.5,0.5,0.125,3,4,0.75,0.063,0,2,0.0
2025-26,1631223,David Roddy,1610612743,DEN,25.0,5,2,0.2,3,6,0.5,0.75,0.0,0,0,,0.2,3,6,0.5
2025-26,1641801,Emanuel Miller,1610612759,SAS,25.0,5,5,0.462,2,6,0.333,0.417,0.077,1,1,1.0,0.385,1,5,0.2
2025-26,1642949,Yanic Konan Niederhäuser,1610612746,LAC,23.0,41,5,0.06,2,6,0.333,0.417,0.02,1,2,0.5,0.04,1,4,0.25
2025-26,1643158,Andersson Garcia,1610612762,UTA,25.0,5,3,0.207,1,6,0.167,0.25,0.0,0,0,,0.207,1,6,0.167
2025-26,202066,Garrett Temple,1610612761,TOR,39.0,22,6,0.4,1,6,0.167,0.25,0.0,0,0,,0.4,1,6,0.167
2025-26,1641809,Drew Peterson,1610612766,CHA,26.0,6,5,0.375,0,6,0.0,0.0,0.0,0,0,,0.375,0,6,0.0
2025-26,1642402,Enrique Freeman,1610612750,MIN,25.0,4,1,0.556,3,5,0.6,0.8,0.111,1,1,1.0,0.444,2,4,0.5
2025-26,1630209,Omer Yurtseven,1610612744,GSW,27.0,9,3,0.192,3,5,0.6,0.6,0.115,3,3,1.0,0.077,0,2,0.0
2025-26,1628420,Monte Morris,1610612754,IND,30.0,6,2,0.25,3,5,0.6,0.8,0.05,1,1,1.0,0.2,2,4,0.5
2025-26,1630621,Hunter Dickinson,1610612740,NOP,25.0,5,2,0.357,2,5,0.4,0.4,0.214,2,3,0.667,0.143,0,2,0.0
2025-26,1642951,Sean Pedulla,1610612746,LAC,23.0,7,4,0.333,2,5,0.4,0.6,0.0,0,0,,0.333,2,5,0.4
2025-26,1642400,Tristan Enaruna,1610612739,CLE,24.0,9,4,0.179,1,5,0.2,0.3,0.0,0,0,,0.179,1,5,0.2
2025-26,1631338,Mouhamadou Gueye,1610612741,CHI,27.0,2,2,0.455,1,5,0.2,0.3,0.0,0,0,,0.455,1,5,0.2
2025-26,203991,Clint Capela,1610612745,HOU,31.0,75,3,0.018,3,4,0.75,0.875,0.009,2,2,1.0,0.009,1,2,0.5
2025-26,1641790,PJ Hall,1610612766,CHA,24.0,19,3,0.068,3,4,0.75,1.0,0.017,1,1,1.0,0.051,2,3,0.667
2025-26,1642357,David Jones Garcia,1610612759,SAS,24.0,11,2,0.16,3,4,0.75,1.125,0.0,0,0,,0.16,3,4,0.75
2025-26,1629011,Mitchell Robinson,1610612752,NYK,28.0,60,4,0.019,3,4,0.75,0.75,0.019,3,4,0.75,0.0,0,0,
2025-26,1641813,Mark Sears,1610612749,MIL,24.0,7,3,0.308,2,4,0.5,0.75,0.0,0,0,,0.308,2,4,0.5
2025-26,1641803,Tristen Newton,1610612745,HOU,24.0,1,1,0.444,2,4,0.5,0.75,0.0,0,0,,0.444,2,4,0.5
2025-26,1627746,Skal Labissiere,1610612764,WAS,30.0,3,2,0.4,1,4,0.25,0.375,0.0,0,0,,0.4,1,4,0.25
2025-26,1630574,Ariel Hukporti,1610612752,NYK,24.0,54,4,0.05,1,4,0.25,0.25,0.025,1,2,0.5,0.025,0,2,0.0
2025-26,1642434,Riley Minix,1610612739,CLE,25.0,9,2,0.174,1,4,0.25,0.25,0.043,1,1,1.0,0.13,0,3,0.0
2025-26,1641744,Zach Edey,1610612763,MEM,23.0,11,4,0.041,1,4,0.25,0.25,0.01,1,1,1.0,0.031,0,3,0.0
2025-26,1628998,Cody Martin,1610612754,IND,30.0,4,3,0.4,0,4,0.0,0.0,0.0,0,0,,0.4,0,4,0.0
2025-26,1630625,Dalano Banton,1610612738,BOS,26.0,6,2,0.25,2,3,0.667,0.667,0.167,2,2,1.0,0.083,0,1,0.0
2025-26,1642955,Kadary Richmond,1610612764,WAS,24.0,3,3,0.188,2,3,0.667,0.833,0.063,1,1,1.0,0.125,1,2,0.5
2025-26,1642866,Joan Beringer,1610612750,MIN,19.0,40,3,0.031,2,3,0.667,0.667,0.031,2,3,0.667,0.0,0,0,
2025-26,203967,Dario Saric,1610612758,SAC,32.0,5,2,0.5,1,3,0.333,0.5,0.0,0,0,,0.5,1,3,0.333
2025-26,1642490,Josh Oduro,1610612740,NOP,25.0,3,1,0.176,1,3,0.333,0.333,0.059,1,1,1.0,0.118,0,2,0.0
2025-26,1642917,Max Shulga,1610612738,BOS,23.0,11,1,0.375,1,3,0.333,0.5,0.0,0,0,,0.375,1,3,0.333
2025-26,1643047,CJ Huntley,1610612756,PHX,24.0,4,2,0.273,1,3,0.333,0.333,0.091,1,1,1.0,0.182,0,2,0.0
2025-26,1642389,Zyon Pullin,1610612750,MIN,25.0,5,1,0.231,1,3,0.333,0.5,0.0,0,0,,0.231,1,3,0.333
2025-26,1631211,Trevor Keels,1610612748,MIA,22.0,8,3,0.25,0,3,0.0,0.0,0.0,0,0,,0.25,0,3,0.0
2025-26,1641753,Chris Livingston,1610612739,CLE,22.0,3,2,0.429,0,3,0.0,0.0,0.0,0,0,,0.429,0,3,0.0
2025-26,1642910,John Tonje,1610612738,BOS,24.0,6,1,0.143,2,2,1.0,1.5,0.0,0,0,,0.143,2,2,1.0
2025-26,1631131,Oscar Tshiebwe,1610612762,UTA,26.0,27,1,0.014,2,2,1.0,1.0,0.014,2,2,1.0,0.0,0,0,
2025-26,1631205,Buddy Boeheim,1610612760,OKC,26.0,4,2,0.333,1,2,0.5,0.75,0.0,0,0,,0.333,1,2,0.5
2025-26,1631115,Orlando Robinson,1610612753,ORL,25.0,4,2,0.4,1,2,0.5,0.75,0.0,0,0,,0.4,1,2,0.5
2025-26,1629610,DaQuan Jeffries,1610612758,SAC,28.0,3,2,0.105,1,2,0.5,0.75,0.0,0,0,,0.105,1,2,0.5
2025-26,1630846,Olivier Sarr,1610612739,CLE,27.0,4,2,0.286,1,2,0.5,0.75,0.0,0,0,,0.286,1,2,0.5
2025-26,1631214,Alondes Williams,1610612764,WAS,26.0,4,1,0.077,1,2,0.5,0.75,0.0,0,0,,0.077,1,2,0.5
2025-26,1643257,Jayson Kent,1610612757,POR,24.0,5,1,0.286,1,2,0.5,0.75,0.0,0,0,,0.286,1,2,0.5
2025-26,1630164,James Wiseman,1610612754,IND,25.0,4,1,0.2,1,2,0.5,0.5,0.2,1,2,0.5,0.0,0,0,
2025-26,1642876,Adou Thiero,1610612747,LAL,21.0,25,2,0.065,0,2,0.0,0.0,0.0,0,0,,0.065,0,2,0.0
2025-26,1641732,Colby Jones,1610612765,DET,23.0,1,1,0.667,0,2,0.0,0.0,0.0,0,0,,0.667,0,2,0.0
2025-26,1642855,Noa Essengue,1610612741,CHI,19.0,2,2,0.667,0,2,0.0,0.0,0.0,0,0,,0.667,0,2,0.0
2025-26,1641780,Johni Broome,1610612755,PHI,23.0,11,2,0.083,0,2,0.0,0.0,0.0,0,0,,0.083,0,2,0.0
2025-26,1643024,Chris Mañon,1610612747,LAL,24.0,9,2,0.333,0,2,0.0,0.0,0.0,0,0,,0.333,0,2,0.0
2025-26,1642935,Chucky Hepburn,1610612761,TOR,23.0,2,2,0.333,0,2,0.0,0.0,0.0,0,0,,0.333,0,2,0.0
2025-26,1642403,Isaac Jones,1610612765,DET,25.0,7,2,0.286,0,2,0.0,0.0,0.0,0,0,,0.286,0,2,0.0
2025-26,1642280,Trentyn Flowers,1610612741,CHI,21.0,2,1,0.333,1,1,1.0,1.0,0.333,1,1,1.0,0.0,0,0,
2025-26,1642449,Tolu Smith,1610612765,DET,25.0,15,1,0.028,1,1,1.0,1.0,0.028,1,1,1.0,0.0,0,0,
2025-26,1642873,Amari Williams,1610612738,BOS,24.0,22,1,0.05,1,1,1.0,1.0,0.05,1,1,1.0,0.0,0,0,
2025-26,1631127,Harrison Ingram,1610612759,SAS,23.0,7,1,0.167,1,1,1.0,1.5,0.0,0,0,,0.167,1,1,1.0
2025-26,203486,Mason Plumlee,1610612759,SAS,36.0,20,1,0.071,1,1,1.0,1.0,0.071,1,1,1.0,0.0,0,0,
2025-26,1641794,Dillon Jones,1610612752,NYK,24.0,7,1,0.111,0,1,0.0,0.0,0.0,0,0,,0.111,0,1,0.0
2025-26,1631457,Alex Morales,1610612753,ORL,28.0,4,1,0.143,0,1,0.0,0.0,0.0,0,0,,0.143,0,1,0.0
2025-26,1631111,Wendell Moore Jr.,1610612765,DET,24.0,6,1,0.143,0,1,0.0,0.0,0.0,0,0,,0.143,0,1,0.0
2025-26,1643141,Jahmyl Telfort,1610612746,LAC,24.0,8,1,0.25,0,1,0.0,0.0,0.0,0,0,,0.25,0,1,0.0
2025-26,1641761,Grant Nelson,1610612751,BKN,24.0,4,1,0.111,0,1,0.0,0.0,0.111,0,1,0.0,0.0,0,0,
2025-26,1642933,Keshon Gilbert,1610612737,ATL,22.0,4,1,0.083,0,1,0.0,0.0,0.0,0,0,,0.083,0,1,0.0
2025-26,1642367,Jonathan Mogbo,1610612761,TOR,24.0,40,1,0.023,0,1,0.0,0.0,0.0,0,0,,0.023,0,1,0.0
2025-26,1628365,Markelle Fultz,1610612761,TOR,27.0,5,1,0.091,0,1,0.0,0.0,0.091,0,1,0.0,0.0,0,0,
2025-26,1641815,Isaiah Stevens,1610612758,SAC,25.0,3,1,0.143,0,1,0.0,0.0,0.143,0,1,0.0,0.0,0,0,
