Season,PLAYER_ID,PLAYER_NAME,TEAM_ID,TEAM_ABBREVIATION,AGE,PLAYER_HEIGHT,PLAYER_HEIGHT_INCHES,PLAYER_WEIGHT,COLLEGE,COUNTRY,DRAFT_YEAR,DRAFT_ROUND,DRAFT_NUMBER,GP,PTS,REB,AST,NET_RATING,OREB_PCT,DREB_PCT,USG_PCT,TS_PCT,AST_PCT
2025-26,1630639,A.J. Lawson,1610612761,TOR,25.0,6-6,78,179,South Carolina,Canada,Undrafted,Undrafted,Undrafted,1,10.0,5.0,0.0,-18.5,0.091,0.267,0.276,0.625,0.0
2025-26,1631260,AJ Green,1610612749,MIL,26.0,6-4,76,190,Northern Iowa,USA,Undrafted,Undrafted,Undrafted,24,11.3,2.8,2.1,0.6,0.001,0.096,0.126,0.724,0.095
2025-26,1642358,AJ Johnson,1610612764,WAS,21.0,6-5,77,160,None,USA,2024,1,23,10,0.7,0.6,0.4,-21.3,0.042,0.083,0.16,0.237,0.125
2025-26,203932,Aaron Gordon,1610612743,DEN,30.0,6-8,80,235,Arizona,USA,2014,1,4,13,18.8,5.9,1.3,20.7,0.053,0.147,0.221,0.676,0.062
2025-26,1628988,Aaron Holiday,1610612745,HOU,29.0,6-0,72,185,UCLA,USA,2018,1,23,16,9.1,1.0,1.2,16.9,0.008,0.046,0.194,0.642,0.095
2025-26,1630174,Aaron Nesmith,1610612754,IND,26.0,6-5,77,215,Vanderbilt,USA,2020,1,14,11,15.5,4.5,1.5,-7.0,0.042,0.099,0.199,0.518,0.079
2025-26,1630598,Aaron Wiggins,1610612760,OKC,26.0,6-5,77,190,Maryland,USA,2021,2,55,13,13.8,3.2,2.2,17.8,0.035,0.085,0.206,0.614,0.119
2025-26,1642846,Ace Bailey,1610612762,UTA,19.0,6-9,81,200,Rutgers,USA,2025,1,5,23,10.3,3.3,1.7,-10.8,0.054,0.083,0.185,0.547,0.112
2025-26,1641737,Adem Bona,1610612755,PHI,22.0,6-10,82,235,UCLA,Nigeria,2024,2,41,17,3.5,3.7,0.2,2.6,0.09,0.121,0.092,0.583,0.014
2025-26,1642876,Adou Thiero,1610612747,LAL,21.0,6-7,79,220,Arkansas,USA,2025,2,36,8,1.3,0.8,0.1,-16.5,0.089,0.054,0.085,0.694,0.027
2025-26,1642349,Ajay Mitchell,1610612760,OKC,23.0,6-4,76,190,California-Santa Barbara,Belgium,2024,2,38,24,14.4,3.3,3.6,18.2,0.021,0.094,0.223,0.572,0.191
2025-26,201143,Al Horford,1610612744,GSW,39.0,6-8,80,240,Florida,Dominican Republic,2007,1,3,13,5.6,4.4,2.0,-7.6,0.037,0.167,0.144,0.453,0.139
2025-26,1627936,Alex Caruso,1610612760,OKC,31.0,6-5,77,186,Texas A&M,USA,Undrafted,Undrafted,Undrafted,15,5.7,2.4,2.5,29.2,0.019,0.105,0.142,0.535,0.16
2025-26,1642259,Alex Sarr,1610612764,WAS,20.0,7-0,84,205,None,France,2024,1,2,16,19.1,8.6,3.3,-10.2,0.078,0.19,0.264,0.569,0.177
2025-26,1642918,Alijah Martin,1610612761,TOR,23.0,6-2,74,210,Florida,USA,2025,2,39,1,0.0,0.0,0.0,75.0,0.0,0.0,0.125,0.0,0.0
2025-26,1630578,Alperen Sengun,1610612745,HOU,23.0,6-11,83,243,None,Turkey,2021,1,16,19,23.1,9.1,7.1,9.6,0.079,0.168,0.261,0.582,0.295
2025-26,1642873,Amari Williams,1610612738,BOS,23.0,6-11,83,250,Kentucky,United Kingdom,2025,2,46,6,0.5,1.2,0.2,-14.8,0.065,0.128,0.041,0.521,0.043
2025-26,1641708,Amen Thompson,1610612745,HOU,22.0,6-7,79,200,None,USA,2023,1,4,21,17.4,7.0,5.1,13.4,0.068,0.118,0.21,0.541,0.197
2025-26,1629599,Amir Coffey,1610612749,MIL,28.0,6-7,79,210,Minnesota,USA,Undrafted,Undrafted,Undrafted,18,1.7,0.8,0.4,-3.5,0.027,0.067,0.078,0.575,0.068
2025-26,203083,Andre Drummond,1610612755,PHI,32.0,6-11,83,279,Connecticut,USA,2012,1,9,22,7.7,9.4,0.8,2.3,0.14,0.269,0.138,0.602,0.051
2025-26,1641748,Andre Jackson Jr.,1610612749,MIL,24.0,6-6,78,209,Connecticut,USA,2023,2,36,11,1.4,0.9,1.5,1.1,0.083,0.083,0.127,0.422,0.262
2025-26,1629614,Andrew Nembhard,1610612754,IND,25.0,6-4,76,191,Gonzaga,Canada,2022,2,31,15,17.2,2.0,6.3,-16.5,0.01,0.054,0.239,0.56,0.33
2025-26,203952,Andrew Wiggins,1610612748,MIA,30.0,6-6,78,197,Kansas,Canada,2014,1,1,21,16.8,5.0,3.0,-0.3,0.045,0.094,0.205,0.566,0.126
2025-26,1629014,Anfernee Simons,1610612738,BOS,26.0,6-3,75,200,None,USA,2018,1,24,24,13.4,2.3,2.5,4.5,0.015,0.08,0.224,0.581,0.158
2025-26,1641710,Anthony Black,1610612753,ORL,21.0,6-7,79,200,Arkansas,USA,2023,1,6,24,13.2,3.9,3.1,5.2,0.023,0.112,0.207,0.547,0.156
2025-26,203076,Anthony Davis,1610612742,DAL,32.0,6-10,82,253,Kentucky,USA,2012,1,1,10,19.6,10.2,3.2,-4.6,0.103,0.243,0.271,0.571,0.175
2025-26,1630162,Anthony Edwards,1610612750,MIN,24.0,6-4,76,225,Georgia,USA,2020,1,1,19,28.1,4.7,3.9,4.1,0.023,0.111,0.304,0.628,0.185
2025-26,1630264,Anthony Gill,1610612764,WAS,33.0,6-7,79,230,Virginia,USA,Undrafted,Undrafted,Undrafted,9,1.9,0.8,0.0,-1.3,0.054,0.139,0.16,0.97,0.0
2025-26,1641810,Antonio Reeves,1610612766,CHA,25.0,6-5,77,205,Kentucky,USA,2024,2,47,6,3.5,0.8,0.3,24.3,0.018,0.083,0.13,0.656,0.051
2025-26,1630574,Ariel Hukporti,1610612752,NYK,23.0,7-0,84,246,None,Germany,2024,2,58,15,1.3,2.6,0.5,-6.3,0.104,0.173,0.083,0.575,0.087
2025-26,1642854,Asa Newell,1610612737,ATL,20.0,6-10,82,220,Georgia,USA,2025,1,23,15,4.6,1.5,0.4,8.1,0.095,0.081,0.178,0.685,0.072
2025-26,1641709,Ausar Thompson,1610612765,DET,22.0,6-7,79,205,None,USA,2023,1,5,20,11.8,6.0,3.1,7.0,0.071,0.133,0.178,0.543,0.153
2025-26,1630559,Austin Reaves,1610612747,LAL,27.0,6-5,77,197,Oklahoma,USA,Undrafted,Undrafted,Undrafted,20,28.4,5.5,6.7,5.6,0.023,0.125,0.278,0.673,0.28
2025-26,1630245,Ayo Dosunmu,1610612741,CHI,25.0,6-4,76,200,Illinois,USA,2021,2,38,20,15.2,2.7,3.2,-5.6,0.014,0.077,0.19,0.648,0.169
2025-26,1628389,Bam Adebayo,1610612748,MIA,28.0,6-9,81,255,Kentucky,USA,2017,1,14,18,19.2,9.0,2.6,8.4,0.046,0.23,0.244,0.583,0.122
2025-26,1631248,Baylor Scheierman,1610612738,BOS,25.0,6-6,78,205,Creighton,USA,2024,1,30,20,3.4,2.0,0.8,8.9,0.031,0.117,0.093,0.748,0.08
2025-26,1642879,Ben Saraf,1610612751,BKN,19.0,6-6,78,200,None,Israel,2025,1,26,12,5.4,1.6,2.8,-3.4,0.025,0.076,0.191,0.474,0.225
2025-26,1641767,Ben Sheppard,1610612754,IND,24.0,6-6,78,190,Belmont,USA,2023,1,26,22,6.5,4.1,2.0,-8.6,0.028,0.125,0.124,0.46,0.108
2025-26,1631097,Bennedict Mathurin,1610612754,IND,23.0,6-5,77,210,Arizona,Canada,2022,1,6,12,21.2,5.6,2.3,-6.1,0.027,0.138,0.262,0.614,0.118
2025-26,1641731,Bilal Coulibaly,1610612764,WAS,21.0,6-7,79,195,None,France,2023,1,7,12,8.8,4.0,3.0,-10.7,0.017,0.121,0.164,0.498,0.147
2025-26,202687,Bismack Biyombo,1610612759,SAS,33.0,6-8,80,255,None,DRC,2011,1,7,8,0.9,0.8,0.4,-27.3,0.038,0.093,0.059,0.717,0.073
2025-26,1631104,Blake Wesley,1610612757,POR,22.0,6-4,76,190,Notre Dame,USA,2022,1,25,6,6.0,2.3,3.2,1.5,0.018,0.13,0.173,0.469,0.279
2025-26,1626171,Bobby Portis,1610612749,MIL,30.0,6-9,81,250,Arkansas,USA,2015,1,22,25,11.4,5.6,1.4,-5.7,0.05,0.198,0.22,0.559,0.095
2025-26,1641752,Bobi Klintman,1610612765,DET,22.0,6-9,81,225,None,Sweden,2024,2,37,6,2.8,2.7,0.7,-14.4,0.075,0.196,0.19,0.381,0.105
2025-26,203992,Bogdan Bogdanović,1610612746,LAC,33.0,6-5,77,225,None,Serbia,2014,1,27,10,9.2,3.2,3.2,2.6,0.013,0.106,0.177,0.524,0.204
2025-26,1630538,Bones Hyland,1610612750,MIN,25.0,6-2,74,169,Virginia Commonwealth,USA,2021,1,26,14,3.6,1.1,1.3,2.8,0.016,0.104,0.177,0.596,0.207
2025-26,203078,Bradley Beal,1610612746,LAC,32.0,6-4,76,207,Florida,USA,2012,1,3,6,8.2,0.8,1.7,-9.3,0.019,0.025,0.224,0.476,0.106
2025-26,1642382,Branden Carlson,1610612760,OKC,26.0,7-0,84,220,Utah,USA,Undrafted,Undrafted,Undrafted,16,4.6,2.2,0.7,2.8,0.056,0.151,0.18,0.616,0.103
2025-26,1641764,Brandin Podziemski,1610612744,GSW,22.0,6-4,76,205,Santa Clara,USA,2023,1,19,25,12.5,4.7,3.0,0.4,0.024,0.137,0.185,0.572,0.177
2025-26,1627742,Brandon Ingram,1610612761,TOR,28.0,6-8,80,190,Duke,USA,2016,1,2,25,21.2,5.8,3.7,-0.3,0.022,0.152,0.272,0.554,0.167
2025-26,1641706,Brandon Miller,1610612766,CHA,23.0,6-7,79,200,Alabama,USA,2023,1,2,8,16.4,2.5,3.1,-3.8,0.024,0.07,0.302,0.492,0.197
2025-26,1630314,Brandon Williams,1610612742,DAL,26.0,6-1,73,190,Arizona,USA,Undrafted,Undrafted,Undrafted,23,10.8,2.4,4.1,2.8,0.027,0.082,0.245,0.488,0.28
2025-26,1641729,Brice Sensabaugh,1610612762,UTA,22.0,6-6,78,235,Ohio State,USA,2023,1,28,22,8.6,2.5,1.1,-13.7,0.039,0.112,0.221,0.551,0.114
2025-26,1642355,Bronny James,1610612747,LAL,21.0,6-2,74,210,Southern California,USA,2024,2,55,13,2.0,0.7,1.6,-1.3,0.036,0.043,0.144,0.408,0.231
2025-26,201572,Brook Lopez,1610612746,LAC,37.0,7-1,85,282,Stanford,USA,2008,1,10,18,6.1,1.8,0.5,-9.2,0.017,0.109,0.204,0.53,0.06
2025-26,1642964,Brooks Barnhizer,1610612760,OKC,23.0,6-5,77,230,Northwestern,USA,2025,2,44,17,1.7,1.9,0.4,-22.5,0.046,0.184,0.094,0.566,0.092
2025-26,1628971,Bruce Brown,1610612743,DEN,29.0,6-4,76,202,Miami,USA,2018,2,42,23,6.7,3.6,1.8,2.0,0.041,0.108,0.132,0.51,0.098
2025-26,1631121,Bryce McGowens,1610612740,NOP,23.0,6-6,78,190,Nebraska,USA,2022,2,40,14,7.8,1.9,1.5,-5.1,0.012,0.097,0.165,0.604,0.115
2025-26,1642267,Bub Carrington,1610612764,WAS,20.0,6-4,76,190,Pittsburgh,USA,2024,1,14,22,7.0,3.4,4.2,-24.5,0.014,0.114,0.148,0.483,0.224
2025-26,1627741,Buddy Hield,1610612744,GSW,32.0,6-4,76,220,Oklahoma,Bahamas,2016,1,6,25,8.0,2.6,1.6,-8.4,0.035,0.098,0.184,0.526,0.138
2025-26,203468,CJ McCollum,1610612764,WAS,34.0,6-3,75,190,Lehigh,USA,2013,1,10,22,18.6,3.0,3.4,-12.5,0.017,0.078,0.243,0.571,0.167
2025-26,1630595,Cade Cunningham,1610612765,DET,24.0,6-6,78,220,Oklahoma State,USA,2021,1,1,21,27.5,6.4,9.3,8.5,0.038,0.127,0.305,0.562,0.395
2025-26,1631216,Caleb Houstan,1610612737,ATL,22.0,6-8,80,205,Michigan,Canada,2022,2,32,8,2.5,0.6,0.3,-20.5,0.091,0.029,0.173,0.698,0.08
2025-26,1631126,Caleb Love,1610612757,POR,24.0,6-3,75,212,Arizona,USA,Undrafted,Undrafted,Undrafted,16,8.0,2.8,1.9,-12.3,0.029,0.111,0.217,0.426,0.172
2025-26,1628997,Caleb Martin,1610612742,DAL,30.0,6-5,77,205,Nevada,USA,Undrafted,Undrafted,Undrafted,22,1.2,1.5,0.9,-13.2,0.045,0.101,0.093,0.333,0.146
2025-26,1642353,Cam Christie,1610612746,LAC,20.0,6-5,77,190,Minnesota,USA,2024,2,46,16,4.4,2.3,0.6,3.5,0.045,0.131,0.19,0.484,0.079
2025-26,1642285,Cam Spencer,1610612763,MEM,25.0,6-3,75,205,Connecticut,USA,2024,2,53,24,11.1,2.1,3.9,0.8,0.011,0.09,0.182,0.672,0.277
2025-26,1630560,Cam Thomas,1610612751,BKN,24.0,6-3,75,210,Louisiana State,Japan,2021,1,27,8,21.4,1.4,2.6,-15.0,0.012,0.037,0.314,0.546,0.162
2025-26,1641715,Cam Whitmore,1610612764,WAS,21.0,6-6,78,230,Villanova,USA,2023,1,20,21,9.2,2.8,0.7,-19.6,0.049,0.102,0.225,0.528,0.067
2025-26,1629661,Cameron Johnson,1610612743,DEN,29.0,6-8,80,210,North Carolina,USA,2019,1,11,22,11.1,3.4,2.3,9.9,0.029,0.082,0.147,0.59,0.09
2025-26,1627747,Caris LeVert,1610612765,DET,31.0,6-7,79,205,Michigan,USA,2016,1,20,18,9.3,1.7,2.8,0.2,0.013,0.063,0.187,0.584,0.202
2025-26,1642868,Carter Bryant,1610612759,SAS,20.0,6-6,78,220,Arizona,USA,2025,1,14,17,2.4,1.7,0.1,2.8,0.042,0.15,0.162,0.424,0.01
2025-26,1641717,Cason Wallace,1610612760,OKC,22.0,6-3,75,195,Kentucky,USA,2023,1,10,23,8.4,3.0,2.5,18.6,0.028,0.075,0.131,0.552,0.108
2025-26,1642907,Cedric Coward,1610612763,MEM,22.0,6-5,77,206,Washington State,USA,2025,1,11,24,13.3,6.2,2.7,2.9,0.046,0.161,0.197,0.566,0.146
2025-26,1629646,Charles Bassey,1610612763,MEM,25.0,6-10,82,230,Western Kentucky,Nigeria,2021,2,53,2,3.5,7.5,1.0,-8.4,0.175,0.258,0.123,0.376,0.095
2025-26,1642404,Chaz Lanier,1610612765,DET,23.0,6-3,75,206,Tennessee,USA,2025,2,37,13,3.3,1.1,0.8,-2.0,0.041,0.056,0.128,0.496,0.091
2025-26,1631096,Chet Holmgren,1610612760,OKC,23.0,7-1,85,208,Gonzaga,USA,2022,1,2,20,18.6,8.1,1.7,17.9,0.056,0.217,0.238,0.663,0.085
2025-26,1628449,Chris Boucher,1610612738,BOS,32.0,6-8,80,200,Oregon,Saint Lucia,Undrafted,Undrafted,Undrafted,8,2.3,2.3,0.4,5.0,0.02,0.154,0.118,0.379,0.043
2025-26,1641753,Chris Livingston,1610612739,CLE,22.0,6-6,78,220,Kentucky,USA,2023,2,58,3,3.0,1.0,0.3,27.0,0.0,0.176,0.189,0.605,0.091
2025-26,1643024,Chris Mañon,1610612747,LAL,23.0,6-4,76,209,Vanderbilt,USA,Undrafted,Undrafted,Undrafted,2,0.0,1.0,0.0,5.7,0.0,0.222,0.045,0.0,0.0
2025-26,101108,Chris Paul,1610612746,LAC,40.0,6-0,72,175,Wake Forest,USA,2005,1,4,16,2.9,1.8,3.3,-17.3,0.026,0.101,0.135,0.413,0.351
2025-26,1642959,Chris Youngblood,1610612760,OKC,23.0,6-4,76,,Alabama,USA,Undrafted,Undrafted,Undrafted,18,1.8,1.0,0.3,-5.9,0.033,0.125,0.142,0.532,0.079
2025-26,1631128,Christian Braun,1610612743,DEN,24.0,6-6,78,220,Kansas,USA,2022,1,21,11,11.4,4.4,3.0,18.2,0.06,0.088,0.158,0.569,0.124
2025-26,1631132,Christian Koloko,1610612747,LAL,25.0,6-11,83,225,Arizona,Cameroon,2022,2,33,2,0.0,0.5,0.0,-83.0,0.0,0.125,0.0,0.0,0.0
2025-26,1642935,Chucky Hepburn,1610612761,TOR,22.0,6-0,72,190,Louisville,USA,Undrafted,Undrafted,Undrafted,1,0.0,1.0,0.0,-35.6,0.0,0.143,0.25,0.0,0.0
2025-26,203991,Clint Capela,1610612745,HOU,31.0,6-10,82,256,None,Switzerland,2014,1,25,20,3.8,4.9,0.5,-1.4,0.192,0.189,0.126,0.579,0.053
2025-26,1629632,Coby White,1610612741,CHI,25.0,6-4,76,195,North Carolina,USA,2019,1,7,7,22.1,2.7,5.4,-0.8,0.009,0.071,0.302,0.58,0.277
2025-26,1628998,Cody Martin,1610612754,IND,30.0,6-6,78,205,Nevada,USA,2019,2,36,4,1.8,3.5,0.5,-20.2,0.013,0.183,0.119,0.277,0.065
2025-26,1642262,Cody Williams,1610612762,UTA,21.0,6-8,80,190,Colorado,USA,2024,1,10,13,2.2,0.9,0.5,-6.5,0.019,0.06,0.117,0.351,0.048
2025-26,1641732,Colby Jones,1610612765,DET,23.0,6-6,78,207,Xavier,USA,2023,2,34,1,2.0,4.0,2.0,80.0,0.0,0.4,0.158,0.333,0.333
2025-26,1630175,Cole Anthony,1610612749,MIL,25.0,6-2,74,185,North Carolina,USA,2020,1,15,23,7.0,2.7,4.0,-7.4,0.027,0.134,0.244,0.474,0.38
2025-26,1631221,Collin Gillespie,1610612756,PHX,26.0,6-1,73,195,Villanova,USA,Undrafted,Undrafted,Undrafted,23,13.3,3.7,4.9,3.8,0.033,0.11,0.193,0.601,0.256
2025-26,1642867,Collin Murray-Boyles,1610612761,TOR,20.0,6-7,79,245,South Carolina,USA,2025,1,9,20,7.0,3.2,1.3,-4.6,0.089,0.09,0.16,0.635,0.11
2025-26,1629012,Collin Sexton,1610612766,CHA,26.0,6-3,75,190,Alabama,USA,2018,1,8,21,15.5,2.2,4.2,-3.7,0.016,0.069,0.244,0.615,0.271
2025-26,1642843,Cooper Flagg,1610612742,DAL,18.0,6-9,81,205,Duke,USA,2025,1,1,24,17.3,6.3,3.3,-8.4,0.034,0.142,0.221,0.551,0.151
2025-26,1630557,Corey Kispert,1610612764,WAS,26.0,6-6,78,224,Gonzaga,USA,2021,1,15,17,8.9,2.5,1.7,-4.9,0.016,0.091,0.147,0.657,0.114
2025-26,1641854,Craig Porter Jr.,1610612739,CLE,25.0,6-1,73,180,Wichita State,USA,Undrafted,Undrafted,Undrafted,22,5.4,3.2,2.3,3.3,0.073,0.103,0.123,0.586,0.185
2025-26,1642938,Curtis Jones,1610612743,DEN,24.0,6-3,75,195,Iowa State,,Undrafted,Undrafted,Undrafted,2,1.0,1.0,0.0,38.1,0.25,0.143,0.375,0.333,0.0
2025-26,1626156,D'Angelo Russell,1610612742,DAL,29.0,6-3,75,193,Ohio State,USA,2015,1,2,21,11.2,2.6,4.3,-1.8,0.019,0.094,0.274,0.51,0.342
2025-26,1641747,DaRon Holmes II,1610612743,DEN,23.0,6-9,81,225,Dayton,USA,2024,1,22,2,1.5,0.0,0.0,-29.1,0.0,0.0,0.091,1.5,0.0
2025-26,1631342,Daeqwon Plowden,1610612758,SAC,27.0,6-4,76,216,Bowling Green,USA,Undrafted,Undrafted,Undrafted,1,2.0,2.0,0.0,-50.0,0.154,0.0,0.152,0.2,0.0
2025-26,1631207,Dalen Terry,1610612741,CHI,23.0,6-6,78,195,Arizona,USA,2022,1,18,13,3.1,1.8,1.5,6.6,0.046,0.096,0.13,0.512,0.188
2025-26,1642261,Dalton Knecht,1610612747,LAL,24.0,6-6,78,215,Tennessee,USA,2024,1,17,19,6.5,1.9,0.6,-7.8,0.033,0.09,0.162,0.576,0.063
2025-26,1629655,Daniel Gafford,1610612742,DAL,27.0,6-10,82,265,Arkansas,USA,2019,2,38,15,8.9,6.4,1.3,-1.9,0.092,0.16,0.145,0.664,0.083
2025-26,1642450,Daniss Jenkins,1610612765,DET,24.0,6-4,76,165,St. John's,USA,Undrafted,Undrafted,Undrafted,19,8.3,1.9,3.5,2.8,0.034,0.07,0.202,0.533,0.278
2025-26,1642874,Danny Wolf,1610612751,BKN,21.0,6-11,83,250,Michigan,USA,2025,1,27,9,7.9,3.9,1.8,6.1,0.052,0.193,0.211,0.61,0.188
2025-26,203967,Dario Šarić,1610612758,SAC,31.0,6-10,82,225,None,Croatia,2014,1,12,3,1.7,1.7,0.7,8.2,0.05,0.138,0.113,0.425,0.083
2025-26,1629636,Darius Garland,1610612739,CLE,25.0,6-1,73,192,Vanderbilt,USA,2019,1,5,9,14.0,3.0,6.2,-6.5,0.023,0.078,0.24,0.486,0.303
2025-26,1642357,David Jones Garcia,1610612759,SAS,24.0,6-4,76,210,Memphis,Dominican Republic,Undrafted,Undrafted,Undrafted,10,3.2,1.2,1.8,22.6,0.06,0.131,0.181,0.579,0.316
2025-26,1630558,Davion Mitchell,1610612748,MIA,27.0,6-0,72,202,Baylor,USA,2021,1,9,23,9.7,2.7,7.8,6.2,0.014,0.067,0.133,0.587,0.316
2025-26,1630549,Day'Ron Sharpe,1610612751,BKN,24.0,6-10,82,265,North Carolina,USA,2021,1,29,22,7.0,5.4,1.8,-5.5,0.121,0.221,0.187,0.637,0.182
2025-26,1628368,De'Aaron Fox,1610612759,SAS,27.0,6-3,75,185,Kentucky,USA,2017,1,5,14,25.0,3.7,6.5,3.2,0.028,0.077,0.297,0.612,0.306
2025-26,1629631,De'Andre Hunter,1610612739,CLE,28.0,6-7,79,221,Virginia,USA,2019,1,4,21,16.0,4.3,2.5,-1.0,0.021,0.124,0.217,0.572,0.126
2025-26,1629001,De'Anthony Melton,1610612744,GSW,27.0,6-2,74,200,Southern California,USA,2018,2,46,2,13.5,1.0,2.0,-9.2,0.0,0.043,0.315,0.574,0.222
2025-26,201599,DeAndre Jordan,1610612740,NOP,37.0,6-11,83,265,Texas A&M,USA,2008,2,35,2,4.5,5.0,0.0,-62.1,0.129,0.222,0.113,0.765,0.0
2025-26,201942,DeMar DeRozan,1610612758,SAC,36.0,6-6,78,220,Southern California,USA,2009,1,9,23,17.9,3.0,3.5,-10.2,0.014,0.079,0.2,0.595,0.157
2025-26,1629731,Dean Wade,1610612739,CLE,29.0,6-9,81,228,Kansas State,USA,Undrafted,Undrafted,Undrafted,23,5.3,3.8,1.6,3.0,0.037,0.123,0.099,0.508,0.093
2025-26,1629028,Deandre Ayton,1610612747,LAL,27.0,7-0,84,252,Arizona,Bahamas,2018,1,1,21,15.3,8.8,0.9,3.0,0.106,0.203,0.185,0.71,0.046
2025-26,1630166,Deni Avdija,1610612757,POR,24.0,6-8,80,228,None,Israel,2020,1,9,24,25.8,7.2,6.3,1.2,0.033,0.172,0.274,0.63,0.284
2025-26,203471,Dennis Schröder,1610612758,SAC,32.0,6-1,73,175,None,Germany,2013,1,17,18,12.4,3.7,6.0,-12.1,0.014,0.109,0.207,0.495,0.303
2025-26,1641726,Dereck Lively II,1610612742,DAL,21.0,7-1,85,230,Duke,USA,2023,1,12,7,4.3,5.3,1.9,6.3,0.117,0.183,0.113,0.67,0.153
2025-26,1642852,Derik Queen,1610612740,NOP,20.0,6-9,81,250,Maryland,USA,2025,1,13,24,12.0,6.3,3.6,-9.9,0.071,0.191,0.226,0.546,0.22
2025-26,1627884,Derrick Jones Jr.,1610612746,LAC,28.0,6-6,78,210,UNLV,USA,Undrafted,Undrafted,Undrafted,13,10.5,2.4,1.1,-8.2,0.036,0.062,0.149,0.652,0.06
2025-26,1628401,Derrick White,1610612738,BOS,31.0,6-4,76,190,Colorado,USA,2017,1,29,23,17.5,4.1,5.3,8.7,0.024,0.093,0.233,0.525,0.222
2025-26,1630217,Desmond Bane,1610612753,ORL,27.0,6-6,78,215,TCU,USA,2020,1,30,24,18.3,4.4,4.5,4.5,0.038,0.089,0.227,0.55,0.205
2025-26,1626164,Devin Booker,1610612756,PHX,29.0,6-5,77,206,Kentucky,USA,2015,1,13,22,25.0,4.3,6.7,1.9,0.027,0.094,0.289,0.586,0.305
2025-26,1642269,Devin Carter,1610612758,SAC,23.0,6-2,74,195,Providence,USA,2024,1,13,8,2.1,1.5,1.1,2.8,0.043,0.148,0.178,0.366,0.191
2025-26,1630170,Devin Vassell,1610612759,SAS,25.0,6-5,77,200,Florida State,USA,2020,1,11,22,16.2,3.7,2.4,5.9,0.013,0.098,0.193,0.577,0.102
2025-26,1628415,Dillon Brooks,1610612756,PHX,29.0,6-7,79,225,Oregon,Canada,2017,2,45,17,22.3,3.2,1.9,-1.5,0.027,0.076,0.287,0.562,0.099
2025-26,1627734,Domantas Sabonis,1610612758,SAC,29.0,6-10,82,240,Gonzaga,Lithuania,2016,1,11,11,17.2,12.3,3.7,-18.7,0.094,0.286,0.224,0.564,0.176
2025-26,1631230,Dominick Barlow,1610612755,PHI,22.0,6-9,81,215,None,USA,Undrafted,Undrafted,Undrafted,14,7.9,5.6,2.0,-1.1,0.076,0.122,0.126,0.576,0.106
2025-26,1642270,Donovan Clingan,1610612757,POR,21.0,7-2,86,280,Connecticut,USA,2024,1,7,21,10.0,10.2,1.7,-0.8,0.157,0.219,0.144,0.563,0.093
2025-26,1628378,Donovan Mitchell,1610612739,CLE,29.0,6-2,74,215,Louisville,USA,2017,1,13,23,30.5,4.8,5.5,8.7,0.027,0.109,0.318,0.638,0.255
2025-26,1628978,Donte DiVincenzo,1610612750,MIN,28.0,6-4,76,203,Villanova,USA,2018,1,17,23,13.7,4.0,3.7,9.6,0.026,0.096,0.167,0.606,0.152
2025-26,203926,Doug McDermott,1610612758,SAC,33.0,6-7,79,225,Creighton,USA,2014,1,11,1,6.0,0.0,0.0,46.3,0.0,0.0,0.2,1.0,0.0
2025-26,1642962,Drake Powell,1610612751,BKN,20.0,6-5,77,195,North Carolina,USA,2025,1,22,16,6.3,1.8,2.1,-8.6,0.013,0.082,0.142,0.609,0.175
2025-26,203110,Draymond Green,1610612744,GSW,35.0,6-6,78,230,Michigan State,USA,2012,2,35,20,8.0,6.1,5.5,5.9,0.028,0.175,0.166,0.496,0.272
2025-26,1629234,Drew Eubanks,1610612758,SAC,28.0,6-10,82,245,Oregon State,USA,Undrafted,Undrafted,Undrafted,23,5.7,3.0,0.3,-6.5,0.055,0.139,0.152,0.619,0.033
2025-26,1641809,Drew Peterson,1610612766,CHA,26.0,6-8,80,205,Southern California,USA,Undrafted,Undrafted,Undrafted,4,1.3,1.8,0.5,-11.0,0.033,0.111,0.114,0.168,0.054
2025-26,1631166,Drew Timme,1610612747,LAL,25.0,6-9,81,235,Gonzaga,USA,Undrafted,Undrafted,Undrafted,2,1.0,1.0,1.5,0.0,0.143,0.25,0.1,0.5,0.5
2025-26,1630696,Dru Smith,1610612748,MIA,27.0,6-2,74,203,Missouri,USA,Undrafted,Undrafted,Undrafted,24,6.3,2.6,2.9,2.4,0.049,0.079,0.149,0.553,0.224
2025-26,1629130,Duncan Robinson,1610612765,DET,31.0,6-7,79,215,Michigan,USA,Undrafted,Undrafted,Undrafted,22,12.4,3.0,2.0,8.9,0.013,0.076,0.135,0.617,0.079
2025-26,1641871,Duop Reath,1610612757,POR,29.0,6-9,81,245,Louisiana State,South Sudan,Undrafted,Undrafted,Undrafted,19,3.8,0.9,0.3,-10.4,0.023,0.077,0.134,0.755,0.054
2025-26,203939,Dwight Powell,1610612742,DAL,34.0,6-10,82,240,Stanford,Canada,2014,2,45,20,2.4,2.1,0.9,5.9,0.077,0.103,0.075,0.717,0.101
2025-26,1642928,Dylan Cardwell,1610612758,SAC,23.0,6-10,82,255,Auburn,USA,Undrafted,Undrafted,Undrafted,3,1.7,1.7,0.0,-11.6,0.054,0.115,0.106,0.363,0.0
2025-26,1642844,Dylan Harper,1610612759,SAS,19.0,6-5,77,215,Rutgers,USA,2025,1,2,12,12.8,3.1,3.8,5.6,0.045,0.101,0.255,0.537,0.26
2025-26,1630700,Dyson Daniels,1610612737,ATL,22.0,6-7,79,199,None,Australia,2022,1,8,25,10.7,6.2,5.8,4.6,0.064,0.116,0.159,0.499,0.214
2025-26,1630604,E.J. Liddell,1610612751,BKN,24.0,6-6,78,240,Ohio State,USA,2022,2,41,7,2.0,1.3,0.0,26.5,0.075,0.162,0.153,0.526,0.0
2025-26,1642856,Egor Dëmin,1610612751,BKN,19.0,6-8,80,200,Brigham Young,Russia,2025,1,8,21,8.3,3.3,3.7,-7.3,0.022,0.122,0.176,0.517,0.243
2025-26,1641989,Elijah Harkless,1610612762,UTA,25.0,6-3,75,195,UNLV,USA,Undrafted,Undrafted,Undrafted,7,2.4,0.9,0.7,14.9,0.038,0.067,0.116,0.568,0.096
2025-26,1641801,Emanuel Miller,1610612741,CHI,25.0,6-5,77,215,TCU,Canada,Undrafted,Undrafted,Undrafted,5,3.0,0.6,0.8,-28.0,0.026,0.083,0.169,0.54,0.211
2025-26,201569,Eric Gordon,1610612755,PHI,36.0,6-3,75,215,Indiana,USA,2008,1,7,5,4.2,0.4,0.6,-18.3,0.016,0.019,0.11,0.808,0.07
2025-26,1630679,Ethan Thompson,1610612754,IND,26.0,6-4,76,195,Oregon State,Puerto Rico,Undrafted,Undrafted,Undrafted,3,4.3,0.7,1.3,25.5,0.0,0.049,0.08,0.813,0.111
2025-26,1630596,Evan Mobley,1610612739,CLE,24.0,6-11,83,215,Southern California,USA,2021,1,3,24,18.9,9.1,4.0,5.8,0.069,0.186,0.225,0.577,0.174
2025-26,1630532,Franz Wagner,1610612753,ORL,24.0,6-10,82,220,Michigan,Germany,2021,1,8,24,22.7,6.1,3.7,2.7,0.042,0.135,0.251,0.6,0.173
2025-26,1641713,GG Jackson,1610612763,MEM,20.0,6-9,81,210,South Carolina,USA,2023,2,45,8,2.5,1.8,0.3,-21.4,0.041,0.204,0.238,0.313,0.074
2025-26,1629216,Gabe Vincent,1610612747,LAL,29.0,6-2,74,200,California-Santa Barbara,USA,Undrafted,Undrafted,Undrafted,12,5.1,1.0,1.7,1.7,0.017,0.03,0.101,0.534,0.093
2025-26,202066,Garrett Temple,1610612761,TOR,39.0,6-5,77,195,Louisiana State,USA,Undrafted,Undrafted,Undrafted,4,1.0,0.5,0.3,-47.9,0.0,0.143,0.128,0.515,0.091
2025-26,1629726,Garrison Mathews,1610612754,IND,29.0,6-5,77,215,Lipscomb,USA,Undrafted,Undrafted,Undrafted,8,4.5,0.9,0.5,-1.3,0.009,0.06,0.122,0.597,0.049
2025-26,203914,Gary Harris,1610612749,MIL,31.0,6-4,76,210,Michigan State,USA,2014,1,19,16,2.3,1.4,1.2,-12.3,0.019,0.091,0.078,0.567,0.124
2025-26,1627780,Gary Payton II,1610612744,GSW,33.0,6-2,74,195,Oregon State,USA,Undrafted,Undrafted,Undrafted,24,4.0,3.0,1.6,2.2,0.065,0.16,0.149,0.531,0.191
2025-26,1629018,Gary Trent Jr.,1610612749,MIL,26.0,6-5,77,204,Duke,USA,2018,2,37,25,9.6,1.3,1.8,-9.5,0.004,0.043,0.149,0.543,0.089
2025-26,203507,Giannis Antetokounmpo,1610612749,MIL,31.0,6-11,83,243,None,Greece,2013,1,15,17,28.9,10.1,6.1,8.2,0.121,0.231,0.36,0.669,0.364
2025-26,1629048,Goga Bitadze,1610612753,ORL,26.0,6-11,83,250,None,Georgia,2019,1,18,23,6.3,5.2,1.4,8.8,0.1,0.196,0.111,0.769,0.112
2025-26,1641711,Gradey Dick,1610612761,TOR,22.0,6-7,79,200,Kansas,USA,2023,1,13,25,6.5,2.0,0.7,11.1,0.022,0.093,0.159,0.552,0.053
2025-26,1628960,Grayson Allen,1610612756,PHX,30.0,6-3,75,198,Duke,USA,2018,1,21,15,17.3,2.9,3.9,0.7,0.014,0.078,0.206,0.611,0.187
2025-26,1627824,Guerschon Yabusele,1610612752,NYK,29.0,6-7,79,265,None,France,2016,1,16,22,3.2,2.2,0.4,2.7,0.068,0.14,0.139,0.519,0.054
2025-26,1630611,Gui Santos,1610612744,GSW,23.0,6-7,79,185,None,Brazil,2022,2,55,18,3.4,1.9,0.6,-8.2,0.078,0.104,0.179,0.507,0.111
2025-26,203084,Harrison Barnes,1610612759,SAS,33.0,6-7,79,225,North Carolina,USA,2012,1,7,22,12.9,3.5,2.3,2.8,0.029,0.081,0.157,0.641,0.101
2025-26,1631127,Harrison Ingram,1610612759,SAS,23.0,6-5,77,230,North Carolina,USA,2024,2,48,3,1.7,1.0,0.0,46.5,0.25,0.0,0.088,0.833,0.0
2025-26,1630529,Herbert Jones,1610612740,NOP,27.0,6-7,79,206,Alabama,USA,2021,2,35,16,9.5,3.8,2.3,-11.9,0.029,0.109,0.15,0.503,0.107
2025-26,1642864,Hugo González,1610612738,BOS,19.0,6-6,78,200,None,Spain,2025,1,28,19,3.4,2.0,0.5,12.3,0.054,0.122,0.131,0.6,0.058
2025-26,1630621,Hunter Dickinson,1610612740,NOP,25.0,7-1,85,255,Kansas,USA,Undrafted,Undrafted,Undrafted,1,2.0,0.0,0.0,-120.0,0.0,0.0,0.333,0.5,0.0
2025-26,1642282,Hunter Sallis,1610612755,PHI,22.0,6-4,76,185,Wake Forest,USA,Undrafted,Undrafted,Undrafted,6,1.2,0.2,0.7,-28.6,0.0,0.034,0.172,0.595,0.25
2025-26,1641816,Hunter Tyson,1610612743,DEN,25.0,6-8,80,215,Clemson,USA,2023,2,37,8,0.3,1.5,0.4,-23.3,0.027,0.262,0.137,0.101,0.167
2025-26,1630193,Immanuel Quickley,1610612761,TOR,26.0,6-2,74,190,Kentucky,USA,2020,1,25,25,16.5,4.2,6.2,2.5,0.012,0.113,0.203,0.591,0.269
2025-26,1642403,Isaac Jones,1610612765,DET,25.0,6-8,80,245,Washington State,USA,Undrafted,Undrafted,Undrafted,4,1.3,0.5,0.3,-46.5,0.095,0.0,0.119,0.512,0.1
2025-26,1630171,Isaac Okoro,1610612741,CHI,24.0,6-4,76,225,Auburn,USA,2020,1,5,15,8.2,2.7,1.6,-9.7,0.045,0.056,0.136,0.576,0.087
2025-26,1642268,Isaiah Collier,1610612762,UTA,21.0,6-4,76,210,Southern California,USA,2024,1,29,15,7.4,1.9,5.1,-19.0,0.009,0.085,0.16,0.612,0.362
2025-26,1642384,Isaiah Crawford,1610612745,HOU,24.0,6-6,78,220,Louisiana Tech,USA,Undrafted,Undrafted,Undrafted,2,0.0,0.0,0.0,13.9,0.0,0.0,0.1,0.0,0.0
2025-26,1628392,Isaiah Hartenstein,1610612760,OKC,27.0,7-0,84,250,None,Germany,2017,2,43,19,12.2,10.7,3.4,16.2,0.119,0.256,0.165,0.678,0.165
2025-26,1630543,Isaiah Jackson,1610612754,IND,23.0,6-8,80,205,Kentucky,USA,2021,1,22,23,8.1,5.6,0.9,-7.7,0.113,0.166,0.153,0.661,0.067
2025-26,1630198,Isaiah Joe,1610612760,OKC,26.0,6-4,76,165,Arkansas,USA,2020,2,49,17,12.9,2.8,1.5,15.7,0.022,0.09,0.189,0.667,0.093
2025-26,1630587,Isaiah Livers,1610612756,PHX,27.0,6-6,78,232,Michigan,USA,2021,2,42,13,2.5,2.2,0.4,18.9,0.046,0.119,0.088,0.506,0.037
2025-26,1630191,Isaiah Stewart,1610612765,DET,24.0,6-8,80,250,Washington,USA,2020,1,16,21,10.0,6.0,1.1,-0.6,0.075,0.169,0.165,0.63,0.07
2025-26,1627826,Ivica Zubac,1610612746,LAC,28.0,7-0,84,240,None,Croatia,2016,2,32,24,15.9,11.6,2.6,-2.1,0.112,0.25,0.194,0.618,0.125
2025-26,1631120,JD Davison,1610612745,HOU,23.0,6-1,73,195,Alabama,USA,2022,2,53,11,1.8,0.4,0.9,-19.4,0.015,0.043,0.116,0.559,0.204
2025-26,1629630,Ja Morant,1610612763,MEM,26.0,6-2,74,174,Murray State,USA,2019,1,2,12,17.9,3.5,7.6,-6.9,0.016,0.103,0.309,0.477,0.417
2025-26,1642266,Ja'Kobe Walter,1610612761,TOR,21.0,6-4,76,180,Baylor,USA,2024,1,19,22,5.2,2.1,0.8,-7.8,0.046,0.078,0.136,0.548,0.07
2025-26,1631095,Jabari Smith Jr.,1610612745,HOU,22.0,6-11,83,220,Auburn,USA,2022,1,3,20,15.3,6.4,1.9,14.0,0.041,0.145,0.176,0.575,0.073
2025-26,1631133,Jabari Walker,1610612755,PHI,23.0,6-7,79,237,Colorado,USA,2022,2,57,22,4.6,3.5,0.6,-1.4,0.084,0.177,0.134,0.564,0.057
2025-26,1631210,Jacob Toppin,1610612737,ATL,25.0,6-9,81,200,Kentucky,USA,Undrafted,Undrafted,Undrafted,5,1.6,0.2,0.2,31.3,0.0,0.067,0.14,0.667,0.091
2025-26,1630702,Jaden Hardy,1610612742,DAL,23.0,6-3,75,198,None,USA,2022,2,37,20,6.0,1.2,0.5,6.5,0.018,0.08,0.23,0.568,0.063
2025-26,1631093,Jaden Ivey,1610612765,DET,23.0,6-3,75,195,Purdue,USA,2022,1,5,9,7.6,2.7,1.1,9.4,0.044,0.134,0.214,0.586,0.114
2025-26,1630183,Jaden McDaniels,1610612750,MIN,25.0,6-9,81,185,Washington,USA,2020,1,28,22,16.0,4.7,2.5,7.9,0.042,0.101,0.193,0.635,0.111
2025-26,1630256,Jae'Sean Tate,1610612745,HOU,30.0,6-4,76,230,Ohio State,USA,Undrafted,Undrafted,Undrafted,14,2.9,1.6,0.5,-10.9,0.07,0.114,0.13,0.623,0.09
2025-26,1642942,Jahmai Mashack,1610612763,MEM,23.0,6-4,76,203,Tennessee,USA,2025,2,59,2,3.0,1.0,0.0,4.7,0.0,0.222,0.227,0.6,0.0
2025-26,1642443,Jahmir Young,1610612748,MIA,25.0,6-0,72,185,Maryland,USA,Undrafted,Undrafted,Undrafted,5,2.0,0.4,0.8,-25.7,0.0,0.074,0.191,0.455,0.2
2025-26,1643141,Jahmyl Telfort,1610612746,LAC,24.0,6-7,79,,None,Canada,Undrafted,Undrafted,Undrafted,8,0.1,0.4,0.1,-8.9,0.0,0.088,0.093,0.087,0.05
2025-26,1631170,Jaime Jaquez Jr.,1610612748,MIA,24.0,6-6,78,225,UCLA,USA,2023,1,18,23,15.8,6.0,5.1,7.7,0.044,0.123,0.216,0.571,0.246
2025-26,1631222,Jake LaRavia,1610612747,LAL,24.0,6-7,79,235,Wake Forest,USA,2022,1,19,23,8.9,3.8,1.8,-1.1,0.045,0.109,0.147,0.561,0.096
2025-26,1627751,Jakob Poeltl,1610612761,TOR,30.0,7-0,84,253,Utah,Austria,2016,1,9,18,10.2,7.9,2.2,1.9,0.109,0.193,0.14,0.688,0.112
2025-26,1628973,Jalen Brunson,1610612752,NYK,29.0,6-2,74,190,Villanova,USA,2018,2,33,21,28.0,3.1,6.4,12.5,0.013,0.075,0.306,0.59,0.289
2025-26,1631105,Jalen Duren,1610612765,DET,22.0,6-10,82,250,Memphis,USA,2022,1,13,21,18.8,11.5,1.8,14.5,0.142,0.233,0.221,0.699,0.091
2025-26,1630224,Jalen Green,1610612756,PHX,23.0,6-4,76,186,None,USA,2021,1,2,2,15.5,2.0,2.0,61.2,0.074,0.067,0.37,0.615,0.174
2025-26,1630552,Jalen Johnson,1610612737,ATL,23.0,6-8,80,219,Duke,USA,2021,1,20,22,23.4,10.5,7.9,2.1,0.038,0.244,0.253,0.633,0.326
2025-26,1629618,Jalen Pickett,1610612743,DEN,26.0,6-2,74,202,Penn State,USA,2023,2,32,10,2.3,1.1,1.0,-9.1,0.038,0.098,0.126,0.592,0.189
2025-26,1630188,Jalen Smith,1610612741,CHI,25.0,6-8,80,215,Maryland,USA,2020,1,10,18,10.0,5.8,1.2,-1.2,0.099,0.216,0.21,0.608,0.101
2025-26,1630591,Jalen Suggs,1610612753,ORL,24.0,6-5,77,205,Gonzaga,USA,2021,1,5,19,14.6,3.8,4.7,9.4,0.032,0.113,0.238,0.591,0.266
2025-26,1631114,Jalen Williams,1610612760,OKC,24.0,6-5,77,211,Santa Clara,USA,2022,1,12,5,17.8,5.2,6.4,19.4,0.016,0.149,0.265,0.536,0.302
2025-26,1630592,Jalen Wilson,1610612751,BKN,25.0,6-6,78,220,Kansas,USA,2023,2,51,18,5.0,1.0,0.6,-16.4,0.007,0.068,0.156,0.51,0.07
2025-26,1631288,Jamal Cain,1610612753,ORL,26.0,6-7,79,191,Oakland,USA,Undrafted,Undrafted,Undrafted,5,1.6,0.8,0.4,22.9,0.059,0.077,0.139,0.45,0.08
2025-26,1627750,Jamal Murray,1610612743,DEN,28.0,6-4,76,215,Kentucky,Canada,2016,1,7,22,25.0,4.5,6.8,10.1,0.014,0.113,0.26,0.635,0.279
2025-26,1642347,Jamal Shead,1610612761,TOR,23.0,6-1,73,200,Houston,USA,2024,2,45,25,5.8,1.8,5.1,5.2,0.022,0.072,0.144,0.506,0.328
2025-26,1631123,Jamaree Bouyea,1610612756,PHX,26.0,6-2,74,180,San Francisco,USA,Undrafted,Undrafted,Undrafted,7,7.7,1.1,1.4,7.4,0.022,0.082,0.169,0.755,0.139
2025-26,201935,James Harden,1610612746,LAC,36.0,6-5,77,220,Arizona State,USA,2009,1,3,23,26.8,5.4,8.3,-4.1,0.016,0.141,0.298,0.629,0.364
2025-26,1630164,James Wiseman,1610612754,IND,24.0,6-11,83,240,Memphis,USA,2020,1,2,1,4.0,4.0,0.0,-39.3,0.143,0.0,0.122,0.667,0.0
2025-26,1642364,Jamir Watkins,1610612764,WAS,24.0,6-6,78,210,Florida State,USA,2025,2,43,7,2.1,1.6,0.4,-25.0,0.03,0.129,0.083,0.588,0.073
2025-26,1642419,Jamison Battle,1610612761,TOR,24.0,6-7,79,220,Ohio State,USA,Undrafted,Undrafted,Undrafted,17,3.9,1.4,0.2,13.2,0.026,0.133,0.138,0.855,0.039
2025-26,1641716,Jarace Walker,1610612754,IND,22.0,6-7,79,235,Houston,USA,2023,1,8,23,9.7,5.0,2.2,-11.9,0.019,0.159,0.187,0.471,0.122
2025-26,1642272,Jared McCain,1610612755,PHI,21.0,6-3,75,195,Duke,USA,2024,1,16,14,7.5,1.9,1.7,2.4,0.008,0.088,0.193,0.488,0.133
2025-26,1628991,Jaren Jackson Jr.,1610612763,MEM,26.0,6-10,82,242,Michigan State,USA,2018,1,4,22,17.0,5.0,1.9,-7.5,0.027,0.133,0.238,0.563,0.107
2025-26,1629020,Jarred Vanderbilt,1610612747,LAL,26.0,6-8,80,214,Kentucky,USA,2018,2,41,15,4.3,5.2,1.5,-0.8,0.077,0.229,0.129,0.539,0.115
2025-26,1628386,Jarrett Allen,1610612739,CLE,27.0,6-9,81,243,Texas,USA,2017,1,22,15,14.3,7.6,1.8,8.1,0.089,0.186,0.2,0.625,0.094
2025-26,1642859,Jase Richardson,1610612753,ORL,20.0,6-1,73,180,Michigan State,USA,2025,1,25,14,3.4,0.9,0.9,11.5,0.04,0.103,0.174,0.619,0.181
2025-26,1642914,Javon Small,1610612763,MEM,22.0,6-1,73,190,West Virginia,USA,2025,2,48,8,4.3,1.0,2.8,0.8,0.01,0.061,0.161,0.525,0.301
2025-26,1631451,Javonte Cooke,1610612757,POR,26.0,6-6,78,185,Winston-Salem,USA,Undrafted,Undrafted,Undrafted,4,1.8,0.5,1.0,-11.7,0.027,0.032,0.187,0.318,0.211
2025-26,1629750,Javonte Green,1610612765,DET,32.0,6-5,77,205,Radford,USA,Undrafted,Undrafted,Undrafted,24,6.6,2.7,0.8,3.6,0.035,0.1,0.142,0.558,0.06
2025-26,1629637,Jaxson Hayes,1610612747,LAL,25.0,7-0,84,220,Texas,USA,2019,1,8,20,5.4,4.0,1.0,-1.5,0.075,0.158,0.1,0.725,0.084
2025-26,1630643,Jay Huff,1610612754,IND,28.0,7-1,85,240,Virginia,USA,Undrafted,Undrafted,Undrafted,23,7.7,3.5,1.3,-4.2,0.053,0.112,0.165,0.569,0.112
2025-26,1627759,Jaylen Brown,1610612738,BOS,29.0,6-6,78,223,California,USA,2016,1,3,23,29.1,6.2,4.9,5.7,0.034,0.143,0.352,0.589,0.242
2025-26,1641740,Jaylen Clark,1610612750,MIN,24.0,6-5,77,205,UCLA,USA,2023,2,53,21,4.9,2.3,0.4,7.4,0.064,0.075,0.123,0.552,0.041
2025-26,1642377,Jaylen Wells,1610612763,MEM,22.0,6-7,79,,Washington State,USA,2024,2,39,24,12.2,3.5,1.7,-0.2,0.037,0.089,0.172,0.575,0.089
2025-26,1631119,Jaylin Williams,1610612760,OKC,23.0,6-9,81,240,Arkansas,USA,2022,2,34,23,5.6,4.7,2.4,18.7,0.026,0.199,0.154,0.503,0.169
2025-26,1642281,Jaylon Tyson,1610612739,CLE,23.0,6-6,78,215,California,USA,2024,1,20,20,13.0,5.4,1.9,4.6,0.068,0.116,0.158,0.651,0.093
2025-26,201145,Jeff Green,1610612745,HOU,39.0,6-8,80,235,Georgetown,USA,2007,1,5,10,2.1,0.4,0.1,-35.9,0.023,0.063,0.147,0.656,0.04
2025-26,203924,Jerami Grant,1610612757,POR,31.0,6-7,79,213,Syracuse,USA,2014,2,39,23,19.5,3.9,2.7,-4.1,0.033,0.093,0.234,0.611,0.14
2025-26,1642847,Jeremiah Fears,1610612740,NOP,19.0,6-3,75,190,Oklahoma,USA,2025,1,7,24,15.8,3.4,3.0,-15.9,0.022,0.107,0.249,0.531,0.173
2025-26,1630526,Jeremiah Robinson-Earl,1610612754,IND,25.0,6-9,81,240,Villanova,USA,2021,2,32,17,4.6,5.2,0.7,-11.0,0.095,0.186,0.13,0.443,0.056
2025-26,1631110,Jeremy Sochan,1610612759,SAS,22.0,6-8,80,230,Baylor,Poland,2022,1,9,16,6.4,3.6,1.5,-9.2,0.078,0.138,0.155,0.566,0.13
2025-26,1630579,Jericho Sims,1610612749,MIL,27.0,6-10,82,250,Texas,USA,2021,2,58,19,2.7,3.7,0.7,-23.4,0.091,0.171,0.07,0.848,0.072
2025-26,1641724,Jett Howard,1610612753,ORL,22.0,6-8,80,215,Michigan,USA,2023,1,11,16,5.3,1.1,0.7,3.9,0.022,0.089,0.182,0.574,0.095
2025-26,1628975,Jevon Carter,1610612741,CHI,30.0,6-0,72,200,West Virginia,USA,2018,2,32,14,6.9,1.4,1.2,-13.3,0.021,0.074,0.179,0.597,0.124
2025-26,202710,Jimmy Butler III,1610612744,GSW,36.0,6-6,78,230,Marquette,USA,2011,1,30,21,19.5,5.7,5.0,8.2,0.072,0.107,0.221,0.653,0.255
2025-26,1642866,Joan Beringer,1610612750,MIN,19.0,6-11,83,230,None,France,2025,1,17,9,2.0,1.3,0.0,-2.2,0.05,0.217,0.144,0.731,0.0
2025-26,1629111,Jock Landale,1610612763,MEM,30.0,6-11,83,255,St. Mary's,Australia,Undrafted,Undrafted,Undrafted,24,10.9,5.4,1.5,-10.4,0.099,0.149,0.188,0.613,0.111
2025-26,204060,Joe Ingles,1610612750,MIN,38.0,6-8,80,220,None,Australia,Undrafted,Undrafted,Undrafted,7,0.0,0.0,0.9,-0.8,0.0,0.0,0.033,0.0,0.261
2025-26,203954,Joel Embiid,1610612755,PHI,31.0,7-0,84,280,Kansas,Cameroon,2014,1,3,9,18.2,5.6,3.0,1.3,0.051,0.158,0.327,0.518,0.189
2025-26,1628381,John Collins,1610612746,LAC,28.0,6-9,81,226,Wake Forest,USA,2017,1,19,24,12.2,4.8,0.7,-4.6,0.05,0.128,0.185,0.58,0.037
2025-26,1629723,John Konchar,1610612763,MEM,29.0,6-5,77,210,Indiana-Purdue Fort Wayne,USA,Undrafted,Undrafted,Undrafted,22,3.0,2.7,1.2,2.4,0.036,0.146,0.085,0.61,0.129
2025-26,1641780,Johni Broome,1610612755,PHI,23.0,6-10,82,235,Auburn,USA,2025,2,35,6,1.7,2.2,0.7,-29.4,0.122,0.189,0.242,0.23,0.167
2025-26,1642277,Johnny Furphy,1610612754,IND,20.0,6-8,80,200,Kansas,Australia,2024,2,35,5,2.0,1.8,0.2,-11.0,0.015,0.127,0.084,0.5,0.019
2025-26,1630548,Johnny Juzang,1610612750,MIN,24.0,6-7,79,226,UCLA,USA,Undrafted,Undrafted,Undrafted,8,1.1,0.4,0.1,20.9,0.048,0.087,0.193,0.455,0.056
2025-26,202685,Jonas Valančiūnas,1610612743,DEN,33.0,6-11,83,265,None,Lithuania,2011,1,5,23,8.2,4.6,1.2,-0.7,0.112,0.247,0.265,0.613,0.16
2025-26,1628371,Jonathan Isaac,1610612753,ORL,28.0,6-10,82,230,Florida State,USA,2017,1,6,21,3.0,3.1,0.1,-4.3,0.065,0.209,0.127,0.519,0.015
2025-26,1630228,Jonathan Kuminga,1610612744,GSW,23.0,6-7,79,225,None,DRC,2021,1,7,17,12.4,6.3,2.6,-4.5,0.061,0.185,0.237,0.526,0.161
2025-26,1642367,Jonathan Mogbo,1610612761,TOR,24.0,6-9,81,225,San Francisco,USA,2024,2,31,10,1.0,1.4,0.6,-5.8,0.093,0.2,0.094,0.455,0.176
2025-26,203903,Jordan Clarkson,1610612752,NYK,33.0,6-5,77,194,Missouri,USA,2014,2,46,23,9.8,2.0,1.7,4.4,0.043,0.053,0.215,0.531,0.127
2025-26,1630692,Jordan Goodwin,1610612756,PHX,27.0,6-3,75,215,St. Louis,USA,Undrafted,Undrafted,Undrafted,20,8.5,4.3,2.1,7.6,0.084,0.129,0.181,0.524,0.142
2025-26,1641722,Jordan Hawkins,1610612740,NOP,23.0,6-5,77,190,Connecticut,USA,2023,1,14,20,5.5,1.8,1.0,-8.3,0.025,0.083,0.174,0.453,0.087
2025-26,1629162,Jordan McLaughlin,1610612759,SAS,29.0,5-11,71,185,Southern California,USA,Undrafted,Undrafted,Undrafted,8,3.5,0.8,1.3,-4.8,0.038,0.043,0.141,0.553,0.175
2025-26,1641757,Jordan Miller,1610612746,LAC,25.0,6-5,77,194,Miami,USA,2023,2,48,4,8.5,2.3,0.8,-6.4,0.063,0.122,0.231,0.7,0.094
2025-26,1629673,Jordan Poole,1610612740,NOP,26.0,6-4,76,194,Michigan,USA,2019,1,28,7,17.3,1.7,3.4,-21.9,0.012,0.048,0.235,0.535,0.189
2025-26,1641775,Jordan Walsh,1610612738,BOS,21.0,6-6,78,205,Arkansas,USA,2023,2,38,20,7.1,4.8,1.1,13.7,0.08,0.144,0.115,0.69,0.065
2025-26,1630631,Jose Alvarado,1610612740,NOP,27.0,6-0,72,179,Georgia Tech,USA,Undrafted,Undrafted,Undrafted,23,9.1,2.8,2.9,-4.3,0.019,0.104,0.171,0.581,0.197
2025-26,1630581,Josh Giddey,1610612741,CHI,23.0,6-7,79,216,None,Australia,2021,1,6,21,20.3,9.5,8.9,-3.3,0.036,0.214,0.251,0.582,0.395
2025-26,1628404,Josh Hart,1610612752,NYK,30.0,6-5,77,215,Villanova,USA,2017,1,30,22,12.0,7.9,5.0,8.7,0.058,0.207,0.165,0.615,0.226
2025-26,1631169,Josh Minott,1610612738,BOS,23.0,6-8,80,205,Memphis,USA,2022,2,45,23,7.3,4.7,1.3,6.9,0.08,0.148,0.139,0.653,0.095
2025-26,1629006,Josh Okogie,1610612745,HOU,27.0,6-4,76,213,Georgia Tech,Nigeria,2018,1,20,21,6.5,2.9,1.0,10.8,0.061,0.076,0.126,0.587,0.056
2025-26,201950,Jrue Holiday,1610612757,POR,35.0,6-4,76,220,UCLA,USA,2009,1,17,12,16.7,5.3,8.3,2.4,0.037,0.116,0.208,0.565,0.346
2025-26,1630577,Julian Champagnie,1610612759,SAS,24.0,6-7,79,217,St. John's,USA,Undrafted,Undrafted,Undrafted,22,10.9,5.3,1.4,3.6,0.031,0.146,0.147,0.586,0.062
2025-26,1641763,Julian Phillips,1610612741,CHI,22.0,6-6,78,198,Tennessee,USA,2023,2,35,21,3.0,1.4,0.3,4.4,0.072,0.057,0.111,0.538,0.04
2025-26,1631124,Julian Strawther,1610612743,DEN,23.0,6-6,78,205,Gonzaga,USA,2023,1,29,9,3.7,1.6,0.4,-2.7,0.0,0.159,0.221,0.462,0.103
2025-26,203944,Julius Randle,1610612750,MIN,31.0,6-9,81,250,Kentucky,USA,2014,1,7,23,23.0,7.3,5.9,8.0,0.048,0.163,0.261,0.615,0.257
2025-26,1630551,Justin Champagnie,1610612764,WAS,24.0,6-6,78,206,Pittsburgh,USA,Undrafted,Undrafted,Undrafted,20,4.7,3.8,0.9,-20.8,0.116,0.173,0.137,0.562,0.095
2025-26,1642348,Justin Edwards,1610612755,PHI,21.0,6-7,79,203,Kentucky,USA,Undrafted,Undrafted,Undrafted,20,6.2,1.9,1.4,-10.3,0.032,0.074,0.154,0.545,0.117
2025-26,203994,Jusuf Nurkić,1610612762,UTA,31.0,6-11,83,290,None,Bosnia and Herzegovina,2014,1,16,22,8.2,9.2,3.7,-10.5,0.084,0.273,0.177,0.487,0.226
2025-26,1642354,KJ Simpson,1610612766,CHA,23.0,6-2,74,189,Colorado,USA,2024,2,42,11,5.8,2.2,2.4,-7.4,0.023,0.127,0.216,0.456,0.255
2025-26,1626157,Karl-Anthony Towns,1610612752,NYK,30.0,7-0,84,248,Kentucky,USA,2015,1,1,22,22.5,11.9,3.4,9.6,0.09,0.264,0.262,0.601,0.145
2025-26,1631255,Karlo Matković,1610612740,NOP,24.0,6-10,82,231,None,Bosnia and Herzegovina,2022,2,52,14,5.0,2.9,0.8,-3.1,0.047,0.191,0.137,0.737,0.097
2025-26,1642857,Kasparas Jakučionis,1610612748,MIA,19.0,6-5,77,200,Illinois-Urbana-Champaign,Lithuania,2025,1,20,1,0.0,0.0,0.0,-66.7,0.0,0.0,0.667,0.0,0.0
2025-26,202695,Kawhi Leonard,1610612746,LAC,34.0,6-6,78,225,San Diego State,USA,2011,1,15,14,25.4,5.5,3.0,-4.4,0.021,0.163,0.301,0.614,0.157
2025-26,1630811,Keaton Wallace,1610612737,ATL,26.0,6-3,75,185,Texas-San Antonio,USA,Undrafted,Undrafted,Undrafted,23,4.3,1.5,2.8,-6.3,0.003,0.098,0.141,0.53,0.285
2025-26,1631099,Keegan Murray,1610612758,SAC,25.0,6-8,80,225,Iowa,USA,2022,1,4,8,16.4,7.1,1.6,-5.2,0.042,0.138,0.178,0.531,0.06
2025-26,1642276,Kel'el Ware,1610612748,MIA,21.0,7-0,84,230,Indiana,USA,2024,1,15,24,11.6,10.3,0.6,-1.3,0.119,0.238,0.166,0.624,0.032
2025-26,1629640,Keldon Johnson,1610612759,SAS,26.0,6-6,78,220,Kentucky,USA,2019,1,29,22,13.0,6.5,1.8,2.6,0.077,0.179,0.183,0.652,0.108
2025-26,203482,Kelly Olynyk,1610612759,SAS,34.0,7-0,84,240,Gonzaga,Canada,2013,1,13,12,4.2,2.6,1.6,2.2,0.074,0.153,0.16,0.633,0.2
2025-26,1626162,Kelly Oubre Jr.,1610612755,PHI,29.0,6-8,80,203,Kansas,USA,2015,1,15,12,16.8,5.1,1.3,1.3,0.032,0.1,0.18,0.606,0.058
2025-26,1629026,Kenrich Williams,1610612760,OKC,31.0,6-7,79,210,TCU,USA,Undrafted,Undrafted,Undrafted,6,6.2,3.0,2.2,16.9,0.041,0.156,0.145,0.669,0.16
2025-26,203484,Kentavious Caldwell-Pope,1610612763,MEM,32.0,6-5,77,204,Georgia,USA,2013,1,8,24,7.6,2.3,3.1,-6.5,0.016,0.089,0.157,0.527,0.207
2025-26,1631165,Keon Ellis,1610612758,SAC,25.0,6-4,76,175,Alabama,USA,Undrafted,Undrafted,Undrafted,22,5.3,1.3,0.5,-13.7,0.013,0.068,0.132,0.557,0.047
2025-26,1642352,Keshad Johnson,1610612748,MIA,24.0,6-6,78,225,Arizona,USA,Undrafted,Undrafted,Undrafted,9,3.9,3.1,0.1,2.3,0.065,0.165,0.148,0.439,0.012
2025-26,201142,Kevin Durant,1610612745,HOU,37.0,6-11,83,240,Texas,USA,2007,1,2,19,25.3,4.8,3.9,11.5,0.009,0.121,0.258,0.62,0.166
2025-26,1628989,Kevin Huerter,1610612741,CHI,27.0,6-6,78,198,Maryland,USA,2018,1,19,19,11.9,3.3,2.4,-5.9,0.019,0.107,0.194,0.578,0.14
2025-26,201567,Kevin Love,1610612762,UTA,37.0,6-10,82,251,UCLA,USA,2008,1,5,14,5.5,4.3,1.8,-17.8,0.094,0.216,0.16,0.584,0.161
2025-26,1629645,Kevin Porter Jr.,1610612749,MIL,25.0,6-5,77,203,Southern California,USA,2019,1,30,6,21.8,3.5,5.8,-0.8,0.019,0.099,0.26,0.737,0.33
2025-26,1626172,Kevon Looney,1610612740,NOP,29.0,6-9,81,222,UCLA,USA,2015,1,30,12,2.7,3.9,1.4,-19.3,0.111,0.174,0.11,0.449,0.165
2025-26,1641718,Keyonte George,1610612762,UTA,22.0,6-4,76,185,Baylor,USA,2023,1,16,23,22.2,3.9,6.7,-10.4,0.013,0.099,0.272,0.585,0.32
2025-26,1642863,Khaman Maluach,1610612756,PHX,19.0,7-1,85,250,Duke,South Sudan,2025,1,10,11,1.4,0.8,0.1,-16.9,0.035,0.184,0.145,0.555,0.029
2025-26,203114,Khris Middleton,1610612764,WAS,34.0,6-7,79,222,Texas A&M,USA,2012,2,39,16,10.4,4.2,3.5,-10.8,0.043,0.113,0.173,0.566,0.181
2025-26,202691,Klay Thompson,1610612742,DAL,35.0,6-5,77,220,Washington State,USA,2011,1,11,23,11.0,2.6,1.3,-3.0,0.012,0.091,0.21,0.507,0.101
2025-26,1641738,Kobe Brown,1610612746,LAC,25.0,6-7,79,250,Missouri,USA,2023,1,30,16,3.8,2.2,1.1,-11.9,0.052,0.121,0.148,0.542,0.152
2025-26,1642920,Kobe Sanders,1610612746,LAC,23.0,6-8,80,207,Nevada,USA,2025,2,50,16,6.9,2.0,1.3,0.5,0.025,0.069,0.154,0.564,0.095
2025-26,1642886,Koby Brea,1610612756,PHX,23.0,6-5,77,215,Kentucky,USA,2025,2,41,2,2.0,0.5,1.0,-55.6,0.0,0.1,0.182,0.515,0.4
2025-26,1642851,Kon Knueppel,1610612766,CHA,20.0,6-6,78,215,Duke,USA,2025,1,4,24,18.0,5.5,3.3,-3.4,0.027,0.134,0.208,0.613,0.148
2025-26,1627739,Kris Dunn,1610612746,LAC,31.0,6-3,75,205,Providence,USA,2016,1,5,24,7.7,2.8,2.7,-8.9,0.035,0.077,0.13,0.572,0.145
2025-26,1631200,Kris Murray,1610612757,POR,25.0,6-8,80,218,Iowa,USA,2023,1,23,22,5.5,3.8,1.1,-8.5,0.062,0.082,0.096,0.522,0.061
2025-26,204001,Kristaps Porziņģis,1610612737,ATL,30.0,7-2,86,240,None,Latvia,2015,1,4,13,19.2,5.6,3.1,3.4,0.055,0.156,0.254,0.631,0.171
2025-26,203937,Kyle Anderson,1610612762,UTA,32.0,6-8,80,230,UCLA,USA,2014,1,30,8,7.5,2.8,3.3,-7.5,0.046,0.103,0.168,0.581,0.265
2025-26,1642271,Kyle Filipowski,1610612762,UTA,22.0,6-11,83,250,Duke,USA,2024,2,32,22,9.6,6.4,2.5,-4.1,0.075,0.198,0.169,0.574,0.154
2025-26,1628398,Kyle Kuzma,1610612749,MIL,30.0,6-8,80,221,Utah,USA,2017,1,27,24,12.8,4.4,2.2,-2.0,0.032,0.131,0.208,0.577,0.124
2025-26,200768,Kyle Lowry,1610612755,PHI,39.0,6-0,72,196,Villanova,USA,2006,1,24,3,2.0,0.3,1.3,21.2,0.0,0.04,0.069,0.75,0.182
2025-26,1642273,Kyshawn George,1610612764,WAS,21.0,6-8,80,200,Miami,Switzerland,2024,1,24,20,15.2,5.9,4.8,-14.7,0.024,0.152,0.208,0.6,0.222
2025-26,1630163,LaMelo Ball,1610612766,CHA,24.0,6-7,79,180,None,USA,2020,1,3,16,19.4,6.0,8.5,-0.4,0.036,0.168,0.309,0.507,0.44
2025-26,1642950,Lachlan Olbrich,1610612741,CHI,21.0,6-8,80,236,None,Australia,2025,2,55,5,0.4,2.2,0.6,-13.6,0.068,0.242,0.087,0.167,0.107
2025-26,1629013,Landry Shamet,1610612752,NYK,28.0,6-5,77,190,Wichita State,USA,2018,1,26,15,9.3,2.0,1.2,1.7,0.019,0.07,0.144,0.644,0.079
2025-26,1626204,Larry Nance Jr.,1610612739,CLE,32.0,6-6,78,245,Wyoming,USA,2015,1,27,16,3.6,2.8,1.3,-5.6,0.049,0.135,0.13,0.43,0.116
2025-26,1628374,Lauri Markkanen,1610612762,UTA,28.0,7-1,85,240,Arizona,Finland,2017,1,7,22,27.6,6.5,2.0,-4.4,0.057,0.117,0.266,0.613,0.099
2025-26,2544,LeBron James,1610612747,LAL,40.0,6-9,81,250,None,USA,2003,1,1,7,16.1,4.7,7.6,1.2,0.024,0.12,0.22,0.53,0.306
2025-26,1631159,Leonard Miller,1610612750,MIN,22.0,6-10,82,220,None,Canada,2023,2,33,9,1.7,1.2,0.4,-4.3,0.024,0.227,0.18,0.528,0.129
2025-26,1642862,Liam McNeeley,1610612766,CHA,20.0,6-7,79,210,Connecticut,USA,2025,1,29,18,4.9,2.4,0.9,1.6,0.03,0.137,0.141,0.585,0.091
2025-26,1630322,Lindy Waters III,1610612759,SAS,28.0,6-5,77,210,Oklahoma State,USA,Undrafted,Undrafted,Undrafted,11,2.3,1.2,0.5,-2.5,0.022,0.125,0.117,0.543,0.078
2025-26,1628366,Lonzo Ball,1610612739,CLE,28.0,6-5,77,190,UCLA,USA,2017,1,2,18,5.5,4.6,4.9,0.5,0.035,0.149,0.14,0.418,0.277
2025-26,1629652,Luguentz Dort,1610612760,OKC,26.0,6-4,76,220,Arizona State,Canada,Undrafted,Undrafted,Undrafted,15,8.0,3.9,1.1,14.3,0.042,0.084,0.123,0.518,0.049
2025-26,1629029,Luka Dončić,1610612747,LAL,26.0,6-8,80,230,None,Slovenia,2018,1,3,17,35.0,9.2,9.1,5.6,0.025,0.221,0.368,0.62,0.399
2025-26,1630568,Luka Garza,1610612738,BOS,26.0,6-10,82,243,Iowa,USA,2021,2,52,19,6.1,3.5,0.8,-7.5,0.131,0.111,0.15,0.687,0.089
2025-26,1628379,Luke Kennard,1610612737,ATL,29.0,6-5,77,206,Duke,USA,2017,1,12,22,7.6,2.0,2.3,0.9,0.025,0.066,0.141,0.645,0.15
2025-26,1628436,Luke Kornet,1610612759,SAS,30.0,7-1,85,250,Vanderbilt,USA,Undrafted,Undrafted,Undrafted,14,7.6,6.0,2.4,5.3,0.102,0.117,0.101,0.703,0.123
2025-26,1631247,Luke Travers,1610612739,CLE,24.0,6-6,78,207,None,Australia,2022,2,56,11,2.2,1.9,0.8,-12.7,0.065,0.123,0.161,0.316,0.132
2025-26,1630644,Mac McClung,1610612754,IND,26.0,6-2,74,185,Texas Tech,USA,Undrafted,Undrafted,Undrafted,3,6.3,1.3,0.3,-15.8,0.0,0.138,0.216,0.481,0.048
2025-26,1631103,Malaki Branham,1610612764,WAS,22.0,6-4,76,180,Ohio State,USA,2022,1,20,11,3.6,1.6,0.9,-19.6,0.053,0.146,0.206,0.543,0.196
2025-26,1628370,Malik Monk,1610612758,SAC,27.0,6-3,75,200,Kentucky,USA,2017,1,11,20,13.3,1.9,2.4,-2.9,0.016,0.059,0.221,0.562,0.15
2025-26,1631204,Marcus Sasser,1610612765,DET,25.0,6-1,73,195,Houston,USA,2023,1,25,1,0.0,0.0,2.0,-124.2,0.0,0.0,0.077,0.0,0.667
2025-26,203935,Marcus Smart,1610612747,LAL,31.0,6-3,75,220,Oklahoma State,USA,2014,1,6,14,9.3,2.3,2.9,9.1,0.025,0.059,0.16,0.555,0.141
2025-26,1641813,Mark Sears,1610612749,MIL,23.0,6-0,72,185,Alabama,USA,Undrafted,Undrafted,Undrafted,7,3.1,0.3,0.3,21.4,0.053,0.045,0.344,0.666,0.125
2025-26,1631109,Mark Williams,1610612756,PHX,23.0,7-1,85,240,Duke,USA,2022,1,15,19,12.7,8.7,1.0,4.6,0.124,0.211,0.168,0.685,0.06
2025-26,1628963,Marvin Bagley III,1610612764,WAS,26.0,6-10,82,235,Duke,USA,2018,1,2,18,8.5,4.8,1.3,-13.2,0.112,0.135,0.167,0.645,0.106
2025-26,203486,Mason Plumlee,1610612766,CHA,35.0,7-0,84,254,Duke,USA,2013,1,22,10,1.7,2.9,1.1,11.8,0.086,0.244,0.075,0.784,0.139
2025-26,1641824,Matas Buzelis,1610612741,CHI,21.0,6-8,80,209,None,USA,2024,1,11,23,14.0,5.7,1.6,-4.1,0.041,0.145,0.199,0.575,0.081
2025-26,1629680,Matisse Thybulle,1610612757,POR,28.0,6-5,77,202,Washington,USA,2019,1,20,4,5.0,1.0,0.8,21.0,0.0,0.089,0.102,0.85,0.091
2025-26,1631108,Max Christie,1610612742,DAL,22.0,6-5,77,190,Michigan State,USA,2022,2,35,25,11.8,3.2,1.9,-3.8,0.004,0.099,0.147,0.66,0.093
2025-26,1628467,Maxi Kleber,1610612747,LAL,33.0,6-10,82,240,None,Germany,Undrafted,Undrafted,Undrafted,10,1.8,1.8,0.6,14.2,0.056,0.104,0.067,0.537,0.068
2025-26,1642875,Maxime Raynaud,1610612758,SAC,22.0,7-1,85,250,Stanford,France,2025,2,42,15,7.8,4.1,0.9,-8.6,0.054,0.194,0.183,0.579,0.073
2025-26,1642877,Micah Peavy,1610612740,NOP,24.0,6-7,79,215,Georgetown,USA,2025,2,40,20,4.9,2.5,1.2,-5.8,0.064,0.084,0.144,0.453,0.095
2025-26,1629008,Michael Porter Jr.,1610612751,BKN,27.0,6-10,82,218,Missouri,USA,2018,1,14,19,25.8,7.6,3.2,-4.8,0.036,0.199,0.286,0.624,0.166
2025-26,1628969,Mikal Bridges,1610612752,NYK,29.0,6-6,78,209,Villanova,USA,2018,1,10,23,16.5,4.6,4.3,8.9,0.035,0.096,0.166,0.638,0.17
2025-26,201144,Mike Conley,1610612750,MIN,38.0,6-1,73,175,Ohio State,USA,2007,1,4,23,5.5,1.8,3.2,0.7,0.019,0.076,0.114,0.579,0.214
2025-26,1628970,Miles Bridges,1610612766,CHA,27.0,6-7,79,225,Michigan State,USA,2018,1,12,24,21.0,6.3,3.6,-7.4,0.027,0.153,0.247,0.547,0.165
2025-26,1642939,Miles Kelly,1610612742,DAL,22.0,6-4,76,190,Auburn,USA,Undrafted,Undrafted,Undrafted,2,1.0,2.0,0.0,-9.7,0.067,0.231,0.086,0.5,0.0
2025-26,1630540,Miles McBride,1610612752,NYK,25.0,6-2,74,195,West Virginia,USA,2021,2,36,20,11.6,2.6,2.5,13.9,0.024,0.067,0.157,0.606,0.119
2025-26,1629011,Mitchell Robinson,1610612752,NYK,27.0,7-0,84,240,Western Kentucky,USA,2018,2,36,15,3.7,8.4,0.9,12.8,0.24,0.21,0.085,0.592,0.059
2025-26,1642885,Mohamed Diawara,1610612752,NYK,20.0,6-9,81,225,None,France,2025,2,51,16,0.8,0.7,0.5,-11.7,0.058,0.129,0.135,0.432,0.19
2025-26,1628420,Monte Morris,1610612754,IND,30.0,6-2,74,183,Iowa State,USA,2017,2,51,6,3.0,1.2,1.5,-20.9,0.012,0.08,0.141,0.414,0.29
2025-26,1630541,Moses Moody,1610612744,GSW,23.0,6-5,77,211,Arkansas,USA,2021,1,14,23,11.7,3.2,1.4,4.9,0.032,0.087,0.184,0.583,0.087
2025-26,1631243,Mouhamed Gueye,1610612737,ATL,23.0,6-11,83,210,Washington State,Senegal,2023,2,39,25,5.8,3.8,1.0,1.3,0.069,0.135,0.143,0.554,0.079
2025-26,1630619,Moussa Cisse,1610612742,DAL,23.0,6-11,83,220,Memphis,Guinea,Undrafted,Undrafted,Undrafted,18,2.9,3.3,0.2,-3.1,0.12,0.18,0.129,0.578,0.023
2025-26,1631217,Moussa Diabaté,1610612766,CHA,23.0,6-10,82,210,Michigan,France,2022,2,43,23,8.7,7.8,1.2,-1.0,0.153,0.191,0.131,0.67,0.082
2025-26,1626167,Myles Turner,1610612749,MIL,29.0,6-11,83,250,Texas,USA,2015,1,11,25,12.6,5.7,1.7,-0.9,0.037,0.16,0.179,0.587,0.083
2025-26,1642066,Myron Gardner,1610612748,MIA,24.0,6-5,77,220,Arkansas-Little Rock,USA,Undrafted,Undrafted,Undrafted,4,1.5,0.5,0.3,-18.5,0.0,0.2,0.071,1.5,0.1
2025-26,1642368,N'Faly Dante,1610612737,ATL,24.0,6-11,83,230,Oregon,Mali,Undrafted,Undrafted,Undrafted,4,0.8,1.8,0.0,22.4,0.167,0.25,0.119,0.338,0.0
2025-26,1641772,Nae'Qwan Tomlin,1610612739,CLE,24.0,6-8,80,210,Memphis,USA,Undrafted,Undrafted,Undrafted,16,7.2,3.4,0.6,12.4,0.097,0.093,0.171,0.556,0.052
2025-26,1630230,Naji Marshall,1610612742,DAL,27.0,6-6,78,220,Xavier,USA,Undrafted,Undrafted,Undrafted,25,12.6,5.0,2.5,-6.8,0.032,0.132,0.164,0.634,0.138
2025-26,1629675,Naz Reid,1610612750,MIN,26.0,6-9,81,264,Louisiana State,USA,Undrafted,Undrafted,Undrafted,23,13.8,5.9,2.4,-0.2,0.045,0.186,0.21,0.587,0.142
2025-26,1629674,Neemias Queta,1610612738,BOS,26.0,7-0,84,248,Utah State,Portugal,2021,2,39,22,10.1,8.2,1.7,16.1,0.126,0.193,0.148,0.664,0.094
2025-26,1629651,Nic Claxton,1610612751,BKN,26.0,6-11,83,215,Georgia,USA,2019,2,31,23,13.6,7.7,4.5,-9.0,0.089,0.166,0.18,0.601,0.231
2025-26,1630208,Nick Richards,1610612756,PHX,28.0,6-11,83,245,Kentucky,Jamaica,2020,2,42,22,3.7,3.3,0.3,-6.6,0.126,0.209,0.175,0.56,0.048
2025-26,1641733,Nick Smith Jr.,1610612747,LAL,21.0,6-2,74,185,Arkansas,USA,2023,1,27,9,7.8,1.1,1.6,1.9,0.009,0.07,0.214,0.597,0.147
2025-26,1629638,Nickeil Alexander-Walker,1610612737,ATL,27.0,6-5,77,205,Virginia Tech,Canada,2019,1,17,23,20.7,3.5,3.4,1.1,0.025,0.077,0.24,0.608,0.149
2025-26,201587,Nicolas Batum,1610612746,LAC,36.0,6-7,79,230,None,France,2008,1,25,24,4.4,2.8,0.8,-8.1,0.025,0.117,0.099,0.569,0.056
2025-26,1628502,Nigel Hayes-Davis,1610612756,PHX,30.0,6-7,79,254,Wisconsin,USA,Undrafted,Undrafted,Undrafted,17,1.5,1.3,0.4,-19.2,0.052,0.094,0.113,0.352,0.059
2025-26,203999,Nikola Jokić,1610612743,DEN,30.0,6-11,83,284,None,Serbia,2014,2,41,23,29.2,12.3,11.0,12.2,0.093,0.255,0.282,0.719,0.471
2025-26,1631107,Nikola Jović,1610612748,MIA,22.0,6-10,82,205,None,Serbia,2022,1,27,18,7.6,3.7,2.8,2.8,0.03,0.129,0.191,0.507,0.19
2025-26,202696,Nikola Vučević,1610612741,CHI,35.0,6-9,81,260,Southern California,Montenegro,2011,1,16,22,15.9,9.5,3.4,-6.3,0.075,0.215,0.214,0.569,0.167
2025-26,1642363,Nique Clifford,1610612758,SAC,23.0,6-5,77,175,Colorado State,USA,2025,1,24,19,4.3,2.6,1.6,-5.2,0.036,0.117,0.128,0.494,0.124
2025-26,1642855,Noa Essengue,1610612741,CHI,18.0,6-8,80,200,None,France,2025,1,12,2,0.0,0.0,0.0,-111.4,0.0,0.0,0.188,0.0,0.0
2025-26,1641730,Noah Clowney,1610612751,BKN,21.0,6-10,82,210,Alabama,USA,2023,1,21,23,13.3,3.8,1.7,-4.8,0.027,0.11,0.197,0.598,0.096
2025-26,1642869,Noah Penda,1610612753,ORL,20.0,6-7,79,215,None,France,2025,2,32,13,3.6,3.2,1.1,18.5,0.167,0.194,0.156,0.59,0.136
2025-26,1642849,Nolan Traore,1610612751,BKN,19.0,6-3,75,185,None,France,2025,1,19,4,1.8,0.3,1.3,-34.4,0.0,0.032,0.126,0.354,0.217
2025-26,1626181,Norman Powell,1610612748,MIA,32.0,6-3,75,215,UCLA,USA,2015,2,46,19,24.8,3.6,2.4,7.3,0.012,0.092,0.269,0.655,0.114
2025-26,1628384,OG Anunoby,1610612752,NYK,28.0,6-7,79,240,Indiana,United Kingdom,2017,1,23,14,15.9,5.3,1.9,17.7,0.044,0.124,0.196,0.611,0.087
2025-26,1630167,Obi Toppin,1610612754,IND,27.0,6-9,81,220,Dayton,USA,2020,1,8,3,14.0,6.7,1.7,-6.5,0.032,0.181,0.232,0.526,0.093
2025-26,1630534,Ochai Agbaji,1610612761,TOR,25.0,6-5,77,215,Kansas,USA,2022,1,14,17,3.5,1.9,0.7,3.8,0.033,0.1,0.123,0.445,0.065
2025-26,1641765,Olivier-Maxence Prosper,1610612763,MEM,23.0,6-7,79,230,Marquette,Canada,2023,1,24,13,4.1,2.4,0.5,-10.3,0.069,0.157,0.171,0.557,0.081
2025-26,1630168,Onyeka Okongwu,1610612737,ATL,24.0,6-10,82,240,Southern California,USA,2020,1,6,24,16.0,7.4,3.0,-2.2,0.057,0.177,0.202,0.607,0.148
2025-26,1631115,Orlando Robinson,1610612753,ORL,25.0,6-10,82,235,Fresno State,USA,Undrafted,Undrafted,Undrafted,3,2.3,1.0,0.7,-27.9,0.083,0.077,0.094,0.7,0.133
2025-26,1642345,Oso Ighodaro,1610612756,PHX,23.0,6-11,83,235,Marquette,USA,2024,2,40,23,4.7,3.5,1.7,4.9,0.043,0.157,0.121,0.572,0.12
2025-26,1631172,Ousmane Dieng,1610612760,OKC,22.0,6-9,81,185,None,France,2022,1,11,16,3.9,1.7,0.9,4.2,0.03,0.089,0.139,0.546,0.104
2025-26,1629023,P.J. Washington,1610612742,DAL,27.0,6-7,79,230,Kentucky,USA,2019,1,12,20,15.9,7.8,2.2,-3.7,0.041,0.18,0.223,0.531,0.108
2025-26,1641790,PJ Hall,1610612763,MEM,23.0,6-8,80,245,Clemson,USA,Undrafted,Undrafted,Undrafted,7,1.9,1.3,0.3,4.7,0.086,0.182,0.149,0.63,0.143
2025-26,1642359,Pacôme Dadiet,1610612752,NYK,20.0,6-9,81,210,None,France,2024,1,25,9,0.4,0.6,0.2,-15.5,0.0,0.167,0.113,0.291,0.125
2025-26,1631094,Paolo Banchero,1610612753,ORL,23.0,6-10,82,250,Duke,USA,2022,1,1,14,20.4,7.9,3.8,2.1,0.027,0.217,0.266,0.571,0.193
2025-26,1627783,Pascal Siakam,1610612754,IND,31.0,6-8,80,245,New Mexico State,Cameroon,2016,1,27,22,24.5,7.1,4.1,-4.2,0.044,0.155,0.285,0.566,0.202
2025-26,1626192,Pat Connaughton,1610612766,CHA,32.0,6-5,77,209,Notre Dame,USA,2015,2,41,12,4.3,1.9,0.6,-1.7,0.031,0.151,0.153,0.623,0.103
2025-26,1630311,Pat Spencer,1610612744,GSW,29.0,6-2,74,205,Northwestern,USA,Undrafted,Undrafted,Undrafted,17,7.4,2.4,3.2,8.4,0.048,0.096,0.194,0.564,0.299
2025-26,1630172,Patrick Williams,1610612741,CHI,24.0,6-6,78,215,Florida State,USA,2020,1,4,22,7.2,3.3,1.3,-8.6,0.034,0.118,0.157,0.497,0.083
2025-26,202331,Paul George,1610612755,PHI,35.0,6-8,80,220,Fresno State,USA,2010,1,10,8,14.1,5.0,3.1,0.9,0.013,0.18,0.235,0.549,0.207
2025-26,1630194,Paul Reed,1610612765,DET,26.0,6-9,81,210,DePaul,USA,2020,2,58,18,6.7,4.6,1.2,1.0,0.16,0.218,0.191,0.683,0.147
2025-26,1630202,Payton Pritchard,1610612738,BOS,27.0,6-1,73,195,Oregon,USA,2020,1,26,24,17.1,4.3,5.0,8.1,0.031,0.092,0.207,0.573,0.211
2025-26,1641796,Pelle Larsson,1610612748,MIA,24.0,6-5,77,215,Arizona,Sweden,2024,2,44,23,9.0,2.5,3.3,2.2,0.019,0.082,0.163,0.569,0.179
2025-26,1631250,Pete Nance,1610612749,MIL,25.0,6-9,81,225,Northwestern,USA,Undrafted,Undrafted,Undrafted,5,3.2,0.6,0.2,104.4,0.0,0.2,0.225,0.889,0.1
2025-26,1631212,Peyton Watson,1610612743,DEN,23.0,6-8,80,200,UCLA,USA,2022,1,30,23,10.3,5.1,1.7,10.0,0.048,0.137,0.154,0.586,0.076
2025-26,1630173,Precious Achiuwa,1610612758,SAC,26.0,6-8,80,243,Memphis,Nigeria,2020,1,20,16,7.4,5.4,0.9,-8.2,0.085,0.165,0.144,0.555,0.067
2025-26,1629656,Quentin Grimes,1610612755,PHI,25.0,6-4,76,210,Houston,USA,2021,1,25,22,16.5,4.0,4.4,2.4,0.022,0.093,0.2,0.609,0.195
2025-26,1631245,Quenton Jackson,1610612754,IND,27.0,6-4,76,173,Texas A&M,USA,Undrafted,Undrafted,Undrafted,5,11.8,3.4,3.6,11.5,0.043,0.111,0.193,0.657,0.281
2025-26,1642366,Quinten Post,1610612744,GSW,25.0,7-0,84,238,Boston College,Netherlands,2024,2,52,25,7.4,4.0,1.3,12.9,0.052,0.154,0.172,0.578,0.109
2025-26,1629628,RJ Barrett,1610612761,TOR,25.0,6-6,78,214,Duke,Canada,2019,1,3,17,19.4,4.8,3.8,2.7,0.024,0.128,0.236,0.604,0.176
2025-26,1642853,Rasheer Fleming,1610612756,PHX,21.0,6-9,81,240,St. Joseph's (PA),USA,2025,2,31,12,2.0,1.3,0.2,-13.1,0.093,0.136,0.184,0.411,0.049
2025-26,1642484,RayJ Dennis,1610612746,LAC,24.0,6-1,73,180,Baylor,USA,Undrafted,Undrafted,Undrafted,13,4.9,1.6,2.0,-13.4,0.035,0.072,0.205,0.421,0.263
2025-26,1641712,Rayan Rupert,1610612757,POR,21.0,6-7,79,205,None,France,2023,2,43,17,1.4,1.5,0.2,-0.7,0.027,0.158,0.121,0.378,0.043
2025-26,1642263,Reed Sheppard,1610612745,HOU,21.0,6-2,74,185,Kentucky,USA,2024,1,3,21,13.0,3.1,3.3,13.8,0.013,0.102,0.19,0.611,0.179
2025-26,1642434,Riley Minix,1610612759,SAS,25.0,6-7,79,230,Morehead State,USA,Undrafted,Undrafted,Undrafted,3,3.0,0.7,0.3,61.9,0.1,0.167,0.222,0.75,0.111
2025-26,1642265,Rob Dillingham,1610612750,MIN,20.0,6-2,74,175,Kentucky,USA,2024,1,8,21,3.7,1.1,2.0,-6.6,0.018,0.085,0.221,0.406,0.275
2025-26,1629057,Robert Williams III,1610612757,POR,28.0,6-9,81,249,Texas A&M,USA,2018,1,27,15,5.6,5.4,0.7,-5.8,0.126,0.188,0.12,0.666,0.074
2025-26,1631199,Ron Harper Jr.,1610612738,BOS,25.0,6-5,77,233,Rutgers,USA,Undrafted,Undrafted,Undrafted,4,2.0,0.8,1.0,28.0,0.045,0.091,0.189,0.4,0.222
2025-26,1641842,Ronald Holland II,1610612765,DET,20.0,6-8,80,206,None,USA,2024,1,5,24,8.0,3.3,1.6,2.0,0.035,0.116,0.178,0.492,0.105
2025-26,1626220,Royce O'Neale,1610612756,PHX,32.0,6-6,78,226,Baylor,USA,Undrafted,Undrafted,Undrafted,23,10.8,5.3,2.9,-2.5,0.027,0.153,0.144,0.592,0.131
2025-26,203497,Rudy Gobert,1610612750,MIN,33.0,7-1,85,258,None,France,2013,1,27,23,11.0,10.2,1.9,8.7,0.11,0.193,0.123,0.707,0.084
2025-26,1629060,Rui Hachimura,1610612747,LAL,27.0,6-8,80,230,Gonzaga,Japan,2019,1,9,22,14.0,3.9,0.8,0.8,0.027,0.091,0.151,0.647,0.034
2025-26,201566,Russell Westbrook,1610612758,SAC,37.0,6-4,76,200,UCLA,USA,2008,1,4,23,13.4,6.7,7.0,-10.2,0.053,0.184,0.234,0.524,0.342
2025-26,1642346,Ryan Dunn,1610612756,PHX,22.0,6-7,79,216,Virginia,USA,2024,1,28,18,8.0,4.9,1.7,7.2,0.077,0.13,0.14,0.558,0.095
2025-26,1641750,Ryan Kalkbrenner,1610612766,CHA,23.0,7-1,85,256,Creighton,USA,2025,2,34,22,9.0,6.7,0.5,-9.0,0.103,0.148,0.108,0.807,0.026
2025-26,1642948,Ryan Nembhard,1610612742,DAL,22.0,5-11,71,180,Gonzaga,Canada,Undrafted,Undrafted,Undrafted,12,8.9,1.6,4.8,-8.8,0.018,0.069,0.18,0.658,0.358
2025-26,1631157,Ryan Rollins,1610612749,MIL,23.0,6-3,75,180,Toledo,USA,2022,2,44,25,17.5,4.2,6.0,-0.9,0.025,0.103,0.239,0.578,0.276
2025-26,1630180,Saddiq Bey,1610612740,NOP,26.0,6-8,80,215,Villanova,USA,2020,1,19,23,14.2,5.9,2.2,-12.1,0.056,0.145,0.186,0.563,0.114
2025-26,1630573,Sam Hauser,1610612738,BOS,28.0,6-7,79,217,Virginia,USA,Undrafted,Undrafted,Undrafted,24,7.2,3.4,1.4,3.8,0.029,0.116,0.134,0.528,0.08
2025-26,1630241,Sam Merrill,1610612739,CLE,29.0,6-4,76,205,Utah State,USA,2020,2,60,12,13.9,2.1,2.3,6.0,0.026,0.048,0.168,0.679,0.119
2025-26,1630572,Sandro Mamukelashvili,1610612761,TOR,26.0,6-9,81,240,Seton Hall,Georgia,2021,2,54,24,10.0,4.4,1.8,7.3,0.066,0.143,0.18,0.626,0.124
2025-26,1630583,Santi Aldama,1610612763,MEM,24.0,7-0,84,215,Loyola-Maryland,Spain,2021,1,30,24,13.1,6.5,3.0,-2.7,0.05,0.194,0.196,0.558,0.171
2025-26,1630567,Scottie Barnes,1610612761,TOR,24.0,6-8,80,237,Florida State,USA,2021,1,4,25,20.0,8.0,5.3,4.5,0.063,0.167,0.234,0.598,0.228
2025-26,203552,Seth Curry,1610612744,GSW,35.0,6-1,73,185,Duke,USA,Undrafted,Undrafted,Undrafted,2,7.0,2.0,1.5,5.4,0.029,0.13,0.11,0.778,0.115
2025-26,1631101,Shaedon Sharpe,1610612757,POR,22.0,6-5,77,210,Kentucky,Canada,2022,1,7,20,21.1,4.8,2.3,-2.0,0.039,0.117,0.309,0.534,0.134
2025-26,1628983,Shai Gilgeous-Alexander,1610612760,OKC,27.0,6-6,78,195,Kentucky,Canada,2018,1,11,23,32.8,4.7,6.4,19.7,0.015,0.116,0.322,0.686,0.323
2025-26,1630536,Sharife Cooper,1610612764,WAS,24.0,6-0,72,176,Auburn,USA,2021,2,48,4,0.0,0.0,0.0,-66.1,0.0,0.0,0.105,0.0,0.0
2025-26,1631321,Sidy Cissoko,1610612757,POR,21.0,6-6,78,220,None,France,2023,2,44,19,4.9,2.2,1.3,0.8,0.032,0.077,0.119,0.517,0.097
2025-26,1631323,Simone Fontecchio,1610612748,MIA,29.0,6-7,79,209,None,Italy,Undrafted,Undrafted,Undrafted,23,10.3,3.0,1.6,1.9,0.022,0.108,0.191,0.59,0.117
2025-26,1642883,Sion James,1610612766,CHA,23.0,6-5,77,220,Duke,USA,2025,2,33,24,6.6,3.1,1.5,-3.1,0.017,0.099,0.103,0.584,0.078
2025-26,1642461,Spencer Jones,1610612743,DEN,24.0,6-7,79,225,Stanford,USA,Undrafted,Undrafted,Undrafted,19,4.6,2.1,0.7,5.0,0.083,0.049,0.105,0.7,0.053
2025-26,201939,Stephen Curry,1610612744,GSW,37.0,6-2,74,185,Davidson,USA,2009,1,7,16,27.9,3.7,4.0,3.6,0.01,0.103,0.326,0.641,0.215
2025-26,1642264,Stephon Castle,1610612759,SAS,21.0,6-6,78,215,Connecticut,USA,2024,1,4,13,17.3,5.8,7.5,7.1,0.049,0.129,0.245,0.585,0.351
2025-26,203500,Steven Adams,1610612745,HOU,32.0,6-11,83,265,Pittsburgh,New Zealand,2013,1,12,17,6.6,9.2,1.5,20.7,0.222,0.181,0.123,0.599,0.086
2025-26,1629004,Svi Mykhailiuk,1610612762,UTA,28.0,6-7,79,205,Kansas,Ukraine,2018,2,47,23,9.0,2.7,2.1,-4.1,0.022,0.074,0.124,0.611,0.111
2025-26,204456,T.J. McConnell,1610612754,IND,33.0,6-1,73,190,Arizona,USA,2015,0,,13,9.5,2.5,4.4,2.3,0.009,0.131,0.232,0.556,0.41
2025-26,1643007,Taelon Peter,1610612754,IND,23.0,6-3,75,185,Liberty,USA,2025,2,54,15,1.6,1.1,0.9,-10.0,0.031,0.099,0.152,0.385,0.187
2025-26,1631106,Tari Eason,1610612745,HOU,24.0,6-8,80,215,Louisiana State,USA,2022,1,17,11,11.5,5.2,1.6,9.3,0.059,0.149,0.18,0.642,0.101
2025-26,1627752,Taurean Prince,1610612749,MIL,31.0,6-6,78,218,Baylor,USA,2016,1,12,8,6.1,1.6,1.0,4.1,0.0,0.066,0.108,0.623,0.056
2025-26,1641707,Taylor Hendricks,1610612762,UTA,22.0,6-9,81,215,Central Florida,USA,2023,1,9,13,5.1,3.6,0.5,-15.4,0.085,0.142,0.143,0.519,0.054
2025-26,1629611,Terance Mann,1610612751,BKN,29.0,6-6,78,215,Florida State,USA,2019,2,48,21,8.5,3.4,3.5,-10.1,0.054,0.077,0.139,0.55,0.195
2025-26,1630545,Terrence Shannon Jr.,1610612750,MIN,25.0,6-6,78,215,Illinois,USA,2024,1,27,14,5.0,1.5,0.8,-19.0,0.014,0.104,0.155,0.562,0.087
2025-26,203648,Thanasis Antetokounmpo,1610612749,MIL,33.0,6-7,79,219,None,Greece,2014,2,51,9,2.0,0.4,0.0,48.3,0.105,0.1,0.213,0.753,0.0
2025-26,1628418,Thomas Bryant,1610612739,CLE,28.0,6-9,81,248,Indiana,USA,2017,2,42,18,3.3,2.2,0.2,-2.9,0.05,0.173,0.172,0.512,0.046
2025-26,1642275,Tidjane Salaün,1610612766,CHA,20.0,6-10,82,207,None,France,2024,1,6,11,6.5,3.8,0.6,20.5,0.041,0.211,0.145,0.702,0.06
2025-26,203501,Tim Hardaway Jr.,1610612743,DEN,33.0,6-5,77,205,Michigan,USA,2013,1,24,23,12.2,2.0,1.5,8.4,0.009,0.066,0.165,0.633,0.077
2025-26,202699,Tobias Harris,1610612765,DET,33.0,6-8,80,226,Tennessee,USA,2011,1,19,14,14.7,5.1,2.4,0.9,0.028,0.133,0.181,0.574,0.121
2025-26,1642449,Tolu Smith,1610612765,DET,25.0,6-11,83,,Mississippi State,USA,Undrafted,Undrafted,Undrafted,2,8.5,5.5,1.0,-1.9,0.154,0.259,0.207,0.767,0.143
2025-26,1628396,Tony Bradley,1610612754,IND,27.0,6-10,82,248,North Carolina,USA,2017,1,28,21,4.9,2.7,0.6,-16.1,0.115,0.097,0.148,0.622,0.088
2025-26,1641787,Tosan Evbuomwan,1610612752,NYK,24.0,6-8,80,217,Princeton,United Kingdom,Undrafted,Undrafted,Undrafted,3,0.0,0.7,0.0,-64.3,0.111,0.091,0.059,0.0,0.0
2025-26,1641739,Toumani Camara,1610612757,POR,25.0,6-7,79,230,Dayton,Belgium,2023,2,52,24,12.4,5.3,2.8,-2.0,0.055,0.093,0.159,0.54,0.114
2025-26,1629027,Trae Young,1610612737,ATL,27.0,6-2,74,164,Oklahoma,USA,2018,1,5,5,17.8,2.0,7.8,-9.2,0.0,0.071,0.276,0.511,0.386
2025-26,1631218,Trayce Jackson-Davis,1610612744,GSW,25.0,6-9,81,245,Indiana,USA,2023,2,57,15,4.3,3.2,1.1,-7.3,0.108,0.128,0.133,0.565,0.126
2025-26,1642848,Tre Johnson,1610612764,WAS,19.0,6-5,77,190,Texas,USA,2025,1,6,15,11.5,3.0,1.3,-14.4,0.018,0.093,0.196,0.565,0.08
2025-26,1630200,Tre Jones,1610612741,CHI,25.0,6-1,73,185,Duke,USA,2020,2,41,17,13.2,3.2,4.9,-6.8,0.022,0.085,0.169,0.641,0.237
2025-26,1630544,Tre Mann,1610612766,CHA,24.0,6-4,76,178,Florida,USA,2021,1,18,18,9.2,2.8,2.7,-15.2,0.029,0.11,0.235,0.459,0.212
2025-26,1630570,Trendon Watford,1610612755,PHI,25.0,6-8,80,237,Louisiana State,USA,Undrafted,Undrafted,Undrafted,14,8.9,4.6,3.6,1.9,0.051,0.156,0.168,0.618,0.231
2025-26,1642280,Trentyn Flowers,1610612741,CHI,20.0,6-9,81,185,None,USA,Undrafted,Undrafted,Undrafted,2,2.0,0.5,0.5,-18.2,0.1,0.0,0.25,0.667,0.5
2025-26,1641725,Trey Alexander,1610612740,NOP,22.0,6-5,77,185,Creighton,USA,Undrafted,Undrafted,Undrafted,3,4.7,1.3,1.3,5.3,0.0,0.091,0.116,0.778,0.138
2025-26,1641998,Trey Jemison III,1610612752,NYK,26.0,6-10,82,270,Alabama-Birmingham,USA,Undrafted,Undrafted,Undrafted,3,0.0,1.0,0.0,-12.7,0.091,0.154,0.04,0.0,0.0
2025-26,1630530,Trey Murphy III,1610612740,NOP,25.0,6-8,80,206,Virginia,USA,2021,1,17,22,20.5,6.5,3.5,-12.3,0.039,0.151,0.213,0.612,0.155
2025-26,1641774,Tristan Vukcevic,1610612764,WAS,22.0,7-0,84,220,None,Italy,2023,2,42,19,6.5,2.3,1.1,-23.8,0.042,0.14,0.229,0.581,0.153
2025-26,1641783,Tristan da Silva,1610612753,ORL,24.0,6-8,80,217,Colorado,Germany,2024,1,18,24,10.0,3.9,1.2,3.5,0.035,0.121,0.169,0.57,0.071
2025-26,1629639,Tyler Herro,1610612748,MIA,25.0,6-5,77,195,Kentucky,USA,2019,1,13,5,23.8,4.6,2.2,2.6,0.017,0.111,0.244,0.658,0.111
2025-26,1642278,Tyler Kolek,1610612752,NYK,24.0,6-2,74,195,Marquette,USA,2024,2,34,19,3.7,0.9,1.9,-10.5,0.025,0.062,0.169,0.526,0.288
2025-26,1631213,Tyrese Martin,1610612751,BKN,26.0,6-6,78,215,Connecticut,USA,2022,2,51,22,8.0,3.4,2.5,-10.9,0.046,0.113,0.182,0.487,0.188
2025-26,1630178,Tyrese Maxey,1610612755,PHI,25.0,6-2,74,200,Kentucky,USA,2020,1,21,23,31.5,4.7,7.2,2.5,0.007,0.106,0.293,0.602,0.307
2025-26,1642878,Tyrese Proctor,1610612739,CLE,21.0,6-4,76,185,Duke,Australia,2025,2,49,18,5.6,1.3,1.4,-7.2,0.012,0.082,0.206,0.494,0.177
2025-26,1630623,Tyson Etienne,1610612751,BKN,26.0,6-0,72,200,Wichita State,USA,Undrafted,Undrafted,Undrafted,8,1.5,0.0,0.1,26.4,0.0,0.0,0.186,0.4,0.045
2025-26,1626145,Tyus Jones,1610612753,ORL,29.0,6-0,72,196,Duke,USA,2015,1,24,24,2.5,0.8,2.0,-6.5,0.01,0.045,0.091,0.435,0.206
2025-26,1642845,VJ Edgecombe,1610612755,PHI,20.0,6-4,76,180,Baylor,USA,2025,1,3,20,14.4,5.7,4.0,4.2,0.048,0.104,0.186,0.513,0.167
2025-26,1641705,Victor Wembanyama,1610612759,SAS,21.0,7-4,88,235,None,France,2023,1,1,12,26.2,12.9,4.0,8.9,0.061,0.287,0.301,0.609,0.194
2025-26,1631246,Vince Williams Jr.,1610612763,MEM,25.0,6-4,76,205,Virginia Commonwealth,USA,2022,2,47,19,7.8,4.4,5.3,1.6,0.036,0.143,0.198,0.462,0.325
2025-26,1630249,Vít Krejčí,1610612737,ATL,25.0,6-8,80,195,None,Czech Republic,2020,2,37,21,10.1,2.3,1.8,0.9,0.016,0.079,0.146,0.691,0.108
2025-26,1631117,Walker Kessler,1610612762,UTA,24.0,7-2,86,245,Auburn,USA,2022,1,22,5,14.4,10.8,3.0,4.8,0.149,0.183,0.167,0.786,0.155
2025-26,1642383,Walter Clayton Jr.,1610612762,UTA,22.0,6-4,76,195,Florida,USA,2025,1,18,19,6.8,2.2,3.7,-1.7,0.025,0.101,0.171,0.567,0.289
2025-26,1628976,Wendell Carter Jr.,1610612753,ORL,26.0,6-10,82,270,Duke,USA,2018,1,7,23,11.6,7.6,2.0,4.1,0.088,0.155,0.15,0.637,0.095
2025-26,1631111,Wendell Moore Jr.,1610612765,DET,24.0,6-5,77,215,Duke,USA,2022,1,26,3,2.0,1.3,1.0,37.6,0.029,0.068,0.073,0.5,0.071
2025-26,1642954,Will Richard,1610612744,GSW,22.0,6-3,75,206,Florida,USA,2025,2,56,23,8.0,2.7,1.1,-0.1,0.049,0.085,0.136,0.675,0.085
2025-26,1642860,Will Riley,1610612764,WAS,19.0,6-9,81,180,Illinois-Urbana-Champaign,USA,2025,1,21,16,3.9,1.8,0.8,-25.8,0.061,0.104,0.179,0.54,0.138
2025-26,1630214,Xavier Tillman,1610612738,BOS,26.0,6-8,80,245,Michigan State,USA,2020,2,35,11,2.8,2.2,0.5,-4.1,0.096,0.133,0.129,0.554,0.07
2025-26,1642905,Yang Hansen,1610612757,POR,20.0,7-1,85,270,None,China,2025,1,16,13,2.6,1.8,0.8,-9.9,0.051,0.156,0.203,0.383,0.139
2025-26,1642949,Yanic Konan Niederhäuser,1610612746,LAC,22.0,6-11,83,242,Penn State,Switzerland,2025,1,30,11,2.8,1.4,0.3,-12.8,0.125,0.136,0.191,0.692,0.103
2025-26,1642274,Yves Missi,1610612740,NOP,21.0,6-11,83,235,Baylor,Cameroon,2024,1,21,17,5.9,5.8,1.3,-5.1,0.145,0.127,0.127,0.558,0.089
2025-26,1642258,Zaccharie Risacher,1610612737,ATL,20.0,6-8,80,200,None,France,2024,1,1,22,11.1,2.8,1.5,6.9,0.026,0.081,0.18,0.536,0.082
2025-26,1628380,Zach Collins,1610612741,CHI,28.0,6-9,81,250,Gonzaga,USA,2017,1,10,2,5.5,5.0,1.0,-7.6,0.109,0.135,0.135,0.413,0.077
2025-26,1641744,Zach Edey,1610612763,MEM,23.0,7-3,87,305,Purdue,Canada,2024,1,9,11,13.6,11.1,1.1,18.3,0.148,0.243,0.2,0.669,0.061
2025-26,203897,Zach LaVine,1610612758,SAC,30.0,6-5,77,200,UCLA,USA,2014,1,13,21,20.9,3.1,2.3,-13.8,0.008,0.088,0.236,0.62,0.104
2025-26,1630192,Zeke Nnaji,1610612743,DEN,24.0,6-10,82,240,Arizona,USA,2020,1,22,13,2.3,1.5,0.2,-19.2,0.037,0.111,0.112,0.65,0.041
2025-26,1630533,Ziaire Williams,1610612751,BKN,24.0,6-9,81,185,Stanford,USA,2021,1,10,20,9.6,2.7,0.7,-11.9,0.031,0.084,0.178,0.548,0.051
2025-26,1629627,Zion Williamson,1610612740,NOP,25.0,6-6,78,284,Duke,USA,2019,1,1,10,22.1,5.6,4.0,-3.0,0.068,0.109,0.286,0.583,0.214
