Season,PLAYER_ID,PLAYER_NAME,TEAM_ID,TEAM_ABBREVIATION,AGE,G,MIN,CONTESTED_SHOTS,CONTESTED_SHOTS_2PT,CONTESTED_SHOTS_3PT,DEFLECTIONS,CHARGES_DRAWN,SCREEN_ASSISTS,SCREEN_AST_PTS,OFF_LOOSE_BALLS_RECOVERED,DEF_LOOSE_BALLS_RECOVERED,LOOSE_BALLS_RECOVERED,PCT_LOOSE_BALLS_RECOVERED_OFF,PCT_LOOSE_BALLS_RECOVERED_DEF,OFF_BOXOUTS,DEF_BOXOUTS,BOX_OUTS,BOX_OUT_PLAYER_TEAM_REBS,BOX_OUT_PLAYER_REBS,PCT_BOX_OUTS_OFF,PCT_BOX_OUTS_DEF,PCT_BOX_OUTS_TEAM_REB,PCT_BOX_OUTS_REB
2025-26,1630639,A.J. Lawson,1610612761,TOR,25.0,1,2.9,2.0,2.0,0.0,0.0,0.0,0.0,0.0,0.0,0.0,0.0,0.0,0.0,0.0,0.0,0.0,0.0,0.0,0.0,0.0,0.0,0.0
2025-26,1631260,AJ Green,1610612749,MIL,26.0,25,28.8,3.88,2.16,1.72,1.48,0.12,0.28,0.64,0.12,0.4,0.52,0.231,0.769,0.0,0.68,0.68,0.68,0.2,0.0,1.0,1.0,0.294
2025-26,1642358,AJ Johnson,1610612764,WAS,21.0,6,4.8,1.33,0.5,0.83,0.33,0.0,0.17,0.33,0.17,0.0,0.17,1.0,0.0,0.0,0.0,0.0,0.0,0.0,0.0,0.0,0.0,0.0
2025-26,203932,Aaron Gordon,1610612743,DEN,30.0,13,28.3,2.54,1.77,0.77,0.62,0.0,0.69,1.62,0.23,0.31,0.54,0.429,0.571,0.08,0.23,0.31,0.31,0.23,0.25,0.75,1.0,0.75
2025-26,1628988,Aaron Holiday,1610612745,HOU,29.0,19,16.7,2.26,1.11,1.16,1.0,0.05,0.21,0.42,0.05,0.11,0.16,0.333,0.667,0.0,0.11,0.11,0.11,0.0,0.0,1.0,1.0,0.0
2025-26,1630174,Aaron Nesmith,1610612754,IND,26.0,11,30.4,3.91,2.18,1.73,1.73,0.0,0.64,1.27,0.55,0.09,0.64,0.857,0.143,0.09,0.36,0.45,0.45,0.18,0.2,0.8,1.0,0.4
2025-26,1630598,Aaron Wiggins,1610612760,OKC,26.0,16,24.1,4.13,2.44,1.69,1.94,0.0,0.44,1.0,0.44,0.44,0.88,0.5,0.5,0.0,0.19,0.19,0.19,0.13,0.0,1.0,1.0,0.667
2025-26,1642846,Ace Bailey,1610612762,UTA,19.0,27,24.1,4.11,2.11,2.0,1.3,0.0,0.11,0.22,0.48,0.11,0.59,0.813,0.188,0.04,0.59,0.63,0.59,0.26,0.059,0.941,0.941,0.412
2025-26,1641737,Adem Bona,1610612755,PHI,22.0,19,16.5,6.68,4.68,2.0,1.05,0.0,1.58,3.79,0.21,0.32,0.53,0.4,0.6,0.21,0.37,0.58,0.58,0.32,0.364,0.636,1.0,0.545
2025-26,1642876,Adou Thiero,1610612747,LAL,21.0,9,6.3,0.78,0.56,0.22,0.67,0.0,0.0,0.0,0.11,0.0,0.11,1.0,0.0,0.0,0.11,0.11,0.11,0.0,0.0,1.0,1.0,0.0
2025-26,1642349,Ajay Mitchell,1610612760,OKC,23.0,27,27.0,3.44,1.89,1.56,2.89,0.0,0.22,0.48,0.3,0.37,0.67,0.444,0.556,0.0,0.37,0.37,0.37,0.19,0.0,1.0,1.0,0.5
2025-26,201143,Al Horford,1610612744,GSW,39.0,13,21.5,7.46,4.77,2.69,1.62,0.0,1.31,3.31,0.38,0.15,0.54,0.714,0.286,0.15,1.08,1.23,1.23,1.15,0.125,0.875,1.0,0.938
2025-26,1627936,Alex Caruso,1610612760,OKC,31.0,19,18.8,2.58,1.11,1.47,3.53,0.11,0.42,0.95,0.26,0.32,0.58,0.455,0.545,0.0,0.37,0.37,0.37,0.32,0.0,1.0,1.0,0.857
2025-26,1642259,Alex Sarr,1610612764,WAS,20.0,18,29.2,10.5,7.89,2.61,1.17,0.0,4.22,9.94,0.44,0.22,0.67,0.667,0.333,0.44,1.06,1.5,1.5,1.11,0.296,0.704,1.0,0.741
2025-26,1642918,Alijah Martin,1610612761,TOR,23.0,2,3.3,2.0,0.5,1.5,0.5,0.0,0.0,0.0,0.0,0.0,0.0,0.0,0.0,0.0,0.0,0.0,0.0,0.0,0.0,0.0,0.0,0.0
2025-26,1630578,Alperen Sengun,1610612745,HOU,23.0,23,35.9,7.96,4.74,3.22,3.04,0.13,1.91,4.52,0.65,0.3,0.96,0.682,0.318,0.7,0.96,1.65,1.65,1.35,0.421,0.579,1.0,0.816
2025-26,1642873,Amari Williams,1610612738,BOS,23.0,3,9.3,5.0,3.33,1.67,0.33,0.0,0.33,1.0,0.0,0.0,0.0,0.0,0.0,0.0,0.0,0.0,0.0,0.0,0.0,0.0,0.0,0.0
2025-26,1641708,Amen Thompson,1610612745,HOU,22.0,25,36.7,4.52,2.68,1.84,2.6,0.04,0.28,0.68,0.48,0.52,1.0,0.48,0.52,0.36,0.4,0.76,0.76,0.52,0.474,0.526,1.0,0.684
2025-26,1629599,Amir Coffey,1610612749,MIL,28.0,11,10.5,0.91,0.64,0.27,0.55,0.0,0.09,0.27,0.0,0.09,0.09,0.0,1.0,0.0,0.0,0.0,0.0,0.0,0.0,0.0,0.0,0.0
2025-26,203083,Andre Drummond,1610612755,PHI,32.0,26,21.9,6.62,5.04,1.58,1.77,0.0,1.46,3.42,0.23,0.12,0.35,0.667,0.333,1.15,0.58,1.73,1.73,1.58,0.667,0.333,1.0,0.911
2025-26,1641748,Andre Jackson Jr.,1610612749,MIL,24.0,8,9.8,0.88,0.75,0.13,1.25,0.0,0.5,1.0,0.13,0.13,0.25,0.5,0.5,0.13,0.0,0.13,0.13,0.13,1.0,0.0,1.0,1.0
2025-26,1629614,Andrew Nembhard,1610612754,IND,25.0,20,31.3,2.25,1.6,0.65,2.05,0.05,0.2,0.45,0.2,0.25,0.45,0.444,0.556,0.0,0.25,0.25,0.25,0.05,0.0,1.0,1.0,0.2
2025-26,203952,Andrew Wiggins,1610612748,MIA,30.0,24,32.9,8.13,4.21,3.92,2.25,0.0,0.08,0.21,0.63,0.17,0.79,0.789,0.211,0.08,0.83,0.92,0.83,0.33,0.091,0.909,0.909,0.364
2025-26,1629014,Anfernee Simons,1610612738,BOS,26.0,27,24.1,2.33,1.07,1.26,1.15,0.0,0.19,0.41,0.07,0.19,0.26,0.286,0.714,0.0,0.07,0.07,0.07,0.0,0.0,1.0,1.0,0.0
2025-26,1641710,Anthony Black,1610612753,ORL,21.0,28,29.2,4.46,2.57,1.89,3.14,0.04,0.29,0.64,0.25,0.43,0.68,0.368,0.632,0.0,0.32,0.32,0.32,0.11,0.0,1.0,1.0,0.333
2025-26,203076,Anthony Davis,1610612742,DAL,32.0,13,30.5,9.46,6.62,2.85,2.69,0.15,3.0,6.38,0.08,0.0,0.08,1.0,0.0,0.85,0.62,1.46,1.46,1.31,0.579,0.421,1.0,0.895
2025-26,1630162,Anthony Edwards,1610612750,MIN,24.0,21,34.7,3.95,2.38,1.57,2.1,0.0,0.05,0.14,0.52,0.38,0.9,0.579,0.421,0.0,0.19,0.19,0.19,0.14,0.0,1.0,1.0,0.75
2025-26,1630264,Anthony Gill,1610612764,WAS,33.0,4,4.5,0.5,0.5,0.0,0.25,0.0,0.0,0.0,0.25,0.0,0.25,1.0,0.0,0.0,0.75,0.75,0.75,0.75,0.0,1.0,1.0,1.0
2025-26,1641810,Antonio Reeves,1610612766,CHA,25.0,5,9.8,1.8,0.8,1.0,0.2,0.0,0.0,0.0,0.0,0.0,0.0,0.0,0.0,0.0,0.4,0.4,0.4,0.2,0.0,1.0,1.0,0.5
2025-26,1630574,Ariel Hukporti,1610612752,NYK,23.0,13,10.6,4.31,3.23,1.08,0.23,0.0,1.0,2.31,0.0,0.23,0.23,0.0,1.0,0.46,0.46,0.92,0.92,0.69,0.5,0.5,1.0,0.75
2025-26,1642854,Asa Newell,1610612737,ATL,20.0,16,11.4,2.69,1.38,1.31,0.38,0.0,0.38,0.75,0.25,0.06,0.31,0.8,0.2,0.19,0.44,0.63,0.63,0.44,0.3,0.7,1.0,0.7
2025-26,1641709,Ausar Thompson,1610612765,DET,22.0,24,26.6,3.58,1.79,1.79,4.58,0.04,0.29,0.63,0.38,0.54,0.92,0.409,0.591,0.08,0.08,0.17,0.17,0.13,0.5,0.5,1.0,0.75
2025-26,1630559,Austin Reaves,1610612747,LAL,27.0,21,36.9,3.43,1.62,1.81,1.95,0.43,0.33,0.67,0.67,0.52,1.19,0.56,0.44,0.0,0.38,0.38,0.38,0.05,0.0,1.0,1.0,0.125
2025-26,1630245,Ayo Dosunmu,1610612741,CHI,25.0,21,27.2,3.29,1.9,1.38,0.86,0.1,0.19,0.43,0.24,0.24,0.48,0.5,0.5,0.0,0.24,0.24,0.24,0.05,0.0,1.0,1.0,0.2
2025-26,1628389,Bam Adebayo,1610612748,MIA,28.0,22,31.1,6.73,4.23,2.5,2.45,0.05,1.18,2.82,0.36,0.32,0.68,0.533,0.467,0.41,2.55,2.95,2.77,1.95,0.138,0.862,0.938,0.662
2025-26,1631248,Baylor Scheierman,1610612738,BOS,25.0,23,12.0,1.78,0.87,0.91,1.26,0.04,0.39,1.09,0.13,0.17,0.3,0.429,0.571,0.04,0.17,0.22,0.22,0.09,0.2,0.8,1.0,0.4
2025-26,1642879,Ben Saraf,1610612751,BKN,19.0,10,19.7,2.6,1.6,1.0,1.6,0.0,0.2,0.6,0.2,0.1,0.3,0.667,0.333,0.1,0.0,0.1,0.1,0.1,1.0,0.0,1.0,1.0
2025-26,1641767,Ben Sheppard,1610612754,IND,24.0,22,24.9,3.05,1.64,1.41,1.5,0.0,0.09,0.23,0.41,0.27,0.68,0.6,0.4,0.0,0.32,0.32,0.32,0.09,0.0,1.0,1.0,0.286
2025-26,1631097,Bennedict Mathurin,1610612754,IND,23.0,17,32.6,3.0,2.0,1.0,0.82,0.0,0.18,0.35,0.29,0.12,0.41,0.714,0.286,0.0,0.41,0.41,0.41,0.12,0.0,1.0,1.0,0.286
2025-26,1641731,Bilal Coulibaly,1610612764,WAS,21.0,13,26.8,3.69,2.46,1.23,2.46,0.0,0.38,0.92,0.23,0.08,0.31,0.75,0.25,0.08,0.31,0.38,0.38,0.31,0.2,0.8,1.0,0.8
2025-26,202687,Bismack Biyombo,1610612759,SAS,33.0,7,8.0,2.29,2.0,0.29,0.14,0.0,1.14,3.0,0.0,0.0,0.0,0.0,0.0,0.29,0.29,0.57,0.57,0.57,0.5,0.5,1.0,1.0
2025-26,1631104,Blake Wesley,1610612757,POR,22.0,5,16.4,0.4,0.2,0.2,3.2,0.0,0.0,0.0,0.0,0.4,0.4,0.0,1.0,0.0,0.0,0.0,0.0,0.0,0.0,0.0,0.0,0.0
2025-26,1626171,Bobby Portis,1610612749,MIL,30.0,28,22.3,5.04,2.82,2.21,1.64,0.0,1.14,2.39,0.29,0.25,0.54,0.533,0.467,0.21,1.14,1.36,1.29,0.75,0.158,0.842,0.947,0.553
2025-26,1641752,Bobi Klintman,1610612765,DET,22.0,6,8.8,1.5,0.5,1.0,1.0,0.17,0.33,0.67,0.17,0.0,0.17,1.0,0.0,0.0,0.17,0.17,0.17,0.17,0.0,1.0,1.0,1.0
2025-26,203992,Bogdan Bogdanović,1610612746,LAC,33.0,14,24.2,4.36,2.43,1.93,1.14,0.0,0.36,1.0,0.21,0.21,0.43,0.5,0.5,0.0,0.21,0.21,0.21,0.21,0.0,1.0,1.0,1.0
2025-26,1630538,Bones Hyland,1610612750,MIN,25.0,14,14.8,2.07,1.14,0.93,1.21,0.0,0.21,0.5,0.21,0.36,0.57,0.375,0.625,0.0,0.07,0.07,0.07,0.0,0.0,1.0,1.0,0.0
2025-26,203078,Bradley Beal,1610612746,LAC,32.0,6,20.2,2.33,0.33,2.0,2.17,0.0,0.17,0.33,0.33,0.17,0.5,0.667,0.333,0.0,0.0,0.0,0.0,0.0,0.0,0.0,0.0,0.0
2025-26,1642382,Branden Carlson,1610612760,OKC,26.0,15,12.0,4.73,2.93,1.8,0.33,0.0,0.47,1.0,0.07,0.07,0.13,0.5,0.5,0.0,0.47,0.47,0.47,0.33,0.0,1.0,1.0,0.714
2025-26,1641764,Brandin Podziemski,1610612744,GSW,22.0,29,27.8,2.69,1.1,1.59,1.83,0.31,0.83,2.17,0.1,0.31,0.41,0.25,0.75,0.03,0.38,0.41,0.41,0.14,0.083,0.917,1.0,0.333
2025-26,1629634,Brandon Clarke,1610612763,MEM,29.0,2,10.2,2.0,2.0,0.0,3.0,0.5,0.5,1.5,0.0,0.0,0.0,0.0,0.0,0.0,0.5,0.5,0.5,0.0,0.0,1.0,1.0,0.0
2025-26,1627742,Brandon Ingram,1610612761,TOR,28.0,29,34.3,5.31,2.93,2.38,1.97,0.0,0.34,0.79,0.21,0.34,0.55,0.375,0.625,0.0,0.28,0.28,0.28,0.17,0.0,1.0,1.0,0.625
2025-26,1641706,Brandon Miller,1610612766,CHA,23.0,12,29.0,4.75,3.33,1.42,2.25,0.0,0.42,1.0,0.17,0.17,0.33,0.5,0.5,0.0,0.25,0.25,0.25,0.17,0.0,1.0,1.0,0.667
2025-26,1630314,Brandon Williams,1610612742,DAL,26.0,25,22.5,2.6,1.36,1.24,2.24,0.0,0.2,0.48,0.24,0.36,0.6,0.4,0.6,0.0,0.2,0.2,0.2,0.08,0.0,1.0,1.0,0.4
2025-26,1641729,Brice Sensabaugh,1610612762,UTA,22.0,22,18.3,1.86,1.0,0.86,1.77,0.05,0.32,0.77,0.14,0.05,0.18,0.75,0.25,0.14,0.27,0.41,0.41,0.23,0.333,0.667,1.0,0.556
2025-26,1642355,Bronny James,1610612747,LAL,21.0,11,10.9,1.36,0.64,0.73,1.55,0.0,0.09,0.27,0.09,0.09,0.18,0.5,0.5,0.0,0.18,0.18,0.18,0.0,0.0,1.0,1.0,0.0
2025-26,201572,Brook Lopez,1610612746,LAC,37.0,21,14.7,4.67,4.14,0.52,1.05,0.0,0.81,1.86,0.0,0.1,0.1,0.0,1.0,0.05,0.76,0.81,0.76,0.33,0.059,0.941,0.941,0.412
2025-26,1642964,Brooks Barnhizer,1610612760,OKC,23.0,14,8.9,1.29,0.79,0.5,0.64,0.0,0.07,0.21,0.07,0.0,0.07,1.0,0.0,0.07,0.07,0.14,0.14,0.14,0.5,0.5,1.0,1.0
2025-26,1628971,Bruce Brown,1610612743,DEN,29.0,27,24.3,2.26,1.11,1.15,2.67,0.0,0.41,0.96,0.15,0.22,0.37,0.4,0.6,0.19,0.07,0.26,0.26,0.22,0.714,0.286,1.0,0.857
2025-26,1631121,Bryce McGowens,1610612740,NOP,23.0,16,18.8,2.38,1.25,1.13,1.13,0.13,0.19,0.38,0.0,0.25,0.25,0.0,1.0,0.13,0.38,0.5,0.44,0.06,0.25,0.75,0.875,0.125
2025-26,1642267,Bub Carrington,1610612764,WAS,20.0,26,27.4,2.73,1.35,1.38,1.54,0.0,0.23,0.54,0.35,0.23,0.58,0.6,0.4,0.0,0.35,0.35,0.31,0.08,0.0,1.0,0.889,0.222
2025-26,1627741,Buddy Hield,1610612744,GSW,33.0,27,18.6,2.96,1.85,1.11,1.96,0.0,0.15,0.3,0.19,0.33,0.52,0.357,0.643,0.0,0.15,0.15,0.15,0.0,0.0,1.0,1.0,0.0
2025-26,203468,CJ McCollum,1610612764,WAS,34.0,26,30.7,3.81,1.54,2.27,1.42,0.0,0.31,0.73,0.27,0.15,0.42,0.636,0.364,0.0,0.27,0.27,0.27,0.15,0.0,1.0,1.0,0.571
2025-26,1630595,Cade Cunningham,1610612765,DET,24.0,25,36.2,5.04,2.88,2.16,2.44,0.0,0.4,0.88,0.32,0.6,0.92,0.348,0.652,0.08,0.48,0.56,0.56,0.28,0.143,0.857,1.0,0.5
2025-26,1631216,Caleb Houstan,1610612737,ATL,22.0,2,10.9,1.0,1.0,0.0,1.0,0.0,0.0,0.0,0.0,0.5,0.5,0.0,1.0,0.0,0.0,0.0,0.0,0.0,0.0,0.0,0.0,0.0
2025-26,1631126,Caleb Love,1610612757,POR,24.0,18,18.0,1.5,0.72,0.78,0.83,0.0,0.06,0.11,0.17,0.11,0.28,0.6,0.4,0.0,0.17,0.17,0.17,0.11,0.0,1.0,1.0,0.667
2025-26,1628997,Caleb Martin,1610612742,DAL,30.0,16,11.3,1.31,0.81,0.5,1.19,0.0,0.44,1.06,0.19,0.06,0.25,0.75,0.25,0.0,0.25,0.25,0.25,0.06,0.0,1.0,1.0,0.25
2025-26,1642353,Cam Christie,1610612746,LAC,20.0,15,12.0,1.8,1.07,0.73,0.73,0.0,0.2,0.47,0.0,0.0,0.0,0.0,0.0,0.0,0.07,0.07,0.07,0.07,0.0,1.0,1.0,1.0
2025-26,1642285,Cam Spencer,1610612763,MEM,25.0,26,22.3,1.62,0.69,0.92,1.58,0.04,0.19,0.42,0.23,0.19,0.42,0.545,0.455,0.0,0.38,0.38,0.38,0.15,0.0,1.0,1.0,0.4
2025-26,1630560,Cam Thomas,1610612751,BKN,24.0,6,31.4,2.33,1.5,0.83,1.5,0.0,0.17,0.33,0.0,0.17,0.17,0.0,1.0,0.0,0.0,0.0,0.0,0.0,0.0,0.0,0.0,0.0
2025-26,1641715,Cam Whitmore,1610612764,WAS,21.0,21,16.9,1.81,1.24,0.57,1.14,0.0,0.05,0.1,0.48,0.14,0.62,0.769,0.231,0.14,0.19,0.33,0.33,0.24,0.429,0.571,1.0,0.714
2025-26,1629661,Cameron Johnson,1610612743,DEN,29.0,26,30.9,3.73,1.88,1.85,1.77,0.12,0.62,1.42,0.27,0.15,0.42,0.636,0.364,0.04,0.58,0.62,0.62,0.23,0.063,0.938,1.0,0.375
2025-26,1627747,Caris LeVert,1610612765,DET,31.0,22,20.6,2.91,1.55,1.36,1.64,0.0,0.18,0.45,0.14,0.41,0.55,0.25,0.75,0.0,0.36,0.36,0.36,0.23,0.0,1.0,1.0,0.625
2025-26,1642868,Carter Bryant,1610612759,SAS,20.0,18,8.1,1.89,1.06,0.83,0.56,0.06,0.22,0.56,0.06,0.11,0.17,0.333,0.667,0.0,0.28,0.28,0.28,0.0,0.0,1.0,1.0,0.0
2025-26,1641717,Cason Wallace,1610612760,OKC,22.0,27,27.7,4.63,1.63,3.0,5.04,0.0,0.89,1.93,0.3,0.22,0.52,0.571,0.429,0.07,0.33,0.41,0.41,0.19,0.182,0.818,1.0,0.455
2025-26,1642907,Cedric Coward,1610612763,MEM,22.0,28,27.2,5.43,2.64,2.79,1.64,0.04,0.14,0.39,0.46,0.43,0.89,0.52,0.48,0.18,0.39,0.57,0.57,0.32,0.313,0.688,1.0,0.563
2025-26,1629646,Charles Bassey,1610612763,MEM,25.0,2,15.3,1.0,1.0,0.0,1.0,0.0,0.5,1.5,0.5,0.5,1.0,0.5,0.5,0.5,0.5,1.0,1.0,1.0,0.5,0.5,1.0,1.0
2025-26,1642404,Chaz Lanier,1610612765,DET,24.0,9,13.6,1.22,0.89,0.33,0.89,0.0,0.0,0.0,0.33,0.0,0.33,1.0,0.0,0.0,0.22,0.22,0.22,0.0,0.0,1.0,1.0,0.0
2025-26,1631096,Chet Holmgren,1610612760,OKC,23.0,24,28.7,8.13,5.96,2.17,1.29,0.0,0.83,1.88,0.21,0.17,0.38,0.556,0.444,0.29,1.13,1.42,1.42,1.04,0.206,0.794,1.0,0.735
2025-26,1628449,Chris Boucher,1610612738,BOS,32.0,6,13.4,4.5,3.5,1.0,1.17,0.0,1.33,3.17,0.17,0.33,0.5,0.333,0.667,0.17,0.5,0.67,0.67,0.5,0.25,0.75,1.0,0.75
2025-26,1641753,Chris Livingston,1610612739,CLE,22.0,3,5.8,0.67,0.0,0.67,0.33,0.0,0.0,0.0,0.67,0.0,0.67,1.0,0.0,0.0,0.0,0.0,0.0,0.0,0.0,0.0,0.0,0.0
2025-26,1643024,Chris Mañon,1610612747,LAL,24.0,1,3.0,1.0,1.0,0.0,1.0,0.0,0.0,0.0,0.0,0.0,0.0,0.0,0.0,0.0,0.0,0.0,0.0,0.0,0.0,0.0,0.0,0.0
2025-26,101108,Chris Paul,1610612746,LAC,40.0,14,14.8,0.79,0.29,0.5,1.93,0.0,0.07,0.14,0.0,0.07,0.07,0.0,1.0,0.0,0.36,0.36,0.36,0.14,0.0,1.0,1.0,0.4
2025-26,1642959,Chris Youngblood,1610612760,OKC,23.0,11,6.9,1.45,1.0,0.45,0.27,0.0,0.0,0.0,0.0,0.09,0.09,0.0,1.0,0.0,0.0,0.0,0.0,0.0,0.0,0.0,0.0,0.0
2025-26,1631128,Christian Braun,1610612743,DEN,24.0,11,29.6,2.91,1.73,1.18,2.64,0.0,0.73,1.73,0.45,0.09,0.55,0.833,0.167,0.18,0.18,0.36,0.36,0.27,0.5,0.5,1.0,0.75
2025-26,1631132,Christian Koloko,1610612747,LAL,25.0,2,3.2,1.0,1.0,0.0,0.5,0.0,0.0,0.0,0.0,0.0,0.0,0.0,0.0,0.0,0.0,0.0,0.0,0.0,0.0,0.0,0.0,0.0
2025-26,1642935,Chucky Hepburn,1610612761,TOR,22.0,2,6.6,1.5,1.0,0.5,1.5,0.0,0.0,0.0,0.0,0.5,0.5,0.0,1.0,0.0,0.0,0.0,0.0,0.0,0.0,0.0,0.0,0.0
2025-26,203991,Clint Capela,1610612745,HOU,31.0,23,11.2,4.17,3.39,0.78,0.52,0.0,0.48,1.0,0.3,0.09,0.39,0.778,0.222,0.57,0.3,0.87,0.87,0.83,0.65,0.35,1.0,0.95
2025-26,1629632,Coby White,1610612741,CHI,25.0,11,29.3,3.36,1.82,1.55,1.0,0.18,0.55,1.36,0.45,0.36,0.82,0.556,0.444,0.0,0.36,0.36,0.36,0.18,0.0,1.0,1.0,0.5
2025-26,1628998,Cody Martin,1610612754,IND,30.0,4,13.8,1.75,1.0,0.75,2.25,0.0,0.25,0.5,0.0,0.25,0.25,0.0,1.0,0.0,0.25,0.25,0.25,0.0,0.0,1.0,1.0,0.0
2025-26,1642262,Cody Williams,1610612762,UTA,21.0,14,13.2,1.93,1.57,0.36,0.79,0.0,0.43,1.07,0.14,0.14,0.29,0.5,0.5,0.0,0.14,0.14,0.14,0.0,0.0,1.0,1.0,0.0
2025-26,1641732,Colby Jones,1610612765,DET,23.0,1,6.8,0.0,0.0,0.0,0.0,0.0,0.0,0.0,0.0,0.0,0.0,0.0,0.0,0.0,1.0,1.0,1.0,1.0,0.0,1.0,1.0,1.0
2025-26,1630175,Cole Anthony,1610612749,MIL,25.0,24,16.6,2.08,0.79,1.29,1.13,0.04,0.08,0.17,0.25,0.29,0.54,0.462,0.538,0.0,0.08,0.08,0.08,0.08,0.0,1.0,1.0,1.0
2025-26,1631221,Collin Gillespie,1610612756,PHX,26.0,28,27.9,2.86,1.39,1.46,2.79,0.21,0.32,0.68,0.43,0.54,0.96,0.444,0.556,0.04,0.29,0.32,0.32,0.21,0.111,0.889,1.0,0.667
2025-26,1642867,Collin Murray-Boyles,1610612761,TOR,20.0,24,17.7,3.71,2.38,1.33,2.33,0.04,1.17,2.54,0.13,0.13,0.25,0.5,0.5,0.42,0.5,0.92,0.92,0.67,0.455,0.545,1.0,0.727
2025-26,1629012,Collin Sexton,1610612766,CHA,26.0,21,25.2,2.38,1.57,0.81,1.76,0.0,0.43,0.9,0.29,0.38,0.67,0.429,0.571,0.0,0.19,0.19,0.19,0.05,0.0,1.0,1.0,0.25
2025-26,1642843,Cooper Flagg,1610612742,DAL,19.0,28,34.3,6.57,3.89,2.68,2.18,0.0,0.68,1.5,0.46,0.54,1.0,0.464,0.536,0.07,0.5,0.57,0.54,0.43,0.125,0.875,0.938,0.75
2025-26,1630557,Corey Kispert,1610612764,WAS,26.0,16,20.3,3.38,2.63,0.75,0.81,0.0,0.25,0.69,0.31,0.19,0.5,0.625,0.375,0.0,0.13,0.13,0.13,0.0,0.0,1.0,1.0,0.0
2025-26,1641854,Craig Porter Jr.,1610612739,CLE,25.0,25,16.4,2.48,1.68,0.8,2.52,0.0,0.2,0.44,0.36,0.2,0.56,0.643,0.357,0.04,0.24,0.28,0.24,0.08,0.143,0.857,0.857,0.286
2025-26,1642938,Curtis Jones,1610612743,DEN,24.0,1,1.7,1.0,0.0,1.0,0.0,0.0,0.0,0.0,0.0,0.0,0.0,0.0,0.0,0.0,0.0,0.0,0.0,0.0,0.0,0.0,0.0,0.0
2025-26,1626156,D'Angelo Russell,1610612742,DAL,29.0,21,19.5,1.95,1.0,0.95,1.19,0.05,0.19,0.48,0.1,0.29,0.38,0.25,0.75,0.0,0.14,0.14,0.14,0.1,0.0,1.0,1.0,0.667
2025-26,1641747,DaRon Holmes II,1610612743,DEN,23.0,1,3.0,0.0,0.0,0.0,0.0,0.0,2.0,4.0,0.0,0.0,0.0,0.0,0.0,0.0,0.0,0.0,0.0,0.0,0.0,0.0,0.0,0.0
2025-26,1631342,Daeqwon Plowden,1610612758,SAC,27.0,1,14.0,2.0,1.0,1.0,1.0,0.0,0.0,0.0,0.0,0.0,0.0,0.0,0.0,0.0,0.0,0.0,0.0,0.0,0.0,0.0,0.0,0.0
2025-26,1631207,Dalen Terry,1610612741,CHI,23.0,10,15.5,3.9,2.5,1.4,0.6,0.0,0.1,0.3,0.2,0.5,0.7,0.286,0.714,0.1,0.1,0.2,0.1,0.1,0.5,0.5,0.5,0.5
2025-26,1642261,Dalton Knecht,1610612747,LAL,24.0,18,16.9,2.56,1.5,1.06,0.72,0.0,0.33,0.83,0.11,0.11,0.22,0.5,0.5,0.0,0.22,0.22,0.22,0.22,0.0,1.0,1.0,1.0
2025-26,1629655,Daniel Gafford,1610612742,DAL,27.0,18,21.4,7.06,6.11,0.94,2.39,0.11,2.61,6.11,0.28,0.44,0.72,0.385,0.615,0.44,1.11,1.56,1.56,0.94,0.286,0.714,1.0,0.607
2025-26,1642450,Daniss Jenkins,1610612765,DET,24.0,20,18.4,2.5,1.6,0.9,1.55,0.0,0.2,0.45,0.4,0.3,0.7,0.571,0.429,0.05,0.15,0.2,0.15,0.05,0.25,0.75,0.75,0.25
2025-26,1642874,Danny Wolf,1610612751,BKN,21.0,11,19.0,4.36,3.0,1.36,1.0,0.0,0.18,0.45,0.0,0.18,0.18,0.0,1.0,0.0,0.36,0.36,0.36,0.09,0.0,1.0,1.0,0.25
2025-26,203967,Dario Šarić,1610612758,SAC,31.0,5,8.3,2.4,1.6,0.8,1.2,0.0,0.2,0.6,0.0,0.0,0.0,0.0,0.0,0.0,0.4,0.4,0.4,0.2,0.0,1.0,1.0,0.5
2025-26,1629636,Darius Garland,1610612739,CLE,25.0,13,30.2,3.62,1.77,1.85,1.54,0.08,0.38,0.85,0.38,0.31,0.69,0.556,0.444,0.0,0.15,0.15,0.15,0.15,0.0,1.0,1.0,1.0
2025-26,1642357,David Jones Garcia,1610612759,SAS,24.0,8,8.0,0.88,0.38,0.5,1.38,0.0,0.0,0.0,0.25,0.0,0.25,1.0,0.0,0.0,0.0,0.0,0.0,0.0,0.0,0.0,0.0,0.0
2025-26,1630558,Davion Mitchell,1610612748,MIA,27.0,26,30.4,3.42,0.88,2.54,2.27,0.15,0.19,0.46,0.15,0.46,0.62,0.25,0.75,0.0,0.42,0.42,0.42,0.12,0.0,1.0,1.0,0.273
2025-26,1630549,Day'Ron Sharpe,1610612751,BKN,24.0,25,16.0,3.64,2.52,1.12,1.76,0.0,1.56,3.68,0.28,0.16,0.44,0.636,0.364,0.64,0.8,1.44,1.44,1.04,0.444,0.556,1.0,0.722
2025-26,1628368,De'Aaron Fox,1610612759,SAS,28.0,19,31.9,3.89,1.26,2.63,2.95,0.05,0.11,0.26,0.11,0.32,0.42,0.25,0.75,0.0,0.05,0.05,0.05,0.05,0.0,1.0,1.0,1.0
2025-26,1629631,De'Andre Hunter,1610612739,CLE,28.0,25,28.5,2.72,1.6,1.12,2.0,0.0,0.44,0.88,0.16,0.2,0.36,0.444,0.556,0.04,0.52,0.56,0.56,0.2,0.071,0.929,1.0,0.357
2025-26,1629001,De'Anthony Melton,1610612744,GSW,27.0,6,18.0,2.5,1.5,1.0,3.33,0.0,0.17,0.33,0.0,0.83,0.83,0.0,1.0,0.0,0.33,0.33,0.33,0.0,0.0,1.0,1.0,0.0
2025-26,201599,DeAndre Jordan,1610612740,NOP,37.0,2,11.7,3.0,2.0,1.0,0.5,0.0,1.0,2.5,1.0,0.0,1.0,1.0,0.0,0.0,0.0,0.0,0.0,0.0,0.0,0.0,0.0,0.0
2025-26,201942,DeMar DeRozan,1610612758,SAC,36.0,28,33.0,3.46,2.11,1.36,2.18,0.14,0.21,0.54,0.18,0.32,0.5,0.357,0.643,0.0,0.5,0.5,0.5,0.36,0.0,1.0,1.0,0.714
2025-26,1629731,Dean Wade,1610612739,CLE,29.0,27,22.7,4.56,3.19,1.37,2.3,0.0,0.93,2.37,0.15,0.26,0.41,0.364,0.636,0.11,1.15,1.26,1.26,0.48,0.088,0.912,1.0,0.382
2025-26,1629028,Deandre Ayton,1610612747,LAL,27.0,23,29.4,8.65,6.39,2.26,1.52,0.0,4.26,10.0,0.39,0.35,0.74,0.529,0.471,0.7,0.61,1.3,1.26,1.17,0.533,0.467,0.967,0.9
2025-26,1630166,Deni Avdija,1610612757,POR,24.0,28,34.7,5.18,3.68,1.5,1.46,0.0,0.21,0.46,0.5,0.25,0.75,0.667,0.333,0.07,0.43,0.5,0.46,0.36,0.143,0.857,0.929,0.714
2025-26,203471,Dennis Schröder,1610612758,SAC,32.0,21,28.8,2.33,1.33,1.0,1.19,0.14,0.24,0.52,0.29,0.14,0.43,0.667,0.333,0.0,0.14,0.14,0.14,0.05,0.0,1.0,1.0,0.333
2025-26,1641726,Dereck Lively II,1610612742,DAL,21.0,7,16.5,8.14,6.57,1.57,0.57,0.0,1.57,3.29,0.29,0.43,0.71,0.4,0.6,0.14,1.57,1.71,1.71,0.86,0.083,0.917,1.0,0.5
2025-26,1642852,Derik Queen,1610612740,NOP,20.0,29,25.7,7.14,4.83,2.31,2.66,0.1,1.69,3.97,0.24,0.07,0.31,0.778,0.222,0.24,0.79,1.03,1.0,0.66,0.233,0.767,1.0,0.655
2025-26,1627884,Derrick Jones Jr.,1610612746,LAC,28.0,13,24.9,3.69,2.23,1.46,2.0,0.0,0.85,2.0,0.38,0.15,0.54,0.714,0.286,0.0,0.23,0.23,0.23,0.08,0.0,1.0,1.0,0.333
2025-26,1628401,Derrick White,1610612738,BOS,31.0,27,33.4,7.52,4.7,2.81,2.93,0.15,0.3,0.67,0.3,0.48,0.78,0.381,0.619,0.0,0.15,0.15,0.15,0.04,0.0,1.0,1.0,0.25
2025-26,1630217,Desmond Bane,1610612753,ORL,27.0,28,33.7,5.46,2.86,2.61,1.79,0.04,0.46,1.0,0.39,0.43,0.82,0.478,0.522,0.18,0.32,0.5,0.5,0.29,0.357,0.643,1.0,0.571
2025-26,1626164,Devin Booker,1610612756,PHX,29.0,25,34.4,2.88,1.6,1.28,1.68,0.04,0.48,1.04,0.52,0.4,0.92,0.565,0.435,0.04,0.44,0.48,0.48,0.28,0.083,0.917,1.0,0.583
2025-26,1642269,Devin Carter,1610612758,SAC,23.0,8,10.0,1.75,0.88,0.88,1.13,0.0,0.13,0.38,0.13,0.13,0.25,0.5,0.5,0.0,0.13,0.13,0.13,0.0,0.0,1.0,1.0,0.0
2025-26,1630170,Devin Vassell,1610612759,SAS,25.0,27,32.0,3.81,2.33,1.48,1.89,0.0,0.33,0.74,0.15,0.33,0.48,0.308,0.692,0.0,0.15,0.15,0.15,0.11,0.0,1.0,1.0,0.75
2025-26,1628415,Dillon Brooks,1610612756,PHX,29.0,22,30.9,3.23,1.32,1.91,2.95,0.05,0.5,1.09,0.32,0.23,0.55,0.583,0.417,0.0,0.32,0.32,0.32,0.18,0.0,1.0,1.0,0.571
2025-26,1627734,Domantas Sabonis,1610612758,SAC,29.0,11,33.2,5.73,3.91,1.82,2.0,0.0,4.82,10.91,0.45,0.45,0.91,0.5,0.5,0.91,1.45,2.36,2.27,1.73,0.385,0.615,0.962,0.731
2025-26,1631230,Dominick Barlow,1610612755,PHI,22.0,18,26.5,8.61,5.94,2.67,1.33,0.0,0.78,1.78,0.28,0.39,0.67,0.417,0.583,0.11,0.39,0.5,0.5,0.17,0.222,0.778,1.0,0.333
2025-26,1642270,Donovan Clingan,1610612757,POR,21.0,24,25.7,11.88,8.54,3.33,1.13,0.0,1.96,4.67,0.46,0.13,0.58,0.786,0.214,1.13,0.88,2.0,1.96,1.58,0.563,0.438,0.979,0.792
2025-26,1628378,Donovan Mitchell,1610612739,CLE,29.0,26,34.4,2.62,1.15,1.46,3.27,0.0,0.35,0.85,0.42,0.27,0.69,0.611,0.389,0.0,0.38,0.38,0.38,0.27,0.0,1.0,1.0,0.7
2025-26,1628978,Donte DiVincenzo,1610612750,MIN,28.0,28,31.6,2.93,1.75,1.18,2.96,0.0,0.43,1.04,0.32,0.5,0.82,0.391,0.609,0.0,0.32,0.32,0.32,0.07,0.0,1.0,1.0,0.222
2025-26,203926,Doug McDermott,1610612758,SAC,33.0,1,7.8,1.0,0.0,1.0,0.0,0.0,0.0,0.0,0.0,0.0,0.0,0.0,0.0,0.0,0.0,0.0,0.0,0.0,0.0,0.0,0.0,0.0
2025-26,1642962,Drake Powell,1610612751,BKN,20.0,18,18.5,2.33,1.39,0.94,1.17,0.0,0.0,0.0,0.06,0.28,0.33,0.167,0.833,0.11,0.17,0.28,0.17,0.0,0.4,0.6,0.6,0.0
2025-26,203110,Draymond Green,1610612744,GSW,35.0,23,27.4,8.26,5.26,3.0,2.22,0.17,2.22,5.57,0.17,0.22,0.39,0.444,0.556,0.13,1.26,1.39,1.3,0.74,0.094,0.906,0.938,0.531
2025-26,1629234,Drew Eubanks,1610612758,SAC,28.0,25,14.4,3.6,2.92,0.68,0.76,0.04,2.0,4.48,0.08,0.04,0.12,0.667,0.333,0.24,0.6,0.84,0.84,0.6,0.286,0.714,1.0,0.714
2025-26,1641809,Drew Peterson,1610612766,CHA,26.0,6,10.7,0.83,0.5,0.33,1.83,0.0,0.17,0.33,0.17,0.0,0.17,1.0,0.0,0.0,0.17,0.17,0.17,0.17,0.0,1.0,1.0,1.0
2025-26,1631166,Drew Timme,1610612747,LAL,25.0,2,3.9,0.0,0.0,0.0,0.5,0.0,0.5,1.5,0.0,0.0,0.0,0.0,0.0,0.0,0.0,0.0,0.0,0.0,0.0,0.0,0.0,0.0
2025-26,1630696,Dru Smith,1610612748,MIA,27.0,28,17.3,2.54,1.43,1.11,3.0,0.14,0.14,0.32,0.18,0.25,0.43,0.417,0.583,0.04,0.39,0.43,0.39,0.14,0.083,0.917,0.917,0.333
2025-26,1629130,Duncan Robinson,1610612765,DET,31.0,26,30.1,4.31,2.38,1.92,2.08,0.15,0.96,1.96,0.23,0.23,0.46,0.5,0.5,0.0,0.5,0.5,0.5,0.15,0.0,1.0,1.0,0.308
2025-26,1641871,Duop Reath,1610612757,POR,29.0,20,8.6,2.7,1.75,0.95,0.3,0.05,0.25,0.6,0.15,0.1,0.25,0.6,0.4,0.0,0.45,0.45,0.45,0.05,0.0,1.0,1.0,0.111
2025-26,203939,Dwight Powell,1610612742,DAL,34.0,21,12.2,3.57,2.86,0.71,1.62,0.1,2.71,6.19,0.05,0.19,0.24,0.2,0.8,0.29,0.9,1.19,1.14,0.48,0.24,0.76,0.96,0.4
2025-26,1642928,Dylan Cardwell,1610612758,SAC,24.0,4,16.1,6.25,5.75,0.5,1.75,0.0,3.5,7.25,0.25,0.25,0.5,0.5,0.5,0.75,0.5,1.25,1.25,1.0,0.6,0.4,1.0,0.8
2025-26,1642844,Dylan Harper,1610612759,SAS,19.0,17,21.7,2.18,1.29,0.88,1.35,0.0,0.06,0.12,0.53,0.35,0.88,0.6,0.4,0.0,0.12,0.12,0.12,0.12,0.0,1.0,1.0,1.0
2025-26,1630700,Dyson Daniels,1610612737,ATL,22.0,29,33.7,5.1,2.83,2.28,4.86,0.07,1.38,3.34,0.59,0.52,1.1,0.531,0.469,0.14,0.48,0.62,0.59,0.48,0.222,0.778,1.0,0.824
2025-26,1630604,E.J. Liddell,1610612751,BKN,25.0,4,5.3,0.75,0.5,0.25,0.0,0.0,0.0,0.0,0.0,0.0,0.0,0.0,0.0,0.0,0.25,0.25,0.25,0.0,0.0,1.0,1.0,0.0
2025-26,1642856,Egor Dëmin,1610612751,BKN,19.0,24,23.1,3.67,2.21,1.46,1.83,0.08,0.17,0.46,0.29,0.21,0.5,0.583,0.417,0.0,0.33,0.33,0.33,0.08,0.0,1.0,1.0,0.25
2025-26,1641989,Elijah Harkless,1610612762,UTA,25.0,6,10.8,2.17,0.83,1.33,1.67,0.0,0.0,0.0,0.0,0.0,0.0,0.0,0.0,0.0,0.0,0.0,0.0,0.0,0.0,0.0,0.0,0.0
2025-26,1641801,Emanuel Miller,1610612741,CHI,25.0,4,7.2,0.75,0.75,0.0,0.5,0.0,0.0,0.0,0.25,0.5,0.75,0.333,0.667,0.0,0.25,0.25,0.25,0.0,0.0,1.0,1.0,0.0
2025-26,201569,Eric Gordon,1610612755,PHI,36.0,4,12.7,0.75,0.0,0.75,0.25,0.0,0.0,0.0,0.0,0.0,0.0,0.0,0.0,0.0,0.0,0.0,0.0,0.0,0.0,0.0,0.0,0.0
2025-26,1630679,Ethan Thompson,1610612754,IND,26.0,8,18.9,3.63,2.25,1.38,0.88,0.0,0.25,0.75,0.25,0.0,0.25,1.0,0.0,0.0,0.13,0.13,0.13,0.0,0.0,1.0,1.0,0.0
2025-26,1630596,Evan Mobley,1610612739,CLE,24.0,25,34.2,10.56,7.4,3.16,2.32,0.0,2.0,4.56,0.44,0.24,0.68,0.647,0.353,0.52,1.32,1.84,1.8,1.28,0.283,0.717,0.978,0.696
2025-26,1630532,Franz Wagner,1610612753,ORL,24.0,24,33.4,4.5,2.63,1.88,2.17,0.04,0.21,0.46,0.38,0.42,0.79,0.474,0.526,0.0,0.67,0.67,0.67,0.25,0.0,1.0,1.0,0.375
2025-26,1641713,GG Jackson,1610612763,MEM,21.0,5,9.9,1.6,1.0,0.6,1.8,0.0,0.0,0.0,0.0,0.4,0.4,0.0,1.0,0.2,0.0,0.2,0.2,0.2,1.0,0.0,1.0,1.0
2025-26,1629216,Gabe Vincent,1610612747,LAL,29.0,14,21.5,2.43,1.07,1.36,1.93,0.07,0.57,1.5,0.21,0.21,0.43,0.5,0.5,0.0,0.36,0.36,0.36,0.07,0.0,1.0,1.0,0.2
2025-26,202066,Garrett Temple,1610612761,TOR,39.0,5,3.7,0.6,0.4,0.2,0.6,0.0,0.4,0.8,0.2,0.0,0.2,1.0,0.0,0.0,0.0,0.0,0.0,0.0,0.0,0.0,0.0,0.0
2025-26,1629726,Garrison Mathews,1610612754,IND,29.0,10,16.8,1.8,0.9,0.9,1.0,0.4,0.1,0.2,0.0,0.0,0.0,0.0,0.0,0.0,0.2,0.2,0.2,0.0,0.0,1.0,1.0,0.0
2025-26,203914,Gary Harris,1610612749,MIL,31.0,15,16.9,2.0,0.73,1.27,1.8,0.0,0.47,0.93,0.13,0.13,0.27,0.5,0.5,0.0,0.0,0.0,0.0,0.0,0.0,0.0,0.0,0.0
2025-26,1627780,Gary Payton II,1610612744,GSW,33.0,26,12.2,1.85,1.04,0.81,1.12,0.0,0.62,1.65,0.27,0.15,0.42,0.636,0.364,0.12,0.12,0.23,0.23,0.19,0.5,0.5,1.0,0.833
2025-26,1629018,Gary Trent Jr.,1610612749,MIL,26.0,27,28.0,1.37,0.52,0.85,2.11,0.0,0.0,0.0,0.3,0.15,0.44,0.667,0.333,0.04,0.15,0.19,0.19,0.04,0.2,0.8,1.0,0.2
2025-26,203507,Giannis Antetokounmpo,1610612749,MIL,31.0,17,29.1,4.82,3.06,1.76,1.94,0.0,1.53,3.71,0.71,0.18,0.88,0.8,0.2,0.53,0.94,1.47,1.47,1.29,0.36,0.64,1.0,0.88
2025-26,1629048,Goga Bitadze,1610612753,ORL,26.0,27,16.8,5.19,3.89,1.3,1.63,0.0,2.07,4.78,0.04,0.15,0.19,0.2,0.8,0.59,0.96,1.56,1.56,0.89,0.381,0.619,1.0,0.571
2025-26,1641711,Gradey Dick,1610612761,TOR,22.0,29,15.7,0.52,0.21,0.31,2.03,0.07,0.07,0.17,0.21,0.1,0.31,0.667,0.333,0.03,0.21,0.24,0.24,0.07,0.143,0.857,1.0,0.286
2025-26,1628960,Grayson Allen,1610612756,PHX,30.0,17,32.1,3.12,1.53,1.59,2.24,0.0,0.06,0.12,0.18,0.47,0.65,0.273,0.727,0.0,0.12,0.12,0.12,0.0,0.0,1.0,1.0,0.0
2025-26,1627824,Guerschon Yabusele,1610612752,NYK,30.0,23,10.0,1.22,0.78,0.43,0.52,0.04,0.48,1.13,0.13,0.04,0.17,0.75,0.25,0.04,0.3,0.35,0.35,0.17,0.125,0.875,1.0,0.5
2025-26,1630611,Gui Santos,1610612744,GSW,23.0,18,10.3,1.72,1.28,0.44,1.33,0.0,0.0,0.0,0.11,0.06,0.17,0.667,0.333,0.17,0.44,0.61,0.61,0.39,0.273,0.727,1.0,0.636
2025-26,203084,Harrison Barnes,1610612759,SAS,33.0,27,30.2,4.19,2.44,1.74,1.63,0.07,0.78,1.81,0.33,0.22,0.56,0.6,0.4,0.11,0.52,0.63,0.63,0.33,0.176,0.824,1.0,0.529
2025-26,1631127,Harrison Ingram,1610612759,SAS,23.0,1,4.1,1.0,1.0,0.0,0.0,0.0,0.0,0.0,0.0,0.0,0.0,0.0,0.0,0.0,0.0,0.0,0.0,0.0,0.0,0.0,0.0,0.0
2025-26,1630529,Herbert Jones,1610612740,NOP,27.0,21,28.3,4.0,1.57,2.43,3.57,0.05,0.38,0.9,0.33,0.29,0.62,0.538,0.462,0.05,0.57,0.62,0.62,0.14,0.077,0.923,1.0,0.231
2025-26,1642864,Hugo González,1610612738,BOS,19.0,22,13.7,2.05,1.45,0.59,1.41,0.05,0.36,0.91,0.23,0.23,0.45,0.5,0.5,0.05,0.14,0.18,0.18,0.05,0.25,0.75,1.0,0.25
2025-26,1630621,Hunter Dickinson,1610612740,NOP,25.0,1,4.7,2.0,1.0,1.0,0.0,0.0,0.0,0.0,0.0,0.0,0.0,0.0,0.0,0.0,0.0,0.0,0.0,0.0,0.0,0.0,0.0,0.0
2025-26,1642282,Hunter Sallis,1610612755,PHI,22.0,3,6.2,1.67,1.0,0.67,0.0,0.0,0.0,0.0,0.0,0.0,0.0,0.0,0.0,0.0,0.0,0.0,0.0,0.0,0.0,0.0,0.0,0.0
2025-26,1641816,Hunter Tyson,1610612743,DEN,25.0,4,2.5,0.5,0.25,0.25,0.75,0.0,0.0,0.0,0.0,0.25,0.25,0.0,1.0,0.0,0.0,0.0,0.0,0.0,0.0,0.0,0.0,0.0
2025-26,1630193,Immanuel Quickley,1610612761,TOR,26.0,28,32.2,3.5,1.61,1.89,2.39,0.0,0.43,0.89,0.25,0.32,0.57,0.438,0.563,0.04,0.54,0.57,0.57,0.39,0.063,0.938,1.0,0.688
2025-26,1642403,Isaac Jones,1610612765,DET,25.0,1,14.0,2.0,1.0,1.0,0.0,0.0,0.0,0.0,0.0,0.0,0.0,0.0,0.0,0.0,0.0,0.0,0.0,0.0,0.0,0.0,0.0,0.0
2025-26,1630171,Isaac Okoro,1610612741,CHI,24.0,19,24.9,4.21,2.89,1.32,1.21,0.21,0.16,0.32,0.26,0.05,0.32,0.833,0.167,0.0,0.68,0.68,0.68,0.16,0.0,1.0,1.0,0.231
2025-26,1642268,Isaiah Collier,1610612762,UTA,21.0,18,22.6,2.33,0.78,1.56,1.33,0.0,0.28,0.67,0.06,0.11,0.17,0.333,0.667,0.0,0.17,0.17,0.17,0.11,0.0,1.0,1.0,0.667
2025-26,1628392,Isaiah Hartenstein,1610612760,OKC,27.0,21,27.4,7.05,5.05,2.0,2.71,0.05,3.19,7.33,0.57,0.19,0.76,0.75,0.25,0.9,1.52,2.43,2.38,1.71,0.373,0.627,0.98,0.706
2025-26,1630543,Isaiah Jackson,1610612754,IND,23.0,28,18.8,5.07,3.43,1.64,2.14,0.0,2.32,5.14,0.32,0.18,0.5,0.643,0.357,0.5,0.39,0.89,0.89,0.54,0.56,0.44,1.0,0.6
2025-26,1630198,Isaiah Joe,1610612760,OKC,26.0,19,22.7,2.53,0.89,1.63,1.68,0.16,0.26,0.63,0.11,0.32,0.42,0.25,0.75,0.0,0.26,0.26,0.26,0.05,0.0,1.0,1.0,0.2
2025-26,1630587,Isaiah Livers,1610612756,PHX,27.0,13,12.1,2.38,1.46,0.92,0.77,0.0,0.31,0.77,0.15,0.08,0.23,0.667,0.333,0.0,0.15,0.15,0.15,0.08,0.0,1.0,1.0,0.5
2025-26,1630191,Isaiah Stewart,1610612765,DET,24.0,25,22.9,10.08,7.52,2.56,0.56,0.0,1.64,3.88,0.32,0.12,0.44,0.727,0.273,0.48,1.2,1.68,1.68,1.32,0.286,0.714,1.0,0.786
2025-26,1627826,Ivica Zubac,1610612746,LAC,28.0,28,32.0,9.64,7.46,2.18,1.0,0.0,3.29,8.11,0.21,0.21,0.43,0.5,0.5,1.18,1.39,2.57,2.54,1.75,0.458,0.542,0.986,0.681
2025-26,1631120,JD Davison,1610612745,HOU,23.0,5,10.3,1.2,0.8,0.4,1.0,0.0,0.2,0.4,0.0,0.2,0.2,0.0,1.0,0.2,0.0,0.2,0.2,0.2,1.0,0.0,1.0,1.0
2025-26,1629630,Ja Morant,1610612763,MEM,26.0,14,28.0,1.86,0.79,1.07,2.36,0.07,0.0,0.0,0.5,0.07,0.57,0.875,0.125,0.0,0.29,0.29,0.29,0.07,0.0,1.0,1.0,0.25
2025-26,1642266,Ja'Kobe Walter,1610612761,TOR,21.0,25,16.7,2.48,1.16,1.32,2.0,0.12,0.08,0.2,0.12,0.28,0.4,0.3,0.7,0.12,0.08,0.2,0.2,0.16,0.6,0.4,1.0,0.8
2025-26,1631095,Jabari Smith Jr.,1610612745,HOU,22.0,24,34.6,5.79,4.04,1.75,1.25,0.0,0.33,0.79,0.17,0.29,0.46,0.364,0.636,0.17,0.58,0.75,0.75,0.58,0.222,0.778,1.0,0.778
2025-26,1631133,Jabari Walker,1610612755,PHI,23.0,24,14.8,1.75,1.0,0.75,0.96,0.13,0.38,0.79,0.13,0.04,0.17,0.75,0.25,0.29,0.17,0.54,0.46,0.38,0.538,0.308,1.0,0.818
2025-26,1631210,Jacob Toppin,1610612737,ATL,25.0,2,3.8,1.0,0.5,0.5,0.0,0.0,0.5,1.5,0.0,0.0,0.0,0.0,0.0,0.0,0.0,0.0,0.0,0.0,0.0,0.0,0.0,0.0
2025-26,1630702,Jaden Hardy,1610612742,DAL,23.0,15,12.6,1.0,0.6,0.4,0.53,0.0,0.07,0.2,0.2,0.07,0.27,0.75,0.25,0.0,0.4,0.4,0.4,0.07,0.0,1.0,1.0,0.167
2025-26,1631093,Jaden Ivey,1610612765,DET,23.0,12,15.1,2.0,1.17,0.83,1.08,0.0,0.08,0.17,0.25,0.08,0.33,0.75,0.25,0.08,0.17,0.25,0.25,0.08,0.333,0.667,1.0,0.333
2025-26,1630183,Jaden McDaniels,1610612750,MIN,25.0,27,33.1,5.89,3.37,2.52,2.7,0.0,0.3,0.67,0.26,0.33,0.59,0.438,0.563,0.0,0.3,0.3,0.3,0.04,0.0,1.0,1.0,0.125
2025-26,1630256,Jae'Sean Tate,1610612745,HOU,30.0,14,8.2,1.07,0.71,0.36,1.14,0.0,0.29,0.64,0.21,0.07,0.29,0.75,0.25,0.07,0.29,0.36,0.29,0.07,0.2,0.8,0.8,0.2
2025-26,1642942,Jahmai Mashack,1610612763,MEM,23.0,3,4.3,1.0,1.0,0.0,0.0,0.0,0.0,0.0,0.0,0.0,0.0,0.0,0.0,0.0,0.33,0.33,0.33,0.33,0.0,1.0,1.0,1.0
2025-26,1642443,Jahmir Young,1610612748,MIA,25.0,3,6.9,1.67,1.0,0.67,1.0,0.0,0.0,0.0,0.0,0.0,0.0,0.0,0.0,0.0,0.0,0.0,0.0,0.0,0.0,0.0,0.0,0.0
2025-26,1643141,Jahmyl Telfort,1610612746,LAC,24.0,3,3.6,0.33,0.33,0.0,0.33,0.0,0.0,0.0,0.0,0.0,0.0,0.0,0.0,0.0,0.33,0.33,0.33,0.0,0.0,1.0,1.0,0.0
2025-26,1631170,Jaime Jaquez Jr.,1610612748,MIA,24.0,27,29.5,5.89,3.37,2.52,1.56,0.0,0.22,0.56,0.26,0.33,0.59,0.438,0.563,0.0,0.78,0.78,0.78,0.37,0.0,1.0,1.0,0.476
2025-26,1631222,Jake LaRavia,1610612747,LAL,24.0,27,25.0,3.67,2.07,1.59,2.74,0.04,0.22,0.59,0.33,0.37,0.7,0.474,0.526,0.15,0.41,0.56,0.48,0.3,0.267,0.733,0.867,0.533
2025-26,1627751,Jakob Poeltl,1610612761,TOR,30.0,20,26.2,7.45,5.6,1.85,2.5,0.05,4.1,9.05,0.25,0.35,0.6,0.417,0.583,1.15,1.85,3.0,2.9,1.9,0.383,0.617,0.967,0.633
2025-26,1628973,Jalen Brunson,1610612752,NYK,29.0,25,35.1,2.88,0.92,1.96,1.4,0.32,0.16,0.44,0.32,0.36,0.68,0.471,0.529,0.0,0.24,0.24,0.24,0.04,0.0,1.0,1.0,0.167
2025-26,1631105,Jalen Duren,1610612765,DET,22.0,25,29.0,9.04,6.08,2.96,1.48,0.0,2.72,6.52,0.52,0.52,1.04,0.5,0.5,1.08,1.84,2.92,2.92,2.0,0.37,0.63,1.0,0.685
2025-26,1630224,Jalen Green,1610612756,PHX,23.0,2,14.9,1.0,0.0,1.0,0.5,0.0,0.0,0.0,0.0,0.5,0.5,0.0,1.0,0.0,0.0,0.0,0.0,0.0,0.0,0.0,0.0,0.0
2025-26,1630552,Jalen Johnson,1610612737,ATL,24.0,26,35.1,4.42,2.62,1.81,2.35,0.04,0.58,1.42,0.42,0.31,0.73,0.579,0.421,0.04,0.81,0.85,0.85,0.46,0.045,0.955,1.0,0.545
2025-26,1629618,Jalen Pickett,1610612743,DEN,26.0,7,18.2,2.0,1.14,0.86,0.57,0.0,0.71,1.43,0.0,0.0,0.0,0.0,0.0,0.14,0.43,0.57,0.57,0.29,0.25,0.75,1.0,0.5
2025-26,1630188,Jalen Smith,1610612741,CHI,25.0,22,16.7,4.95,3.73,1.23,0.32,0.09,1.27,2.68,0.05,0.14,0.18,0.25,0.75,0.5,1.14,1.64,1.64,1.18,0.306,0.694,1.0,0.722
2025-26,1630591,Jalen Suggs,1610612753,ORL,24.0,21,25.6,2.62,1.62,1.0,3.57,0.19,0.14,0.29,0.48,0.48,0.95,0.5,0.5,0.14,0.05,0.19,0.19,0.19,0.75,0.25,1.0,1.0
2025-26,1631114,Jalen Williams,1610612760,OKC,24.0,9,29.0,4.11,2.33,1.78,3.78,0.0,0.44,1.0,0.22,0.56,0.78,0.286,0.714,0.11,0.44,0.56,0.56,0.33,0.2,0.8,1.0,0.6
2025-26,1630592,Jalen Wilson,1610612751,BKN,25.0,16,16.0,2.13,1.13,1.0,0.5,0.0,0.25,0.75,0.13,0.06,0.19,0.667,0.333,0.0,0.63,0.63,0.56,0.13,0.0,1.0,0.9,0.2
2025-26,1631288,Jamal Cain,1610612753,ORL,26.0,3,10.2,2.33,1.33,1.0,1.33,0.0,0.0,0.0,0.0,0.0,0.0,0.0,0.0,0.0,1.0,1.0,1.0,0.0,0.0,1.0,1.0,0.0
2025-26,1627750,Jamal Murray,1610612743,DEN,28.0,26,35.0,3.54,1.81,1.73,2.19,0.0,0.46,1.15,0.15,0.19,0.35,0.444,0.556,0.0,0.12,0.12,0.12,0.12,0.0,1.0,1.0,1.0
2025-26,1642347,Jamal Shead,1610612761,TOR,23.0,29,20.2,2.07,0.72,1.34,2.17,0.07,0.07,0.17,0.28,0.21,0.48,0.571,0.429,0.0,0.14,0.14,0.14,0.07,0.0,1.0,1.0,0.5
2025-26,1631123,Jamaree Bouyea,1610612756,PHX,26.0,11,15.3,2.18,1.45,0.73,0.91,0.0,0.09,0.27,0.18,0.36,0.55,0.333,0.667,0.0,0.0,0.0,0.0,0.0,0.0,0.0,0.0,0.0
2025-26,201935,James Harden,1610612746,LAC,36.0,26,35.6,2.58,1.19,1.38,2.12,0.0,0.0,0.0,0.31,0.54,0.85,0.364,0.636,0.0,0.42,0.42,0.38,0.27,0.0,1.0,0.909,0.636
2025-26,1630164,James Wiseman,1610612754,IND,24.0,2,17.3,7.0,5.0,2.0,0.0,0.0,1.0,2.0,0.5,0.0,0.5,1.0,0.0,0.5,1.0,1.5,1.5,0.5,0.333,0.667,1.0,0.333
2025-26,1642364,Jamir Watkins,1610612764,WAS,24.0,9,13.3,2.78,1.33,1.44,1.56,0.22,0.0,0.0,0.0,0.11,0.11,0.0,1.0,0.0,0.33,0.33,0.33,0.11,0.0,1.0,1.0,0.333
2025-26,1642419,Jamison Battle,1610612761,TOR,24.0,12,10.2,1.17,0.83,0.33,0.33,0.0,0.17,0.33,0.17,0.0,0.17,1.0,0.0,0.0,0.42,0.42,0.42,0.08,0.0,1.0,1.0,0.2
2025-26,1641716,Jarace Walker,1610612754,IND,22.0,28,25.1,2.89,1.79,1.11,1.57,0.0,0.18,0.5,0.07,0.32,0.39,0.182,0.818,0.04,0.11,0.14,0.14,0.14,0.25,0.75,1.0,1.0
2025-26,1642272,Jared McCain,1610612755,PHI,21.0,16,19.7,1.75,0.88,0.88,1.06,0.0,0.5,1.06,0.19,0.25,0.44,0.429,0.571,0.0,0.13,0.13,0.13,0.13,0.0,1.0,1.0,1.0
2025-26,1628991,Jaren Jackson Jr.,1610612763,MEM,26.0,26,29.6,8.58,5.58,3.0,2.15,0.04,0.69,1.73,0.27,0.27,0.54,0.5,0.5,0.12,0.54,0.65,0.65,0.42,0.176,0.824,1.0,0.647
2025-26,1629020,Jarred Vanderbilt,1610612747,LAL,26.0,17,18.8,1.94,1.35,0.59,1.59,0.0,0.47,1.12,0.35,0.24,0.59,0.6,0.4,0.29,0.29,0.59,0.59,0.53,0.5,0.5,1.0,0.9
2025-26,1628386,Jarrett Allen,1610612739,CLE,27.0,18,26.2,7.39,6.17,1.22,3.11,0.0,2.33,5.22,0.39,0.5,0.89,0.438,0.563,0.28,1.22,1.5,1.5,1.0,0.185,0.815,1.0,0.667
2025-26,1642859,Jase Richardson,1610612753,ORL,20.0,10,11.6,1.6,1.3,0.3,0.9,0.0,0.0,0.0,0.2,0.1,0.3,0.667,0.333,0.0,0.0,0.0,0.0,0.0,0.0,0.0,0.0,0.0
2025-26,1642914,Javon Small,1610612763,MEM,23.0,7,14.1,1.57,0.43,1.14,1.14,0.0,0.0,0.0,0.14,0.0,0.14,1.0,0.0,0.0,0.14,0.14,0.14,0.14,0.0,1.0,1.0,1.0
2025-26,1631451,Javonte Cooke,1610612757,POR,26.0,4,6.7,0.5,0.5,0.0,0.75,0.0,0.0,0.0,0.0,0.0,0.0,0.0,0.0,0.0,0.25,0.25,0.25,0.0,0.0,1.0,1.0,0.0
2025-26,1629750,Javonte Green,1610612765,DET,32.0,28,18.3,2.14,1.0,1.14,2.61,0.0,0.21,0.46,0.25,0.36,0.61,0.412,0.588,0.04,0.36,0.39,0.39,0.25,0.091,0.909,1.0,0.636
2025-26,1629637,Jaxson Hayes,1610612747,LAL,25.0,24,17.7,5.58,3.92,1.67,1.08,0.0,2.17,4.96,0.08,0.13,0.21,0.4,0.6,0.33,0.58,0.92,0.88,0.58,0.364,0.636,0.955,0.636
2025-26,1630643,Jay Huff,1610612754,IND,28.0,28,19.4,9.14,7.04,2.11,0.61,0.0,1.29,2.89,0.21,0.04,0.25,0.857,0.143,0.25,1.04,1.29,1.25,0.61,0.194,0.806,0.972,0.472
2025-26,1627759,Jaylen Brown,1610612738,BOS,29.0,26,33.8,5.08,2.35,2.73,2.19,0.04,0.46,1.23,0.62,0.38,1.0,0.615,0.385,0.04,1.0,1.04,1.04,0.69,0.037,0.963,1.0,0.667
2025-26,1641740,Jaylen Clark,1610612750,MIN,24.0,24,14.8,2.38,1.38,1.0,1.88,0.0,0.25,0.63,0.21,0.17,0.38,0.556,0.444,0.13,0.13,0.25,0.25,0.13,0.5,0.5,1.0,0.5
2025-26,1642377,Jaylen Wells,1610612763,MEM,22.0,28,27.2,3.75,2.11,1.64,1.71,0.0,0.14,0.39,0.21,0.25,0.46,0.462,0.538,0.04,0.14,0.18,0.14,0.07,0.2,0.8,0.8,0.4
2025-26,1631119,Jaylin Williams,1610612760,OKC,23.0,25,18.3,5.48,3.84,1.64,1.24,0.32,0.96,2.2,0.24,0.2,0.44,0.545,0.455,0.04,1.32,1.36,1.32,0.76,0.029,0.971,0.971,0.559
2025-26,1642281,Jaylon Tyson,1610612739,CLE,23.0,24,28.2,5.25,2.92,2.33,2.08,0.0,0.83,1.96,0.25,0.46,0.71,0.353,0.647,0.54,0.29,0.83,0.79,0.58,0.65,0.35,1.0,0.737
2025-26,201145,Jeff Green,1610612745,HOU,39.0,8,5.2,1.38,0.5,0.88,0.25,0.0,0.0,0.0,0.0,0.0,0.0,0.0,0.0,0.0,0.13,0.13,0.13,0.0,0.0,1.0,1.0,0.0
2025-26,203924,Jerami Grant,1610612757,POR,31.0,26,30.4,3.42,1.96,1.46,1.58,0.0,0.23,0.54,0.46,0.23,0.69,0.667,0.333,0.04,0.42,0.46,0.46,0.19,0.083,0.917,1.0,0.417
2025-26,1642847,Jeremiah Fears,1610612740,NOP,19.0,29,27.2,2.48,1.07,1.41,2.69,0.03,0.03,0.1,0.21,0.34,0.55,0.375,0.625,0.07,0.31,0.38,0.38,0.17,0.182,0.818,1.0,0.455
2025-26,1630526,Jeremiah Robinson-Earl,1610612754,IND,25.0,16,18.5,3.69,1.88,1.81,0.5,0.0,0.19,0.44,0.38,0.06,0.44,0.857,0.143,0.25,0.38,0.63,0.63,0.38,0.4,0.6,1.0,0.6
2025-26,1631110,Jeremy Sochan,1610612759,SAS,22.0,18,16.2,3.22,2.67,0.56,1.33,0.0,1.72,3.83,0.28,0.11,0.39,0.714,0.286,0.39,0.17,0.56,0.5,0.28,0.7,0.3,0.9,0.5
2025-26,1630579,Jericho Sims,1610612749,MIL,27.0,21,16.1,2.71,1.71,1.0,0.52,0.0,1.48,3.33,0.19,0.24,0.43,0.444,0.556,0.52,1.05,1.57,1.57,1.1,0.333,0.667,1.0,0.697
2025-26,1641724,Jett Howard,1610612753,ORL,22.0,14,14.2,1.93,1.43,0.5,0.57,0.0,0.14,0.29,0.36,0.21,0.57,0.625,0.375,0.0,0.21,0.21,0.21,0.14,0.0,1.0,1.0,0.667
2025-26,1628975,Jevon Carter,1610612741,CHI,30.0,12,14.3,1.83,0.58,1.25,2.0,0.0,0.0,0.0,0.0,0.17,0.17,0.0,1.0,0.0,0.0,0.0,0.0,0.0,0.0,0.0,0.0,0.0
2025-26,202710,Jimmy Butler III,1610612744,GSW,36.0,25,31.4,2.52,1.12,1.4,2.6,0.04,0.88,2.32,0.52,0.28,0.8,0.65,0.35,0.24,0.44,0.68,0.68,0.4,0.353,0.647,1.0,0.588
2025-26,1642866,Joan Beringer,1610612750,MIN,19.0,7,5.1,1.43,1.14,0.29,0.29,0.0,0.43,1.0,0.0,0.0,0.0,0.0,0.0,0.0,0.71,0.71,0.71,0.43,0.0,1.0,1.0,0.6
2025-26,1629111,Jock Landale,1610612763,MEM,30.0,28,22.2,4.18,3.61,0.57,1.18,0.04,2.75,6.64,0.21,0.25,0.46,0.462,0.538,1.0,1.36,2.36,2.36,1.64,0.424,0.576,1.0,0.697
2025-26,204060,Joe Ingles,1610612750,MIN,38.0,2,7.7,1.5,1.0,0.5,0.5,0.0,0.0,0.0,0.0,0.0,0.0,0.0,0.0,0.0,0.0,0.0,0.0,0.0,0.0,0.0,0.0,0.0
2025-26,203954,Joel Embiid,1610612755,PHI,31.0,11,26.1,7.27,5.73,1.55,0.91,0.0,2.91,7.18,0.45,0.09,0.55,0.833,0.167,0.27,0.91,1.18,1.18,0.91,0.231,0.769,1.0,0.769
2025-26,1628381,John Collins,1610612746,LAC,28.0,28,27.1,5.82,3.11,2.71,1.82,0.0,0.61,1.5,0.14,0.36,0.5,0.286,0.714,0.29,0.29,0.57,0.57,0.39,0.5,0.5,1.0,0.688
2025-26,1629723,John Konchar,1610612763,MEM,29.0,19,14.1,2.11,1.16,0.95,2.37,0.0,0.26,0.58,0.37,0.47,0.84,0.438,0.563,0.0,0.11,0.11,0.11,0.05,0.0,1.0,1.0,0.5
2025-26,1641780,Johni Broome,1610612755,PHI,23.0,5,7.6,3.4,2.8,0.6,0.6,0.0,0.4,0.8,0.2,0.0,0.2,1.0,0.0,0.8,0.0,0.8,0.8,0.6,1.0,0.0,1.0,0.75
2025-26,1642277,Johnny Furphy,1610612754,IND,21.0,8,15.1,2.5,2.0,0.5,0.5,0.0,0.0,0.0,0.38,0.38,0.75,0.5,0.5,0.13,0.13,0.25,0.25,0.25,0.5,0.5,1.0,1.0
2025-26,1630548,Johnny Juzang,1610612750,MIN,24.0,4,3.6,0.5,0.0,0.5,0.25,0.0,0.25,0.75,0.25,0.0,0.25,1.0,0.0,0.0,0.0,0.0,0.0,0.0,0.0,0.0,0.0,0.0
2025-26,202685,Jonas Valančiūnas,1610612743,DEN,33.0,27,12.9,3.93,3.41,0.52,0.19,0.0,1.48,3.44,0.07,0.15,0.22,0.333,0.667,0.52,0.78,1.3,1.22,0.93,0.4,0.6,0.943,0.714
2025-26,1628371,Jonathan Isaac,1610612753,ORL,28.0,22,11.0,2.82,2.05,0.77,1.32,0.0,0.18,0.5,0.0,0.05,0.05,0.0,1.0,0.32,0.41,0.73,0.73,0.32,0.438,0.563,1.0,0.438
2025-26,1630228,Jonathan Kuminga,1610612744,GSW,23.0,18,24.8,4.11,2.44,1.67,1.67,0.0,0.44,1.06,0.33,0.33,0.67,0.5,0.5,0.22,0.39,0.61,0.61,0.56,0.364,0.636,1.0,0.909
2025-26,1642367,Jonathan Mogbo,1610612761,TOR,24.0,8,5.5,1.5,1.13,0.38,0.88,0.0,0.63,1.38,0.0,0.13,0.13,0.0,1.0,0.25,0.0,0.25,0.25,0.25,1.0,0.0,1.0,1.0
2025-26,203903,Jordan Clarkson,1610612752,NYK,33.0,27,20.0,2.41,1.44,0.96,0.96,0.0,0.04,0.11,0.37,0.15,0.52,0.714,0.286,0.0,0.33,0.33,0.33,0.04,0.0,1.0,1.0,0.111
2025-26,1630692,Jordan Goodwin,1610612756,PHX,27.0,25,21.0,2.4,1.12,1.28,3.04,0.0,0.32,0.76,0.32,0.4,0.72,0.444,0.556,0.2,0.4,0.6,0.6,0.36,0.333,0.667,1.0,0.6
2025-26,1641722,Jordan Hawkins,1610612740,NOP,23.0,18,16.1,1.67,0.78,0.89,0.33,0.06,0.11,0.22,0.22,0.11,0.33,0.667,0.333,0.0,0.11,0.11,0.11,0.06,0.0,1.0,1.0,0.5
2025-26,1629162,Jordan McLaughlin,1610612759,SAS,29.0,10,8.6,0.9,0.7,0.2,1.4,0.0,0.3,0.6,0.1,0.0,0.1,1.0,0.0,0.0,0.1,0.1,0.1,0.0,0.0,1.0,1.0,0.0
2025-26,1641757,Jordan Miller,1610612746,LAC,25.0,7,14.2,2.43,0.86,1.57,0.57,0.0,0.0,0.0,0.0,0.14,0.14,0.0,1.0,0.14,0.14,0.29,0.29,0.29,0.5,0.5,1.0,1.0
2025-26,1629673,Jordan Poole,1610612740,NOP,26.0,11,29.2,3.27,0.73,2.55,1.91,0.18,0.18,0.45,0.09,0.18,0.27,0.333,0.667,0.0,0.09,0.09,0.09,0.09,0.0,1.0,1.0,1.0
2025-26,1641775,Jordan Walsh,1610612738,BOS,21.0,22,22.3,3.91,2.27,1.64,2.36,0.0,0.77,1.95,0.14,0.23,0.36,0.375,0.625,0.23,0.23,0.45,0.41,0.27,0.5,0.5,0.9,0.6
2025-26,1630631,Jose Alvarado,1610612740,NOP,27.0,27,23.3,1.04,0.3,0.74,2.48,0.04,0.19,0.41,0.19,0.33,0.52,0.357,0.643,0.0,0.22,0.22,0.19,0.0,0.0,1.0,0.833,0.0
2025-26,1630581,Josh Giddey,1610612741,CHI,23.0,25,33.6,4.88,1.96,2.92,2.08,0.08,0.04,0.08,0.52,0.32,0.84,0.619,0.381,0.0,0.48,0.48,0.48,0.36,0.0,1.0,1.0,0.75
2025-26,1630182,Josh Green,1610612766,CHA,25.0,4,14.4,2.0,1.0,1.0,1.5,0.0,0.25,0.75,0.0,0.25,0.25,0.0,1.0,0.0,0.25,0.25,0.25,0.0,0.0,1.0,1.0,0.0
2025-26,1628404,Josh Hart,1610612752,NYK,30.0,25,29.9,5.52,2.44,3.08,3.52,0.08,0.72,1.72,0.56,0.72,1.28,0.438,0.563,0.12,0.56,0.68,0.68,0.48,0.176,0.824,1.0,0.706
2025-26,1631169,Josh Minott,1610612738,BOS,23.0,27,18.5,3.74,2.15,1.59,2.04,0.0,0.52,1.3,0.44,0.19,0.63,0.706,0.294,0.04,0.3,0.37,0.33,0.15,0.1,0.8,1.0,0.444
2025-26,1629006,Josh Okogie,1610612745,HOU,27.0,25,21.8,2.28,1.28,1.0,2.36,0.04,0.2,0.44,0.48,0.4,0.88,0.545,0.455,0.0,0.2,0.2,0.2,0.08,0.0,1.0,1.0,0.4
2025-26,201950,Jrue Holiday,1610612757,POR,35.0,12,33.4,2.83,1.25,1.58,2.92,0.0,0.17,0.33,0.33,0.67,1.0,0.333,0.667,0.0,0.5,0.5,0.5,0.17,0.0,1.0,1.0,0.333
2025-26,1630577,Julian Champagnie,1610612759,SAS,24.0,27,28.2,4.63,2.78,1.85,1.7,0.0,0.52,1.15,0.22,0.74,0.96,0.231,0.769,0.07,0.41,0.48,0.48,0.37,0.154,0.846,1.0,0.769
2025-26,1641763,Julian Phillips,1610612741,CHI,22.0,19,11.1,1.47,0.84,0.63,1.0,0.05,0.26,0.58,0.05,0.05,0.11,0.5,0.5,0.0,0.32,0.32,0.32,0.11,0.0,1.0,1.0,0.333
2025-26,1631124,Julian Strawther,1610612743,DEN,23.0,6,8.9,0.83,0.83,0.0,0.5,0.0,0.0,0.0,0.17,0.0,0.17,1.0,0.0,0.0,0.0,0.0,0.0,0.0,0.0,0.0,0.0,0.0
2025-26,203944,Julius Randle,1610612750,MIN,31.0,28,33.8,4.64,2.61,2.04,1.93,0.0,0.61,1.61,0.39,0.21,0.61,0.647,0.353,0.32,0.89,1.21,1.21,0.96,0.265,0.735,1.0,0.794
2025-26,1630551,Justin Champagnie,1610612764,WAS,24.0,21,16.5,3.05,1.86,1.19,1.43,0.0,0.14,0.38,0.38,0.24,0.62,0.615,0.385,0.0,0.29,0.29,0.29,0.29,0.0,1.0,1.0,1.0
2025-26,1642348,Justin Edwards,1610612755,PHI,22.0,22,18.1,1.68,0.82,0.86,1.45,0.0,0.27,0.64,0.09,0.18,0.27,0.333,0.667,0.0,0.23,0.23,0.23,0.14,0.0,1.0,1.0,0.6
2025-26,203994,Jusuf Nurkić,1610612762,UTA,31.0,25,24.4,5.72,3.76,1.96,2.8,0.0,4.52,10.8,0.28,0.12,0.4,0.7,0.3,1.28,2.4,3.68,3.64,2.52,0.348,0.652,0.989,0.685
2025-26,1642354,KJ Simpson,1610612766,CHA,23.0,12,18.0,1.75,1.0,0.75,2.17,0.08,0.33,0.83,0.08,0.33,0.42,0.2,0.8,0.0,0.17,0.17,0.17,0.0,0.0,1.0,1.0,0.0
2025-26,1626157,Karl-Anthony Towns,1610612752,NYK,30.0,25,33.3,6.96,4.84,2.12,1.96,0.0,2.28,5.24,0.44,0.24,0.68,0.647,0.353,0.96,1.52,2.48,2.48,2.0,0.387,0.613,1.0,0.806
2025-26,1631255,Karlo Matković,1610612740,NOP,24.0,19,11.5,3.89,2.84,1.05,0.63,0.05,1.05,2.58,0.16,0.05,0.21,0.75,0.25,0.0,0.47,0.47,0.47,0.16,0.0,1.0,1.0,0.333
2025-26,1642857,Kasparas Jakučionis,1610612748,MIA,19.0,3,14.7,2.0,0.67,1.33,1.33,0.33,0.0,0.0,0.0,0.0,0.0,0.0,0.0,0.0,0.0,0.0,0.0,0.0,0.0,0.0,0.0,0.0
2025-26,202695,Kawhi Leonard,1610612746,LAC,34.0,18,33.1,3.89,1.89,2.0,3.39,0.0,0.33,0.83,0.5,0.56,1.06,0.474,0.526,0.06,0.56,0.61,0.61,0.28,0.091,0.909,1.0,0.455
2025-26,1630811,Keaton Wallace,1610612737,ATL,26.0,25,13.8,2.04,0.92,1.12,1.24,0.0,0.2,0.44,0.12,0.32,0.44,0.273,0.727,0.04,0.32,0.36,0.28,0.08,0.111,0.889,0.778,0.222
2025-26,1631099,Keegan Murray,1610612758,SAC,25.0,13,37.6,8.23,6.23,2.0,2.85,0.0,0.54,1.23,0.15,0.38,0.54,0.286,0.714,0.23,0.85,1.08,1.0,0.77,0.214,0.786,0.929,0.714
2025-26,1642276,Kel'el Ware,1610612748,MIA,21.0,28,24.3,7.07,5.0,2.07,1.46,0.0,1.04,2.29,0.43,0.29,0.71,0.6,0.4,0.5,1.57,2.07,2.0,1.79,0.241,0.759,0.966,0.862
2025-26,1629640,Keldon Johnson,1610612759,SAS,26.0,27,23.2,2.85,1.85,1.0,1.15,0.0,0.22,0.52,0.37,0.37,0.74,0.5,0.5,0.67,0.41,1.07,1.07,0.85,0.621,0.379,1.0,0.793
2025-26,203482,Kelly Olynyk,1610612759,SAS,34.0,15,11.0,3.13,1.67,1.47,0.93,0.07,0.67,1.73,0.13,0.07,0.2,0.667,0.333,0.07,0.27,0.33,0.33,0.2,0.2,0.8,1.0,0.6
2025-26,1626162,Kelly Oubre Jr.,1610612755,PHI,30.0,12,34.8,4.17,2.75,1.42,4.25,0.0,0.42,1.17,0.42,0.08,0.5,0.833,0.167,0.0,0.42,0.42,0.42,0.25,0.0,1.0,1.0,0.6
2025-26,1629026,Kenrich Williams,1610612760,OKC,31.0,7,15.8,0.71,0.43,0.29,2.0,0.0,0.86,1.86,0.0,0.0,0.0,0.0,0.0,0.0,0.71,0.71,0.71,0.43,0.0,1.0,1.0,0.6
2025-26,203484,Kentavious Caldwell-Pope,1610612763,MEM,32.0,28,22.2,1.43,0.64,0.79,1.43,0.0,0.0,0.0,0.43,0.14,0.57,0.75,0.25,0.04,0.07,0.11,0.11,0.07,0.333,0.667,1.0,0.667
2025-26,1631165,Keon Ellis,1610612758,SAC,25.0,25,17.5,2.24,1.0,1.24,2.8,0.0,0.36,0.72,0.08,0.16,0.24,0.333,0.667,0.0,0.04,0.04,0.04,0.0,0.0,1.0,1.0,0.0
2025-26,1642352,Keshad Johnson,1610612748,MIA,24.0,9,12.9,2.22,1.89,0.33,0.89,0.0,0.44,1.0,0.0,0.0,0.0,0.0,0.0,0.11,0.44,0.56,0.56,0.33,0.2,0.8,1.0,0.6
2025-26,201142,Kevin Durant,1610612745,HOU,37.0,23,36.3,5.57,2.83,2.74,1.61,0.0,0.39,0.87,0.22,0.22,0.43,0.5,0.5,0.0,0.3,0.3,0.3,0.17,0.0,1.0,1.0,0.571
2025-26,1628989,Kevin Huerter,1610612741,CHI,27.0,22,24.0,3.64,2.14,1.5,2.05,0.0,0.41,0.91,0.05,0.36,0.41,0.111,0.889,0.0,0.36,0.36,0.36,0.14,0.0,1.0,1.0,0.375
2025-26,201567,Kevin Love,1610612762,UTA,37.0,16,16.8,2.5,1.5,1.0,0.94,0.06,1.13,2.63,0.31,0.38,0.69,0.455,0.545,0.31,1.19,1.5,1.44,0.69,0.208,0.792,0.958,0.458
2025-26,1641755,Kevin McCullar Jr.,1610612752,NYK,24.0,1,0.0,1.0,0.0,1.0,0.0,0.0,0.0,0.0,0.0,0.0,0.0,0.0,0.0,0.0,0.0,0.0,0.0,0.0,0.0,0.0,0.0,0.0
2025-26,1629645,Kevin Porter Jr.,1610612749,MIL,25.0,9,30.6,4.89,1.78,3.11,4.33,0.0,0.0,0.0,0.44,0.89,1.33,0.333,0.667,0.0,0.22,0.22,0.22,0.0,0.0,1.0,1.0,0.0
2025-26,1626172,Kevon Looney,1610612740,NOP,29.0,12,12.9,4.25,2.67,1.58,0.75,0.0,1.58,4.0,0.17,0.08,0.25,0.667,0.333,0.42,0.75,1.17,1.17,0.67,0.357,0.643,1.0,0.571
2025-26,1641718,Keyonte George,1610612762,UTA,22.0,27,34.2,3.26,1.26,2.0,1.41,0.07,0.33,0.85,0.26,0.37,0.63,0.412,0.588,0.04,0.44,0.48,0.48,0.19,0.077,0.923,1.0,0.385
2025-26,1642863,Khaman Maluach,1610612756,PHX,19.0,11,5.3,2.0,1.09,0.91,0.18,0.0,0.45,1.18,0.09,0.0,0.09,1.0,0.0,0.09,0.0,0.09,0.09,0.09,1.0,0.0,1.0,1.0
2025-26,203114,Khris Middleton,1610612764,WAS,34.0,17,25.6,2.94,1.59,1.35,2.53,0.12,0.12,0.24,0.12,0.18,0.29,0.4,0.6,0.24,0.71,0.94,0.88,0.53,0.25,0.75,0.938,0.563
2025-26,202691,Klay Thompson,1610612742,DAL,35.0,26,21.3,2.73,1.65,1.08,0.54,0.0,0.35,0.77,0.12,0.23,0.35,0.333,0.667,0.0,0.12,0.12,0.12,0.04,0.0,1.0,1.0,0.333
2025-26,1641738,Kobe Brown,1610612746,LAC,25.0,15,12.6,1.73,1.13,0.6,1.13,0.07,0.27,0.67,0.27,0.2,0.47,0.571,0.429,0.07,0.4,0.47,0.47,0.27,0.143,0.857,1.0,0.571
2025-26,1642920,Kobe Sanders,1610612746,LAC,23.0,20,19.4,3.65,2.3,1.35,1.25,0.05,0.2,0.45,0.15,0.25,0.4,0.375,0.625,0.05,0.35,0.4,0.35,0.1,0.125,0.875,1.0,0.286
2025-26,1642886,Koby Brea,1610612756,PHX,23.0,2,3.9,1.0,0.5,0.5,0.5,0.0,0.0,0.0,0.0,0.0,0.0,0.0,0.0,0.0,0.0,0.0,0.0,0.0,0.0,0.0,0.0,0.0
2025-26,1642851,Kon Knueppel,1610612766,CHA,20.0,28,34.0,5.14,3.25,1.89,1.89,0.04,0.5,1.14,0.61,0.14,0.75,0.81,0.19,0.0,0.5,0.5,0.46,0.07,0.0,1.0,0.929,0.143
2025-26,1627739,Kris Dunn,1610612746,LAC,31.0,28,26.7,3.25,1.36,1.89,3.75,0.0,0.61,1.36,0.11,0.29,0.39,0.273,0.727,0.04,0.18,0.21,0.21,0.07,0.167,0.833,1.0,0.333
2025-26,1631200,Kris Murray,1610612757,POR,25.0,26,25.1,3.46,2.54,0.92,2.23,0.04,0.38,0.88,0.19,0.38,0.58,0.333,0.667,0.54,0.77,1.31,1.27,0.65,0.412,0.588,0.971,0.5
2025-26,204001,Kristaps Porziņģis,1610612737,ATL,30.0,13,25.9,10.77,8.31,2.46,1.54,0.0,1.92,4.15,0.23,0.08,0.31,0.75,0.25,0.31,1.31,1.62,1.62,1.0,0.19,0.81,1.0,0.619
2025-26,203937,Kyle Anderson,1610612762,UTA,32.0,9,17.9,2.11,1.22,0.89,2.44,0.0,1.33,3.11,0.0,0.11,0.11,0.0,1.0,0.22,0.33,0.56,0.56,0.33,0.4,0.6,1.0,0.6
2025-26,1642271,Kyle Filipowski,1610612762,UTA,22.0,26,23.2,6.0,3.54,2.46,1.31,0.08,0.73,1.77,0.27,0.12,0.38,0.7,0.3,0.19,0.81,1.0,1.0,0.58,0.192,0.808,1.0,0.577
2025-26,1628398,Kyle Kuzma,1610612749,MIL,30.0,26,26.2,4.12,2.77,1.35,0.88,0.0,0.46,1.12,0.08,0.12,0.19,0.4,0.6,0.08,0.65,0.73,0.73,0.42,0.105,0.895,1.0,0.579
2025-26,200768,Kyle Lowry,1610612755,PHI,39.0,3,9.7,0.67,0.67,0.0,0.0,0.0,0.67,1.67,0.0,0.0,0.0,0.0,0.0,0.0,0.0,0.0,0.0,0.0,0.0,0.0,0.0,0.0
2025-26,1642273,Kyshawn George,1610612764,WAS,22.0,24,31.9,6.83,4.04,2.79,2.75,0.17,0.58,1.38,0.33,0.33,0.67,0.5,0.5,0.04,0.63,0.67,0.63,0.21,0.063,0.938,0.938,0.313
2025-26,1630163,LaMelo Ball,1610612766,CHA,24.0,16,30.1,2.19,1.25,0.94,1.94,0.0,0.44,1.13,0.31,0.31,0.63,0.5,0.5,0.0,0.31,0.31,0.31,0.25,0.0,1.0,1.0,0.8
2025-26,1642950,Lachlan Olbrich,1610612741,CHI,21.0,3,10.0,1.67,1.0,0.67,0.0,0.0,1.0,2.0,0.33,0.0,0.33,1.0,0.0,0.0,0.67,0.67,0.67,0.33,0.0,1.0,1.0,0.5
2025-26,1629013,Landry Shamet,1610612752,NYK,28.0,14,22.2,4.43,2.14,2.29,1.86,0.0,0.71,1.64,0.14,0.07,0.21,0.667,0.333,0.0,0.43,0.43,0.43,0.14,0.0,1.0,1.0,0.333
2025-26,1626204,Larry Nance Jr.,1610612739,CLE,32.0,15,15.7,1.87,1.13,0.73,1.73,0.07,0.67,1.53,0.33,0.07,0.4,0.833,0.167,0.2,0.33,0.53,0.53,0.27,0.375,0.625,1.0,0.5
2025-26,1628374,Lauri Markkanen,1610612762,UTA,28.0,24,35.3,6.04,4.33,1.71,1.92,0.0,1.17,2.88,0.29,0.33,0.63,0.467,0.533,0.13,0.58,0.71,0.71,0.5,0.176,0.824,1.0,0.706
2025-26,2544,LeBron James,1610612747,LAL,40.0,11,34.0,2.64,1.36,1.27,1.36,0.0,0.27,0.55,0.09,0.45,0.55,0.167,0.833,0.0,0.55,0.55,0.55,0.36,0.0,1.0,1.0,0.667
2025-26,1631159,Leonard Miller,1610612750,MIN,22.0,5,5.6,1.2,0.8,0.4,1.0,0.0,0.0,0.0,0.2,0.0,0.2,1.0,0.0,0.0,0.2,0.2,0.2,0.0,0.0,1.0,1.0,0.0
2025-26,1642862,Liam McNeeley,1610612766,CHA,20.0,16,14.2,2.75,1.63,1.13,0.25,0.0,0.19,0.38,0.13,0.06,0.19,0.667,0.333,0.06,0.25,0.31,0.31,0.13,0.2,0.8,1.0,0.4
2025-26,1630322,Lindy Waters III,1610612759,SAS,28.0,11,8.3,1.0,0.27,0.73,0.36,0.0,0.45,0.91,0.09,0.09,0.18,0.5,0.5,0.0,0.45,0.45,0.45,0.18,0.0,1.0,1.0,0.4
2025-26,1628366,Lonzo Ball,1610612739,CLE,28.0,22,23.9,3.27,1.68,1.59,2.68,0.0,0.59,1.41,0.23,0.41,0.64,0.357,0.643,0.23,0.55,0.77,0.77,0.59,0.294,0.706,1.0,0.765
2025-26,1629652,Luguentz Dort,1610612760,OKC,26.0,19,27.7,4.32,1.47,2.84,1.47,0.05,0.74,1.74,0.21,0.11,0.32,0.667,0.333,0.16,0.32,0.47,0.47,0.32,0.333,0.667,1.0,0.667
2025-26,1629029,Luka Dončić,1610612747,LAL,26.0,21,36.6,3.95,1.67,2.29,3.0,0.29,0.1,0.19,0.33,0.52,0.86,0.389,0.611,0.05,0.14,0.19,0.19,0.14,0.25,0.75,1.0,0.75
2025-26,1630568,Luka Garza,1610612738,BOS,26.0,20,13.7,4.35,3.6,0.75,1.0,0.1,2.05,4.85,0.4,0.05,0.45,0.889,0.111,0.8,1.05,1.85,1.85,0.85,0.432,0.568,1.0,0.459
2025-26,1628379,Luke Kennard,1610612737,ATL,29.0,26,20.5,2.12,1.0,1.12,1.31,0.0,0.35,0.85,0.12,0.04,0.15,0.75,0.25,0.04,0.27,0.31,0.31,0.12,0.125,0.875,1.0,0.375
2025-26,1628436,Luke Kornet,1610612759,SAS,30.0,19,24.9,10.11,8.37,1.74,0.95,0.05,4.68,10.89,0.11,0.05,0.16,0.667,0.333,1.0,0.84,1.84,1.84,1.58,0.543,0.457,1.0,0.857
2025-26,1631247,Luke Travers,1610612739,CLE,24.0,10,9.4,1.7,1.3,0.4,1.1,0.0,0.2,0.5,0.2,0.1,0.3,0.667,0.333,0.0,0.0,0.0,0.0,0.0,0.0,0.0,0.0,0.0
2025-26,1630644,Mac McClung,1610612754,IND,26.0,2,15.8,3.5,2.5,1.0,2.0,0.0,0.0,0.0,0.0,0.5,0.5,0.0,1.0,0.0,0.0,0.0,0.0,0.0,0.0,0.0,0.0,0.0
2025-26,1631103,Malaki Branham,1610612764,WAS,22.0,8,9.5,1.75,1.0,0.75,0.38,0.0,0.25,0.75,0.25,0.13,0.38,0.667,0.333,0.0,0.0,0.0,0.0,0.0,0.0,0.0,0.0,0.0
2025-26,1628370,Malik Monk,1610612758,SAC,27.0,23,23.9,2.48,1.43,1.04,1.35,0.04,0.48,1.04,0.22,0.22,0.43,0.5,0.5,0.04,0.13,0.17,0.13,0.0,0.25,0.75,1.0,0.0
2025-26,1631204,Marcus Sasser,1610612765,DET,25.0,2,6.0,0.5,0.0,0.5,1.0,0.0,0.0,0.0,0.0,0.0,0.0,0.0,0.0,0.0,0.0,0.0,0.0,0.0,0.0,0.0,0.0,0.0
2025-26,203935,Marcus Smart,1610612747,LAL,31.0,18,27.4,3.06,1.33,1.72,3.11,0.39,0.67,1.61,0.28,0.28,0.56,0.5,0.5,0.0,0.44,0.44,0.44,0.22,0.0,1.0,1.0,0.5
2025-26,1641813,Mark Sears,1610612749,MIL,23.0,4,4.9,1.0,0.5,0.5,0.5,0.0,0.0,0.0,0.25,0.0,0.25,1.0,0.0,0.0,0.0,0.0,0.0,0.0,0.0,0.0,0.0,0.0
2025-26,1631109,Mark Williams,1610612756,PHX,24.0,24,24.5,8.63,5.83,2.79,2.63,0.0,2.71,6.25,0.25,0.29,0.54,0.462,0.538,0.33,1.21,1.54,1.5,1.08,0.216,0.784,0.973,0.703
2025-26,1628963,Marvin Bagley III,1610612764,WAS,26.0,22,19.4,4.86,3.23,1.64,0.91,0.23,3.23,7.77,0.41,0.09,0.5,0.818,0.182,0.41,0.64,1.05,1.05,0.95,0.391,0.609,1.0,0.913
2025-26,203486,Mason Plumlee,1610612766,CHA,35.0,12,9.3,2.67,1.83,0.83,0.5,0.08,1.17,2.58,0.25,0.0,0.25,1.0,0.0,0.25,0.33,0.58,0.58,0.5,0.429,0.571,1.0,0.857
2025-26,1641824,Matas Buzelis,1610612741,CHI,21.0,27,28.1,7.7,5.0,2.7,1.33,0.04,0.41,1.04,0.22,0.26,0.48,0.462,0.538,0.07,0.22,0.3,0.26,0.22,0.25,0.75,0.875,0.75
2025-26,1629680,Matisse Thybulle,1610612757,POR,28.0,4,12.2,0.75,0.5,0.25,4.75,0.25,0.25,0.5,0.0,0.25,0.25,0.0,1.0,0.0,0.0,0.0,0.0,0.0,0.0,0.0,0.0,0.0
2025-26,1631108,Max Christie,1610612742,DAL,22.0,29,28.2,4.28,2.69,1.59,0.86,0.0,0.9,1.9,0.03,0.17,0.21,0.167,0.833,0.0,0.14,0.14,0.14,0.1,0.0,1.0,1.0,0.75
2025-26,1628467,Maxi Kleber,1610612747,LAL,33.0,12,13.0,3.67,2.67,1.0,0.83,0.0,0.83,1.92,0.08,0.08,0.17,0.5,0.5,0.17,0.42,0.58,0.58,0.17,0.286,0.714,1.0,0.286
2025-26,1642875,Maxime Raynaud,1610612758,SAC,22.0,20,20.0,5.55,3.95,1.6,0.75,0.0,2.6,6.0,0.2,0.15,0.35,0.571,0.429,0.4,1.0,1.4,1.4,1.15,0.286,0.714,1.0,0.821
2025-26,1642877,Micah Peavy,1610612740,NOP,24.0,22,16.5,1.95,0.95,1.0,1.45,0.0,0.14,0.32,0.18,0.23,0.41,0.444,0.556,0.14,0.41,0.55,0.5,0.32,0.25,0.75,1.0,0.636
2025-26,1629008,Michael Porter Jr.,1610612751,BKN,27.0,22,32.7,2.59,1.64,0.95,1.95,0.0,0.82,1.91,0.23,0.36,0.59,0.385,0.615,0.27,0.45,0.73,0.73,0.59,0.375,0.625,1.0,0.813
2025-26,1628969,Mikal Bridges,1610612752,NYK,29.0,27,34.9,5.33,3.41,1.93,2.74,0.04,0.3,0.67,0.26,0.19,0.44,0.583,0.417,0.0,0.59,0.59,0.59,0.19,0.0,1.0,1.0,0.313
2025-26,201144,Mike Conley,1610612750,MIN,38.0,23,19.4,2.43,1.3,1.13,0.96,0.0,0.35,0.87,0.22,0.17,0.39,0.556,0.444,0.0,0.09,0.09,0.09,0.0,0.0,1.0,1.0,0.0
2025-26,1628970,Miles Bridges,1610612766,CHA,27.0,28,34.6,6.39,3.46,2.93,1.5,0.0,0.54,1.43,0.29,0.18,0.46,0.615,0.385,0.14,0.5,0.64,0.64,0.36,0.222,0.778,1.0,0.556
2025-26,1642939,Miles Kelly,1610612742,DAL,22.0,1,9.1,1.0,0.0,1.0,0.0,0.0,0.0,0.0,0.0,0.0,0.0,0.0,0.0,0.0,1.0,1.0,1.0,1.0,0.0,1.0,1.0,1.0
2025-26,1630540,Miles McBride,1610612752,NYK,25.0,20,27.0,3.75,2.2,1.55,1.35,0.0,0.65,1.55,0.35,0.2,0.55,0.636,0.364,0.0,0.25,0.25,0.2,0.0,0.0,1.0,0.8,0.0
2025-26,1629011,Mitchell Robinson,1610612752,NYK,27.0,18,17.9,4.06,2.39,1.67,1.72,0.0,2.5,5.44,0.61,0.22,0.83,0.733,0.267,1.89,1.33,3.22,3.22,2.67,0.586,0.414,1.0,0.828
2025-26,1642885,Mohamed Diawara,1610612752,NYK,20.0,11,5.8,1.55,0.91,0.64,0.36,0.0,0.18,0.45,0.09,0.0,0.09,1.0,0.0,0.18,0.09,0.27,0.27,0.09,0.667,0.333,1.0,0.333
2025-26,1628420,Monte Morris,1610612754,IND,30.0,5,12.5,1.6,0.6,1.0,1.0,0.0,0.0,0.0,0.2,0.0,0.2,1.0,0.0,0.0,0.0,0.0,0.0,0.0,0.0,0.0,0.0,0.0
2025-26,1630541,Moses Moody,1610612744,GSW,23.0,26,24.6,3.27,2.35,0.92,2.62,0.12,0.12,0.23,0.35,0.38,0.73,0.474,0.526,0.04,0.38,0.42,0.42,0.15,0.091,0.909,1.0,0.364
2025-26,1631243,Mouhamed Gueye,1610612737,ATL,23.0,29,16.6,4.24,2.55,1.69,1.66,0.0,0.52,1.28,0.21,0.28,0.48,0.429,0.571,0.1,0.83,0.93,0.93,0.38,0.111,0.889,1.0,0.407
2025-26,1630619,Moussa Cisse,1610612742,DAL,23.0,18,10.8,4.28,3.28,1.0,0.89,0.0,1.28,2.89,0.17,0.22,0.39,0.429,0.571,0.44,0.56,1.0,1.0,0.72,0.444,0.556,1.0,0.722
2025-26,1631217,Moussa Diabaté,1610612766,CHA,23.0,27,21.7,5.81,3.89,1.93,1.26,0.0,1.63,3.7,0.52,0.19,0.7,0.737,0.263,1.26,1.22,2.48,2.44,1.74,0.507,0.493,0.985,0.701
2025-26,1626167,Myles Turner,1610612749,MIL,29.0,28,28.6,8.0,6.11,1.89,1.79,0.0,2.18,5.46,0.11,0.14,0.25,0.429,0.571,0.29,1.29,1.57,1.57,0.93,0.182,0.818,1.0,0.591
2025-26,1642066,Myron Gardner,1610612748,MIA,24.0,2,10.7,1.5,0.5,1.0,2.5,0.0,0.0,0.0,0.0,0.0,0.0,0.0,0.0,0.0,0.0,0.0,0.0,0.0,0.0,0.0,0.0,0.0
2025-26,1642368,N'Faly Dante,1610612737,ATL,24.0,4,3.9,1.0,1.0,0.0,0.5,0.0,0.25,0.75,0.0,0.0,0.0,0.0,0.0,0.0,0.25,0.25,0.25,0.25,0.0,1.0,1.0,1.0
2025-26,1641772,Nae'Qwan Tomlin,1610612739,CLE,25.0,19,17.0,2.84,1.63,1.21,2.32,0.0,0.58,1.37,0.21,0.16,0.37,0.571,0.429,0.26,0.26,0.53,0.53,0.37,0.5,0.5,1.0,0.7
2025-26,1630230,Naji Marshall,1610612742,DAL,27.0,29,28.4,3.62,1.93,1.69,1.69,0.0,0.28,0.62,0.21,0.38,0.59,0.353,0.647,0.07,0.55,0.62,0.62,0.38,0.111,0.889,1.0,0.611
2025-26,1629675,Naz Reid,1610612750,MIN,26.0,28,26.6,5.82,3.64,2.18,1.89,0.11,0.57,1.46,0.18,0.32,0.5,0.357,0.643,0.11,0.96,1.07,1.04,0.46,0.1,0.9,0.967,0.433
2025-26,1629674,Neemias Queta,1610612738,BOS,26.0,26,24.6,7.38,5.85,1.54,1.62,0.0,3.88,9.65,0.15,0.19,0.35,0.444,0.556,0.65,1.69,2.35,2.35,1.31,0.279,0.721,1.0,0.557
2025-26,1629651,Nic Claxton,1610612751,BKN,26.0,26,30.3,7.46,5.08,2.38,1.69,0.0,4.23,10.46,0.27,0.19,0.46,0.583,0.417,0.92,0.96,1.88,1.85,1.54,0.49,0.51,0.98,0.816
2025-26,1630208,Nick Richards,1610612756,PHX,28.0,24,9.4,2.46,1.83,0.63,0.5,0.0,1.04,2.67,0.04,0.04,0.08,0.5,0.5,0.29,0.42,0.71,0.71,0.63,0.412,0.588,1.0,0.882
2025-26,1641733,Nick Smith Jr.,1610612747,LAL,21.0,11,14.6,1.82,0.73,1.09,0.55,0.0,0.27,0.55,0.09,0.36,0.45,0.2,0.8,0.0,0.0,0.0,0.0,0.0,0.0,0.0,0.0,0.0
2025-26,1629638,Nickeil Alexander-Walker,1610612737,ATL,27.0,27,32.7,3.3,2.33,0.96,2.89,0.11,0.48,1.0,0.44,0.52,0.96,0.462,0.538,0.04,0.59,0.63,0.63,0.19,0.059,0.941,1.0,0.294
2025-26,201587,Nicolas Batum,1610612746,LAC,37.0,26,20.2,3.69,2.12,1.58,1.38,0.0,0.19,0.38,0.15,0.35,0.5,0.308,0.692,0.04,0.19,0.23,0.23,0.12,0.167,0.833,1.0,0.5
2025-26,1628502,Nigel Hayes-Davis,1610612756,PHX,31.0,14,10.9,1.21,1.0,0.21,1.21,0.0,0.43,1.14,0.21,0.14,0.36,0.6,0.4,0.0,0.07,0.07,0.07,0.07,0.0,1.0,1.0,1.0
2025-26,203999,Nikola Jokić,1610612743,DEN,30.0,27,34.8,5.85,4.04,1.81,2.85,0.04,3.78,8.78,0.48,0.33,0.81,0.591,0.409,0.7,1.81,2.52,2.48,1.89,0.279,0.721,0.985,0.75
2025-26,1631107,Nikola Jović,1610612748,MIA,22.0,17,20.3,4.94,2.88,2.06,1.24,0.0,0.29,0.71,0.12,0.06,0.18,0.667,0.333,0.12,0.47,0.59,0.59,0.35,0.2,0.8,1.0,0.6
2025-26,202696,Nikola Vučević,1610612741,CHI,35.0,26,30.1,8.58,5.38,3.19,1.96,0.0,2.62,5.5,0.19,0.15,0.35,0.556,0.444,0.65,1.54,2.19,2.12,1.58,0.298,0.702,0.965,0.719
2025-26,1642363,Nique Clifford,1610612758,SAC,23.0,24,17.3,3.5,2.13,1.38,1.25,0.17,0.21,0.58,0.08,0.13,0.21,0.4,0.6,0.08,0.17,0.25,0.25,0.17,0.333,0.667,1.0,0.667
2025-26,1642855,Noa Essengue,1610612741,CHI,19.0,1,3.9,1.0,1.0,0.0,0.0,0.0,0.0,0.0,0.0,0.0,0.0,0.0,0.0,1.0,0.0,1.0,1.0,0.0,1.0,0.0,1.0,0.0
2025-26,1641730,Noah Clowney,1610612751,BKN,21.0,26,28.0,6.31,4.19,2.12,1.58,0.08,0.31,0.69,0.12,0.35,0.46,0.25,0.75,0.0,0.58,0.58,0.58,0.19,0.0,1.0,1.0,0.333
2025-26,1642869,Noah Penda,1610612753,ORL,20.0,13,11.2,3.31,2.23,1.08,0.92,0.0,0.31,0.69,0.15,0.46,0.62,0.25,0.75,0.46,0.15,0.62,0.62,0.54,0.75,0.25,1.0,0.875
2025-26,1642849,Nolan Traore,1610612751,BKN,19.0,6,8.9,1.17,0.83,0.33,0.33,0.0,0.0,0.0,0.17,0.0,0.17,1.0,0.0,0.0,0.33,0.33,0.33,0.0,0.0,1.0,1.0,0.0
2025-26,1626181,Norman Powell,1610612748,MIA,32.0,23,31.1,2.52,1.22,1.3,2.48,0.0,0.0,0.0,0.17,0.39,0.57,0.308,0.692,0.0,0.48,0.48,0.48,0.39,0.0,1.0,1.0,0.818
2025-26,1628384,OG Anunoby,1610612752,NYK,28.0,18,31.4,6.39,3.72,2.67,2.94,0.17,0.17,0.39,0.39,0.61,1.0,0.389,0.611,0.06,1.06,1.11,1.11,0.5,0.05,0.95,1.0,0.45
2025-26,1630167,Obi Toppin,1610612754,IND,27.0,3,27.4,4.67,2.67,2.0,1.0,0.0,1.33,3.0,0.67,1.0,1.67,0.4,0.6,0.0,0.67,0.67,0.67,0.33,0.0,1.0,1.0,0.5
2025-26,1630534,Ochai Agbaji,1610612761,TOR,25.0,20,16.4,3.55,2.15,1.4,1.45,0.0,0.25,0.6,0.1,0.1,0.2,0.5,0.5,0.0,0.35,0.35,0.35,0.15,0.0,1.0,1.0,0.429
2025-26,1641765,Olivier-Maxence Prosper,1610612763,MEM,23.0,12,12.6,3.5,2.25,1.25,0.33,0.0,0.08,0.17,0.33,0.08,0.42,0.8,0.2,0.08,0.58,0.67,0.67,0.42,0.125,0.875,1.0,0.625
2025-26,1630168,Onyeka Okongwu,1610612737,ATL,25.0,28,31.0,8.18,5.61,2.57,2.68,0.04,2.21,5.21,0.68,0.43,1.11,0.613,0.387,0.29,1.07,1.36,1.32,0.86,0.211,0.789,0.974,0.632
2025-26,1631115,Orlando Robinson,1610612753,ORL,25.0,3,7.2,2.33,2.0,0.33,0.67,0.0,0.33,1.0,0.0,0.0,0.0,0.0,0.0,0.33,0.0,0.33,0.33,0.33,1.0,0.0,1.0,1.0
2025-26,1642345,Oso Ighodaro,1610612756,PHX,23.0,28,18.3,4.32,3.14,1.18,1.96,0.0,2.89,6.93,0.18,0.32,0.5,0.357,0.643,0.25,0.86,1.11,1.11,0.61,0.226,0.774,1.0,0.548
2025-26,1631172,Ousmane Dieng,1610612760,OKC,22.0,16,13.1,3.0,1.81,1.19,0.38,0.0,0.13,0.31,0.13,0.19,0.31,0.4,0.6,0.0,0.25,0.25,0.25,0.13,0.0,1.0,1.0,0.5
2025-26,1629023,P.J. Washington,1610612742,DAL,27.0,24,32.1,7.0,4.33,2.67,2.04,0.04,0.5,1.13,0.29,0.5,0.79,0.368,0.632,0.04,0.83,0.88,0.88,0.67,0.048,0.952,1.0,0.762
2025-26,1641790,PJ Hall,1610612763,MEM,23.0,5,5.2,1.8,1.0,0.8,0.0,0.0,0.2,0.6,0.2,0.2,0.4,0.5,0.5,0.0,0.4,0.4,0.2,0.0,0.0,1.0,1.0,0.0
2025-26,1642359,Pacôme Dadiet,1610612752,NYK,20.0,4,3.5,0.5,0.5,0.0,0.75,0.0,0.0,0.0,0.0,0.5,0.5,0.0,1.0,0.0,0.0,0.0,0.0,0.0,0.0,0.0,0.0,0.0
2025-26,1631094,Paolo Banchero,1610612753,ORL,23.0,18,32.6,6.5,3.83,2.67,0.72,0.0,0.61,1.5,0.5,0.0,0.5,1.0,0.0,0.11,0.33,0.44,0.44,0.33,0.25,0.75,1.0,0.75
2025-26,1627783,Pascal Siakam,1610612754,IND,31.0,27,34.0,6.63,4.37,2.26,2.78,0.0,1.11,2.63,0.44,0.26,0.7,0.632,0.368,0.15,0.89,1.04,1.0,0.56,0.143,0.857,0.964,0.536
2025-26,1626192,Pat Connaughton,1610612766,CHA,32.0,10,11.2,2.0,0.9,1.1,0.7,0.0,0.0,0.0,0.0,0.1,0.1,0.0,1.0,0.1,0.3,0.4,0.4,0.3,0.25,0.75,1.0,0.75
2025-26,1630311,Pat Spencer,1610612744,GSW,29.0,16,18.1,2.0,0.88,1.13,1.63,0.0,0.31,0.81,0.25,0.13,0.38,0.667,0.333,0.0,0.25,0.25,0.25,0.13,0.0,1.0,1.0,0.5
2025-26,1630172,Patrick Williams,1610612741,CHI,24.0,25,20.8,3.12,2.04,1.08,1.68,0.0,0.36,0.76,0.16,0.32,0.48,0.333,0.667,0.04,0.92,0.96,0.96,0.36,0.042,0.958,1.0,0.375
2025-26,202331,Paul George,1610612755,PHI,35.0,11,26.8,5.09,2.82,2.27,3.18,0.18,0.36,0.91,0.36,0.27,0.64,0.571,0.429,0.0,0.82,0.82,0.73,0.55,0.0,1.0,0.889,0.667
2025-26,1630194,Paul Reed,1610612765,DET,26.0,20,11.2,3.7,3.0,0.7,2.0,0.0,1.4,3.35,0.35,0.15,0.5,0.7,0.3,0.1,0.4,0.5,0.5,0.4,0.2,0.8,1.0,0.8
2025-26,1630202,Payton Pritchard,1610612738,BOS,27.0,27,32.5,1.52,0.26,1.26,1.3,0.04,0.3,0.7,0.41,0.41,0.81,0.5,0.5,0.07,0.33,0.44,0.41,0.07,0.167,0.75,1.0,0.182
2025-26,1641796,Pelle Larsson,1610612748,MIA,24.0,24,21.9,4.29,2.67,1.63,1.5,0.25,0.25,0.63,0.08,0.08,0.17,0.5,0.5,0.04,0.42,0.46,0.46,0.29,0.091,0.909,1.0,0.636
2025-26,1631250,Pete Nance,1610612749,MIL,25.0,4,5.4,0.75,0.5,0.25,0.25,0.0,0.5,1.5,0.25,0.0,0.25,1.0,0.0,0.0,0.0,0.0,0.0,0.0,0.0,0.0,0.0,0.0
2025-26,1631212,Peyton Watson,1610612743,DEN,23.0,25,26.2,4.92,3.04,1.88,1.6,0.0,0.52,1.24,0.2,0.48,0.68,0.294,0.706,0.12,0.16,0.28,0.28,0.24,0.429,0.571,1.0,0.857
2025-26,1630173,Precious Achiuwa,1610612758,SAC,26.0,21,19.5,4.62,2.67,1.95,1.33,0.05,0.95,2.19,0.14,0.1,0.24,0.6,0.4,0.62,0.43,1.05,1.05,0.67,0.591,0.409,1.0,0.636
2025-26,1629656,Quentin Grimes,1610612755,PHI,25.0,25,32.2,3.68,1.96,1.72,2.12,0.04,0.2,0.44,0.44,0.2,0.64,0.688,0.313,0.0,0.32,0.32,0.32,0.12,0.0,1.0,1.0,0.375
2025-26,1631245,Quenton Jackson,1610612754,IND,27.0,8,19.1,2.5,0.88,1.63,2.38,0.0,0.25,0.63,0.25,0.5,0.75,0.333,0.667,0.13,0.13,0.25,0.25,0.0,0.5,0.5,1.0,0.0
2025-26,1642366,Quinten Post,1610612744,GSW,25.0,29,18.7,7.55,5.97,1.59,0.93,0.0,1.17,3.0,0.1,0.24,0.34,0.3,0.7,0.28,0.72,1.0,0.97,0.69,0.276,0.724,0.966,0.69
2025-26,1629628,RJ Barrett,1610612761,TOR,25.0,17,30.9,5.0,2.88,2.12,1.71,0.12,0.53,1.41,0.29,0.18,0.47,0.625,0.375,0.12,0.35,0.47,0.47,0.24,0.25,0.75,1.0,0.5
2025-26,1642853,Rasheer Fleming,1610612756,PHX,21.0,12,6.3,0.58,0.42,0.17,0.83,0.0,0.0,0.0,0.17,0.0,0.17,1.0,0.0,0.0,0.25,0.25,0.25,0.08,0.0,1.0,1.0,0.333
2025-26,1642484,RayJ Dennis,1610612746,LAC,24.0,10,15.7,1.1,0.7,0.4,2.1,0.0,0.1,0.2,0.0,0.2,0.2,0.0,1.0,0.0,0.2,0.2,0.2,0.0,0.0,1.0,1.0,0.0
2025-26,1641712,Rayan Rupert,1610612757,POR,21.0,12,10.8,0.83,0.5,0.33,1.08,0.0,0.0,0.0,0.0,0.17,0.17,0.0,1.0,0.0,0.08,0.08,0.08,0.0,0.0,1.0,1.0,0.0
2025-26,1642263,Reed Sheppard,1610612745,HOU,21.0,25,25.5,3.2,1.48,1.72,4.28,0.0,0.08,0.2,0.4,0.36,0.76,0.526,0.474,0.0,0.04,0.04,0.04,0.0,0.0,1.0,1.0,0.0
2025-26,1642434,Riley Minix,1610612759,SAS,25.0,2,3.4,1.0,0.5,0.5,2.0,0.0,0.0,0.0,0.0,0.0,0.0,0.0,0.0,0.0,0.0,0.0,0.0,0.0,0.0,0.0,0.0,0.0
2025-26,1642265,Rob Dillingham,1610612750,MIN,20.0,22,11.4,1.55,0.91,0.64,1.45,0.0,0.09,0.23,0.14,0.18,0.32,0.429,0.571,0.0,0.09,0.09,0.09,0.05,0.0,1.0,1.0,0.5
2025-26,1629057,Robert Williams III,1610612757,POR,28.0,18,15.8,4.22,3.17,1.06,1.28,0.0,1.0,2.06,0.11,0.17,0.28,0.4,0.6,0.28,0.72,1.0,0.89,0.78,0.278,0.722,0.889,0.778
2025-26,1631199,Ron Harper Jr.,1610612738,BOS,25.0,2,4.5,1.5,1.5,0.0,0.5,0.0,0.0,0.0,0.0,0.0,0.0,0.0,0.0,0.0,0.0,0.0,0.0,0.0,0.0,0.0,0.0,0.0
2025-26,1641842,Ronald Holland II,1610612765,DET,20.0,28,21.0,2.21,1.11,1.11,2.43,0.04,0.18,0.46,0.32,0.32,0.64,0.5,0.5,0.0,0.11,0.11,0.11,0.04,0.0,1.0,1.0,0.333
2025-26,1626220,Royce O'Neale,1610612756,PHX,32.0,28,29.6,2.46,0.82,1.64,2.5,0.0,0.5,1.11,0.32,0.21,0.54,0.6,0.4,0.11,0.32,0.43,0.43,0.18,0.25,0.75,1.0,0.417
2025-26,203497,Rudy Gobert,1610612750,MIN,33.0,28,31.3,9.68,7.96,1.71,1.29,0.04,3.93,9.93,0.29,0.04,0.32,0.889,0.111,1.43,1.71,3.14,3.14,2.18,0.455,0.545,1.0,0.693
2025-26,1629060,Rui Hachimura,1610612747,LAL,27.0,25,32.9,3.68,2.36,1.32,1.24,0.04,0.44,0.96,0.24,0.24,0.48,0.5,0.5,0.0,0.8,0.8,0.8,0.32,0.0,1.0,1.0,0.4
2025-26,201566,Russell Westbrook,1610612758,SAC,37.0,28,29.0,1.79,0.79,1.0,2.36,0.0,0.18,0.39,0.5,0.46,0.96,0.519,0.481,0.07,0.14,0.21,0.21,0.21,0.333,0.667,1.0,1.0
2025-26,1642346,Ryan Dunn,1610612756,PHX,22.0,23,22.6,3.91,2.13,1.78,2.57,0.0,0.48,1.09,0.3,0.26,0.57,0.538,0.462,0.13,0.04,0.17,0.17,0.17,0.75,0.25,1.0,1.0
2025-26,1641750,Ryan Kalkbrenner,1610612766,CHA,23.0,26,25.6,11.19,9.31,1.88,1.38,0.04,2.08,4.77,0.15,0.27,0.42,0.364,0.636,0.81,2.08,2.88,2.88,1.62,0.28,0.72,1.0,0.56
2025-26,1642948,Ryan Nembhard,1610612742,DAL,22.0,14,22.8,1.93,1.07,0.86,0.43,0.14,0.07,0.14,0.29,0.43,0.71,0.4,0.6,0.0,0.14,0.14,0.14,0.0,0.0,1.0,1.0,0.0
2025-26,1631157,Ryan Rollins,1610612749,MIL,23.0,28,31.6,4.29,2.25,2.04,5.04,0.07,0.0,0.0,0.25,0.39,0.64,0.389,0.611,0.0,0.25,0.25,0.25,0.11,0.0,1.0,1.0,0.429
2025-26,1630180,Saddiq Bey,1610612740,NOP,26.0,28,29.3,2.5,1.18,1.32,1.43,0.04,0.25,0.61,0.46,0.43,0.89,0.52,0.48,0.18,0.43,0.61,0.61,0.5,0.294,0.706,1.0,0.824
2025-26,1630573,Sam Hauser,1610612738,BOS,28.0,27,22.5,3.3,1.93,1.37,1.26,0.0,0.74,1.89,0.19,0.22,0.41,0.455,0.545,0.0,0.81,0.81,0.81,0.37,0.0,1.0,1.0,0.455
2025-26,1630241,Sam Merrill,1610612739,CLE,29.0,12,25.9,2.67,1.83,0.83,1.17,0.0,0.75,1.75,0.25,0.25,0.5,0.5,0.5,0.0,0.25,0.25,0.25,0.0,0.0,1.0,1.0,0.0
2025-26,1630572,Sandro Mamukelashvili,1610612761,TOR,26.0,28,20.5,6.21,4.21,2.0,1.25,0.0,1.25,2.89,0.14,0.21,0.36,0.4,0.6,0.14,0.61,0.75,0.68,0.18,0.19,0.81,0.905,0.238
2025-26,1630583,Santi Aldama,1610612763,MEM,24.0,28,27.2,5.89,4.0,1.89,1.43,0.07,0.46,1.07,0.29,0.21,0.5,0.571,0.429,0.04,0.57,0.61,0.61,0.39,0.059,0.941,1.0,0.647
2025-26,1630567,Scottie Barnes,1610612761,TOR,24.0,29,33.9,5.86,3.83,2.03,3.55,0.0,0.83,1.93,0.31,0.21,0.52,0.6,0.4,0.38,1.1,1.48,1.45,1.17,0.256,0.744,0.977,0.791
2025-26,203552,Seth Curry,1610612744,GSW,35.0,2,16.0,1.0,0.0,1.0,0.5,0.0,0.0,0.0,0.0,0.0,0.0,0.0,0.0,0.0,0.0,0.0,0.0,0.0,0.0,0.0,0.0,0.0
2025-26,1631101,Shaedon Sharpe,1610612757,POR,22.0,24,29.0,2.25,1.08,1.17,2.08,0.04,0.08,0.17,0.63,0.25,0.88,0.714,0.286,0.0,0.38,0.38,0.38,0.08,0.0,1.0,1.0,0.222
2025-26,1628983,Shai Gilgeous-Alexander,1610612760,OKC,27.0,27,33.2,4.22,2.3,1.93,3.19,0.04,0.26,0.59,0.44,0.37,0.81,0.545,0.455,0.0,0.3,0.3,0.3,0.22,0.0,1.0,1.0,0.75
2025-26,1630536,Sharife Cooper,1610612764,WAS,24.0,1,2.4,1.0,1.0,0.0,0.0,0.0,0.0,0.0,0.0,0.0,0.0,0.0,0.0,0.0,0.0,0.0,0.0,0.0,0.0,0.0,0.0,0.0
2025-26,1631321,Sidy Cissoko,1610612757,POR,21.0,20,22.1,2.45,1.6,0.85,1.4,0.05,0.45,1.0,0.3,0.25,0.55,0.545,0.455,0.1,0.15,0.25,0.25,0.15,0.4,0.6,1.0,0.6
2025-26,1631323,Simone Fontecchio,1610612748,MIA,30.0,27,19.5,2.78,1.52,1.26,0.96,0.0,0.07,0.22,0.11,0.22,0.33,0.333,0.667,0.15,0.33,0.48,0.48,0.33,0.308,0.692,1.0,0.692
2025-26,1642883,Sion James,1610612766,CHA,23.0,28,26.1,3.82,2.46,1.36,1.61,0.04,0.43,0.96,0.04,0.14,0.18,0.2,0.8,0.07,0.46,0.54,0.54,0.18,0.133,0.867,1.0,0.333
2025-26,1642461,Spencer Jones,1610612743,DEN,24.0,22,18.7,3.77,2.09,1.68,1.82,0.05,0.45,1.27,0.32,0.23,0.55,0.583,0.417,0.14,0.27,0.41,0.41,0.32,0.333,0.667,1.0,0.778
2025-26,201939,Stephen Curry,1610612744,GSW,37.0,20,31.6,2.8,1.4,1.4,2.85,0.1,0.85,1.9,0.65,0.4,1.05,0.619,0.381,0.0,0.25,0.25,0.25,0.1,0.0,1.0,1.0,0.4
2025-26,1642264,Stephon Castle,1610612759,SAS,21.0,18,30.5,4.17,2.44,1.72,3.06,0.0,0.39,0.89,0.06,0.11,0.17,0.333,0.667,0.0,0.28,0.28,0.28,0.06,0.0,1.0,1.0,0.2
2025-26,203500,Steven Adams,1610612745,HOU,32.0,21,21.8,5.62,4.43,1.19,0.9,0.0,2.43,5.43,0.52,0.19,0.71,0.733,0.267,1.57,0.86,2.43,2.38,1.9,0.647,0.353,0.98,0.784
2025-26,1629004,Svi Mykhailiuk,1610612762,UTA,28.0,26,25.8,2.88,1.46,1.42,1.65,0.04,0.19,0.42,0.19,0.35,0.54,0.357,0.643,0.0,0.19,0.19,0.19,0.12,0.0,1.0,1.0,0.6
2025-26,204456,T.J. McConnell,1610612754,IND,33.0,17,17.0,1.24,0.59,0.65,2.53,0.12,0.12,0.35,0.35,0.59,0.94,0.375,0.625,0.0,0.12,0.12,0.12,0.06,0.0,1.0,1.0,0.5
2025-26,1643007,Taelon Peter,1610612754,IND,23.0,11,7.3,1.36,1.18,0.18,0.73,0.0,0.0,0.0,0.0,0.0,0.0,0.0,0.0,0.0,0.0,0.0,0.0,0.0,0.0,0.0,0.0,0.0
2025-26,1631106,Tari Eason,1610612745,HOU,24.0,11,23.2,3.55,2.36,1.18,1.82,0.0,0.09,0.18,0.64,0.64,1.27,0.5,0.5,0.09,0.0,0.09,0.09,0.09,1.0,0.0,1.0,1.0
2025-26,1627752,Taurean Prince,1610612749,MIL,31.0,8,21.1,2.25,1.0,1.25,1.63,0.0,0.13,0.25,0.0,0.13,0.13,0.0,1.0,0.0,0.38,0.38,0.38,0.38,0.0,1.0,1.0,1.0
2025-26,1641707,Taylor Hendricks,1610612762,UTA,22.0,15,16.0,2.93,1.6,1.33,1.13,0.0,0.33,0.73,0.13,0.07,0.2,0.667,0.333,0.07,0.2,0.27,0.27,0.13,0.25,0.75,1.0,0.5
2025-26,1629611,Terance Mann,1610612751,BKN,29.0,24,26.3,2.75,1.42,1.33,2.5,0.13,0.17,0.38,0.17,0.25,0.42,0.4,0.6,0.17,0.13,0.29,0.29,0.17,0.571,0.429,1.0,0.571
2025-26,1630545,Terrence Shannon Jr.,1610612750,MIN,25.0,18,13.7,1.72,1.17,0.56,0.72,0.11,0.28,0.61,0.17,0.11,0.28,0.6,0.4,0.0,0.17,0.17,0.17,0.06,0.0,1.0,1.0,0.333
2025-26,203648,Thanasis Antetokounmpo,1610612749,MIL,33.0,6,3.2,0.67,0.67,0.0,0.5,0.0,0.0,0.0,0.0,0.0,0.0,0.0,0.0,0.17,0.0,0.17,0.17,0.17,1.0,0.0,1.0,1.0
2025-26,1628418,Thomas Bryant,1610612739,CLE,28.0,20,9.5,2.15,2.0,0.15,0.7,0.0,0.7,1.55,0.0,0.1,0.1,0.0,1.0,0.1,0.55,0.65,0.65,0.4,0.154,0.846,1.0,0.615
2025-26,1642275,Tidjane Salaün,1610612766,CHA,20.0,14,16.0,2.93,1.71,1.21,1.36,0.0,0.86,2.14,0.07,0.14,0.21,0.333,0.667,0.21,0.36,0.57,0.57,0.43,0.375,0.625,1.0,0.75
2025-26,203501,Tim Hardaway Jr.,1610612743,DEN,33.0,27,25.7,2.37,1.33,1.04,0.81,0.11,0.48,1.19,0.11,0.19,0.3,0.375,0.625,0.0,0.19,0.19,0.19,0.11,0.0,1.0,1.0,0.6
2025-26,202699,Tobias Harris,1610612765,DET,33.0,18,28.6,3.89,1.94,1.94,1.17,0.0,0.39,0.78,0.39,0.33,0.72,0.538,0.462,0.11,1.06,1.17,1.11,0.5,0.095,0.905,1.0,0.45
2025-26,1642449,Tolu Smith,1610612765,DET,25.0,2,11.1,4.0,2.5,1.5,0.5,0.0,1.5,3.5,0.0,0.0,0.0,0.0,0.0,0.0,1.0,1.0,1.0,0.0,0.0,1.0,1.0,0.0
2025-26,1628396,Tony Bradley,1610612754,IND,27.0,21,12.0,2.71,1.81,0.9,0.33,0.0,0.76,1.76,0.05,0.1,0.14,0.333,0.667,0.29,0.76,1.05,1.05,0.52,0.273,0.727,1.0,0.5
2025-26,1641787,Tosan Evbuomwan,1610612752,NYK,24.0,2,2.3,1.5,1.0,0.5,0.0,0.0,0.0,0.0,0.5,0.0,0.5,1.0,0.0,0.0,0.0,0.0,0.0,0.0,0.0,0.0,0.0,0.0
2025-26,1641739,Toumani Camara,1610612757,POR,25.0,28,33.3,4.86,2.89,1.96,2.71,0.21,0.89,2.11,0.32,0.29,0.61,0.529,0.471,0.14,0.43,0.57,0.54,0.21,0.25,0.75,0.938,0.375
2025-26,1629027,Trae Young,1610612737,ATL,27.0,6,26.6,1.0,0.33,0.67,1.0,0.0,0.0,0.0,0.5,0.17,0.67,0.75,0.25,0.0,0.33,0.33,0.33,0.17,0.0,1.0,1.0,0.5
2025-26,1631218,Trayce Jackson-Davis,1610612744,GSW,25.0,18,13.4,5.28,4.33,0.94,0.61,0.0,1.89,4.56,0.17,0.17,0.33,0.5,0.5,0.67,0.67,1.33,1.33,1.17,0.5,0.5,1.0,0.875
2025-26,1642848,Tre Johnson,1610612764,WAS,19.0,19,23.2,2.74,1.21,1.53,1.79,0.0,0.05,0.16,0.11,0.11,0.21,0.5,0.5,0.05,0.26,0.32,0.32,0.16,0.167,0.833,1.0,0.5
2025-26,1630200,Tre Jones,1610612741,CHI,25.0,21,27.7,3.0,2.1,0.9,3.05,0.14,0.48,1.19,0.14,0.29,0.43,0.333,0.667,0.0,0.29,0.29,0.29,0.29,0.0,1.0,1.0,1.0
2025-26,1630544,Tre Mann,1610612766,CHA,24.0,19,20.4,2.53,1.26,1.26,1.74,0.0,0.21,0.53,0.21,0.32,0.53,0.4,0.6,0.0,0.21,0.21,0.21,0.05,0.0,1.0,1.0,0.25
2025-26,1630570,Trendon Watford,1610612755,PHI,25.0,14,20.4,4.93,2.43,2.5,0.79,0.0,0.71,1.71,0.43,0.14,0.57,0.75,0.25,0.07,0.14,0.21,0.21,0.0,0.333,0.667,1.0,0.0
2025-26,1642280,Trentyn Flowers,1610612741,CHI,20.0,2,2.8,1.0,1.0,0.0,0.5,0.0,0.0,0.0,0.5,0.0,0.5,1.0,0.0,0.0,0.0,0.0,0.0,0.0,0.0,0.0,0.0,0.0
2025-26,1641725,Trey Alexander,1610612740,NOP,22.0,3,12.5,2.0,2.0,0.0,2.0,0.0,0.0,0.0,0.0,0.0,0.0,0.0,0.0,0.0,1.33,1.33,1.33,0.0,0.0,1.0,1.0,0.0
2025-26,1641998,Trey Jemison III,1610612752,NYK,26.0,3,9.5,2.0,2.0,0.0,0.33,0.0,1.33,3.0,0.0,0.33,0.33,0.0,1.0,0.33,1.33,1.67,1.33,0.33,0.2,0.8,0.8,0.2
2025-26,1630530,Trey Murphy III,1610612740,NOP,25.0,27,35.5,4.81,2.52,2.3,3.11,0.0,0.74,1.67,0.33,0.3,0.63,0.529,0.471,0.0,0.41,0.41,0.41,0.22,0.0,1.0,1.0,0.545
2025-26,1641774,Tristan Vukcevic,1610612764,WAS,22.0,21,12.2,3.1,1.95,1.14,0.95,0.05,1.52,3.76,0.1,0.05,0.14,0.667,0.333,0.14,0.67,0.81,0.81,0.38,0.176,0.824,1.0,0.471
2025-26,1641783,Tristan da Silva,1610612753,ORL,24.0,26,23.2,3.5,2.42,1.08,1.62,0.0,0.23,0.54,0.27,0.19,0.46,0.583,0.417,0.0,0.65,0.65,0.65,0.38,0.0,1.0,1.0,0.588
2025-26,1629639,Tyler Herro,1610612748,MIA,25.0,6,31.8,4.5,3.5,1.0,1.5,0.0,0.0,0.0,0.17,0.17,0.33,0.5,0.5,0.0,0.0,0.0,0.0,0.0,0.0,0.0,0.0,0.0
2025-26,1642278,Tyler Kolek,1610612752,NYK,24.0,17,13.6,1.71,1.06,0.65,1.06,0.06,0.12,0.29,0.18,0.35,0.53,0.333,0.667,0.0,0.24,0.24,0.24,0.0,0.0,1.0,1.0,0.0
2025-26,1631213,Tyrese Martin,1610612751,BKN,26.0,24,21.1,2.75,1.42,1.33,1.46,0.0,0.17,0.38,0.25,0.46,0.71,0.353,0.647,0.08,0.21,0.29,0.29,0.25,0.286,0.714,1.0,0.857
2025-26,1630178,Tyrese Maxey,1610612755,PHI,25.0,25,39.8,4.32,1.96,2.36,3.08,0.12,0.36,0.8,0.36,0.64,1.0,0.36,0.64,0.04,0.16,0.2,0.16,0.0,0.2,0.8,0.8,0.0
2025-26,1642878,Tyrese Proctor,1610612739,CLE,21.0,19,13.0,1.32,0.47,0.84,1.42,0.05,0.21,0.47,0.11,0.16,0.26,0.4,0.6,0.05,0.11,0.16,0.16,0.05,0.333,0.667,1.0,0.333
2025-26,1630623,Tyson Etienne,1610612751,BKN,26.0,2,7.6,0.5,0.5,0.0,0.5,0.0,0.0,0.0,0.0,0.0,0.0,0.0,0.0,0.0,0.5,0.5,0.5,0.0,0.0,1.0,1.0,0.0
2025-26,1626145,Tyus Jones,1610612753,ORL,29.0,24,14.5,0.67,0.25,0.42,1.08,0.0,0.08,0.21,0.04,0.13,0.17,0.25,0.75,0.0,0.08,0.08,0.08,0.04,0.0,1.0,1.0,0.5
2025-26,1642845,VJ Edgecombe,1610612755,PHI,20.0,24,35.1,4.46,2.71,1.75,3.25,0.0,0.25,0.58,0.79,0.67,1.46,0.543,0.457,0.0,0.42,0.42,0.42,0.25,0.0,1.0,1.0,0.6
2025-26,1641705,Victor Wembanyama,1610612759,SAS,21.0,15,31.7,8.07,6.47,1.6,2.73,0.07,1.2,2.47,0.33,0.27,0.6,0.556,0.444,0.53,0.87,1.4,1.4,1.0,0.381,0.619,1.0,0.714
2025-26,1631246,Vince Williams Jr.,1610612763,MEM,25.0,22,21.9,3.23,1.95,1.27,1.68,0.05,0.0,0.0,0.36,0.09,0.45,0.8,0.2,0.0,0.27,0.27,0.27,0.09,0.0,1.0,1.0,0.333
2025-26,1630249,Vít Krejčí,1610612737,ATL,25.0,25,23.6,5.12,2.88,2.24,1.08,0.0,0.44,1.0,0.12,0.24,0.36,0.333,0.667,0.0,0.24,0.24,0.24,0.04,0.0,1.0,1.0,0.167
2025-26,1631117,Walker Kessler,1610612762,UTA,24.0,5,30.8,8.6,6.8,1.8,3.2,0.0,3.2,7.8,0.8,0.0,0.8,1.0,0.0,0.8,1.6,2.4,2.2,1.4,0.333,0.667,0.917,0.583
2025-26,1642383,Walter Clayton Jr.,1610612762,UTA,22.0,23,16.1,3.26,1.35,1.91,1.3,0.0,0.26,0.61,0.09,0.22,0.3,0.286,0.714,0.0,0.17,0.17,0.17,0.13,0.0,1.0,1.0,0.75
2025-26,1628976,Wendell Carter Jr.,1610612753,ORL,26.0,27,30.1,8.26,6.41,1.85,1.78,0.04,3.22,7.22,0.37,0.26,0.63,0.588,0.412,0.78,2.15,2.93,2.93,1.59,0.266,0.734,1.0,0.544
2025-26,1631111,Wendell Moore Jr.,1610612765,DET,24.0,3,14.4,2.67,1.33,1.33,1.0,0.0,0.0,0.0,0.0,0.0,0.0,0.0,0.0,0.0,0.0,0.0,0.0,0.0,0.0,0.0,0.0,0.0
2025-26,1642954,Will Richard,1610612744,GSW,22.0,23,19.0,2.0,1.09,0.91,2.3,0.13,0.22,0.57,0.22,0.26,0.48,0.455,0.545,0.09,0.3,0.39,0.39,0.26,0.222,0.778,1.0,0.667
2025-26,1642860,Will Riley,1610612764,WAS,19.0,15,14.2,2.33,1.2,1.13,0.67,0.0,0.13,0.4,0.07,0.07,0.13,0.5,0.5,0.2,0.2,0.4,0.33,0.2,0.5,0.5,0.833,0.5
2025-26,1630214,Xavier Tillman,1610612738,BOS,26.0,9,10.4,3.44,1.44,2.0,1.67,0.0,1.44,3.33,0.0,0.44,0.44,0.0,1.0,0.67,0.11,0.89,0.78,0.67,0.75,0.125,1.0,0.857
2025-26,1642905,Yang Hansen,1610612757,POR,20.0,12,8.1,3.83,2.92,0.92,0.67,0.0,1.58,3.75,0.17,0.0,0.17,1.0,0.0,0.0,0.58,0.58,0.5,0.17,0.0,1.0,0.857,0.286
2025-26,1642949,Yanic Konan Niederhäuser,1610612746,LAC,22.0,10,5.4,2.1,1.9,0.2,0.1,0.0,0.4,0.9,0.0,0.0,0.0,0.0,0.0,0.2,0.1,0.3,0.3,0.3,0.667,0.333,1.0,1.0
2025-26,1642274,Yves Missi,1610612740,NOP,21.0,21,18.0,5.05,3.38,1.67,0.76,0.0,1.86,3.95,0.33,0.14,0.48,0.7,0.3,0.67,0.62,1.29,1.29,0.95,0.519,0.481,1.0,0.741
2025-26,1642258,Zaccharie Risacher,1610612737,ATL,20.0,26,24.7,5.04,2.77,2.27,2.08,0.0,0.15,0.38,0.23,0.31,0.54,0.429,0.571,0.04,0.12,0.15,0.15,0.12,0.25,0.75,1.0,0.75
2025-26,1628380,Zach Collins,1610612741,CHI,28.0,6,17.7,6.83,5.0,1.83,1.33,0.0,2.33,5.33,0.17,0.0,0.17,1.0,0.0,0.33,1.33,1.67,1.67,0.83,0.2,0.8,1.0,0.5
2025-26,1641744,Zach Edey,1610612763,MEM,23.0,11,25.8,8.0,6.73,1.27,1.09,0.0,3.18,7.09,0.18,0.0,0.18,1.0,0.0,1.64,2.36,4.0,4.0,3.18,0.409,0.591,1.0,0.795
2025-26,203897,Zach LaVine,1610612758,SAC,30.0,23,32.8,4.57,2.04,2.52,1.26,0.0,0.13,0.3,0.04,0.13,0.17,0.25,0.75,0.0,0.09,0.09,0.09,0.09,0.0,1.0,1.0,1.0
2025-26,1630192,Zeke Nnaji,1610612743,DEN,24.0,14,9.7,2.43,1.36,1.07,0.43,0.07,0.29,0.79,0.14,0.21,0.36,0.4,0.6,0.14,0.14,0.29,0.29,0.14,0.5,0.5,1.0,0.5
2025-26,1630533,Ziaire Williams,1610612751,BKN,24.0,22,23.1,4.55,1.91,2.64,2.82,0.0,0.18,0.41,0.23,0.36,0.59,0.385,0.615,0.0,0.32,0.32,0.32,0.18,0.0,1.0,1.0,0.571
2025-26,1629627,Zion Williamson,1610612740,NOP,25.0,13,29.3,3.31,1.54,1.77,2.54,0.0,1.54,3.62,0.92,0.23,1.15,0.8,0.2,0.0,0.54,0.54,0.54,0.38,0.0,1.0,1.0,0.714
