Season,PLAYER_ID,PLAYER_NAME,TEAM_ID,TEAM_ABBREVIATION,AGE,NICKNAME,FGM,FGA,FG_PCT,FGM,FGA,FG_PCT,FGM,FGA,FG_PCT,FGM,FGA,FG_PCT,FGM,FGA,FG_PCT,FGM,FGA,FG_PCT,FGM,FGA,FG_PCT,FGM,FGA,FG_PCT
2025-26,1630639,A.J. Lawson,1610612761,TOR,25.0,A.J.,2.0,4.0,0.5,0.0,1.0,0.0,0.0,0.0,0.0,1.0,1.0,1.0,0.0,0.0,0.0,1.0,2.0,0.5,,,,1.0,1.0,1.0
2025-26,1631260,AJ Green,1610612749,MIL,26.0,AJ,0.1,0.1,0.667,0.2,0.3,0.625,0.0,0.1,0.0,0.7,1.2,0.571,0.5,0.6,0.8,2.1,5.0,0.425,0.0,0.0,0.0,1.2,1.8,0.651
2025-26,1642358,AJ Johnson,1610612764,WAS,21.0,AJ,0.1,0.7,0.167,0.1,0.4,0.25,0.0,0.0,0.0,0.0,0.0,0.0,0.0,0.5,0.0,0.0,0.2,0.0,0.0,0.0,0.0,0.0,0.2,0.0
2025-26,203932,Aaron Gordon,1610612743,DEN,30.0,Aaron,3.3,4.2,0.796,0.4,1.5,0.263,0.5,1.4,0.333,0.3,0.8,0.4,0.2,0.5,0.286,1.7,3.5,0.478,0.0,0.0,0.0,0.5,1.3,0.353
2025-26,1628988,Aaron Holiday,1610612745,HOU,29.0,Aaron,0.3,0.6,0.556,0.7,1.3,0.524,0.1,0.3,0.25,0.4,0.9,0.417,0.3,0.5,0.5,1.3,2.9,0.426,0.0,0.0,0.0,0.6,1.3,0.45
2025-26,1630174,Aaron Nesmith,1610612754,IND,26.0,Aaron,1.3,2.6,0.483,0.5,2.0,0.273,0.3,1.2,0.231,0.3,0.8,0.333,0.5,1.1,0.417,2.1,5.6,0.371,0.0,0.0,0.0,0.7,1.9,0.381
2025-26,1630598,Aaron Wiggins,1610612760,OKC,26.0,Aaron,1.6,2.6,0.618,0.8,1.9,0.44,0.2,0.4,0.6,0.3,1.2,0.267,0.4,0.7,0.556,1.8,4.0,0.462,0.0,0.0,0.0,0.7,1.8,0.375
2025-26,1642846,Ace Bailey,1610612762,UTA,19.0,Ace,1.4,1.9,0.727,0.5,1.1,0.44,0.6,1.8,0.341,0.3,0.6,0.615,0.2,0.8,0.211,1.0,2.8,0.359,0.0,0.0,0.0,0.5,1.4,0.375
2025-26,1641737,Adem Bona,1610612755,PHI,22.0,Adem,1.1,1.9,0.563,0.2,0.3,0.6,0.0,0.0,0.0,0.1,0.2,0.333,0.0,0.0,0.0,0.0,0.0,0.0,0.0,0.0,0.0,0.1,0.2,0.333
2025-26,1642876,Adou Thiero,1610612747,LAL,21.0,Adou,0.4,0.7,0.6,0.0,0.0,0.0,0.0,0.0,0.0,0.0,0.0,0.0,0.0,0.0,0.0,0.0,0.0,0.0,0.0,0.0,0.0,0.0,0.0,0.0
2025-26,1642349,Ajay Mitchell,1610612760,OKC,23.0,Ajay,2.3,3.4,0.659,1.6,3.4,0.469,0.2,1.0,0.2,0.4,0.8,0.5,0.0,0.3,0.143,0.7,2.3,0.315,0.0,0.0,0.0,0.4,1.0,0.4
2025-26,201143,Al Horford,1610612744,GSW,39.0,Al,0.2,0.3,0.5,0.4,0.9,0.417,0.1,0.4,0.2,0.2,0.5,0.333,0.5,0.8,0.636,0.6,3.1,0.2,0.0,0.0,0.0,0.7,1.3,0.529
2025-26,1627936,Alex Caruso,1610612760,OKC,31.0,Alex,0.7,1.0,0.667,0.1,0.7,0.1,0.1,0.1,1.0,0.2,0.6,0.375,0.2,0.6,0.333,0.7,2.1,0.355,0.0,0.0,0.0,0.4,1.1,0.353
2025-26,1642259,Alex Sarr,1610612764,WAS,20.0,Alex,4.1,5.5,0.739,2.1,5.1,0.42,0.4,1.3,0.35,0.0,0.2,0.0,0.1,0.1,1.0,1.1,3.0,0.354,0.0,0.0,0.0,0.1,0.3,0.25
2025-26,1642918,Alijah Martin,1610612761,TOR,23.0,Alijah,0.0,1.0,0.0,0.0,0.0,0.0,0.0,0.0,0.0,,,,0.0,0.0,0.0,0.0,0.0,0.0,,,,0.0,0.0,0.0
2025-26,1630578,Alperen Sengun,1610612745,HOU,23.0,Alperen,3.7,5.5,0.676,2.8,6.2,0.458,0.8,2.3,0.364,0.1,0.2,0.333,0.1,0.1,1.0,0.9,2.5,0.362,0.0,0.0,0.0,0.2,0.3,0.6
2025-26,1642873,Amari Williams,1610612738,BOS,23.0,Amari,0.0,0.0,0.0,0.2,0.4,0.5,0.0,0.0,0.0,0.0,0.0,0.0,0.0,0.0,0.0,0.0,0.0,0.0,0.0,0.0,0.0,0.0,0.0,0.0
2025-26,1641708,Amen Thompson,1610612745,HOU,22.0,Amen,4.4,6.4,0.694,1.4,4.2,0.341,0.5,1.5,0.313,0.1,0.4,0.125,0.1,0.7,0.2,0.2,1.0,0.238,0.0,0.0,0.0,0.2,1.1,0.174
2025-26,1629599,Amir Coffey,1610612749,MIL,28.0,Amir,0.2,0.2,1.0,0.1,0.2,0.25,0.1,0.3,0.4,0.0,0.2,0.0,0.1,0.4,0.2,0.1,0.2,0.667,0.0,0.0,0.0,0.1,0.5,0.143
2025-26,203083,Andre Drummond,1610612755,PHI,32.0,Andre,2.2,3.6,0.62,0.4,0.8,0.471,0.0,0.0,0.0,0.2,0.7,0.357,0.2,0.5,0.5,0.0,0.2,0.2,0.0,0.0,0.0,0.5,1.1,0.417
2025-26,1641748,Andre Jackson Jr.,1610612749,MIL,24.0,Andre,0.2,0.3,0.667,0.1,0.4,0.25,0.0,0.1,0.0,0.0,0.0,0.0,0.0,0.3,0.0,0.2,0.7,0.286,0.0,0.0,0.0,0.0,0.2,0.0
2025-26,1629614,Andrew Nembhard,1610612754,IND,25.0,Andrew,1.7,2.3,0.75,1.4,3.0,0.479,0.9,3.2,0.294,0.0,0.1,0.0,0.0,0.1,0.0,1.8,4.9,0.372,0.0,0.0,0.0,0.0,0.2,0.0
2025-26,203952,Andrew Wiggins,1610612748,MIA,30.0,Andrew,2.6,4.0,0.655,1.5,3.2,0.463,0.8,1.8,0.421,0.3,0.6,0.462,0.1,0.5,0.273,1.3,3.5,0.37,0.0,0.0,0.0,0.4,1.1,0.375
2025-26,1629014,Anfernee Simons,1610612738,BOS,26.0,Anfernee,0.8,1.1,0.667,0.8,1.5,0.541,0.7,2.0,0.354,0.2,0.4,0.556,0.1,0.2,0.4,2.2,5.5,0.391,0.0,0.0,0.0,0.3,0.6,0.5
2025-26,1641710,Anthony Black,1610612753,ORL,21.0,Anthony,2.8,4.2,0.673,0.6,1.9,0.326,0.1,0.7,0.188,0.3,0.6,0.5,0.1,0.5,0.167,0.7,2.5,0.288,0.0,0.0,1.0,0.4,1.1,0.346
2025-26,203076,Anthony Davis,1610612742,DAL,32.0,Anthony,4.5,6.6,0.682,1.2,3.0,0.4,1.6,3.6,0.444,0.0,0.1,0.0,0.2,0.3,0.667,0.5,1.7,0.294,0.0,0.0,0.0,0.2,0.4,0.5
2025-26,1630162,Anthony Edwards,1610612750,MIN,24.0,Anthony,3.4,4.5,0.744,1.8,3.7,0.473,1.2,3.1,0.393,0.2,0.5,0.3,0.1,0.1,0.5,3.2,7.5,0.423,0.0,0.0,0.0,0.2,0.6,0.333
2025-26,1630264,Anthony Gill,1610612764,WAS,33.0,Anthony,0.5,0.6,0.8,0.1,0.1,1.0,0.0,0.0,0.0,0.0,0.0,0.0,1.0,1.0,1.0,0.0,0.0,0.0,0.0,0.0,0.0,0.3,0.3,1.0
2025-26,1641810,Antonio Reeves,1610612766,CHA,25.0,Antonio,0.4,0.8,0.5,0.0,0.2,0.0,0.2,0.2,1.0,0.2,0.3,0.5,0.5,0.5,1.0,0.3,1.0,0.333,0.0,0.0,0.0,0.5,0.7,0.75
2025-26,1630574,Ariel Hukporti,1610612752,NYK,23.0,Ariel,0.5,0.6,0.778,0.0,0.3,0.0,0.0,0.0,0.0,0.0,0.0,0.0,0.0,0.0,0.0,0.0,0.0,0.0,0.0,0.0,0.0,0.0,0.0,0.0
2025-26,1642854,Asa Newell,1610612737,ATL,20.0,Asa,0.8,1.3,0.611,0.2,0.4,0.5,0.0,0.0,0.0,0.3,0.8,0.333,0.4,0.7,0.571,0.3,0.4,0.667,0.0,0.0,0.0,0.6,1.3,0.438
2025-26,1641709,Ausar Thompson,1610612765,DET,22.0,Ausar,3.2,5.0,0.63,1.3,3.0,0.441,0.2,0.7,0.286,0.1,0.1,0.5,0.1,0.2,0.5,0.1,0.5,0.2,0.0,0.0,0.0,0.2,0.3,0.5
2025-26,1630559,Austin Reaves,1610612747,LAL,27.0,Austin,2.8,3.6,0.775,2.4,4.3,0.547,0.7,1.4,0.481,0.1,0.3,0.4,0.2,0.5,0.444,2.6,7.0,0.364,0.0,0.0,0.0,0.3,0.7,0.429
2025-26,1630245,Ayo Dosunmu,1610612741,CHI,25.0,Ayo,2.8,5.0,0.56,0.7,1.3,0.538,0.1,0.2,0.25,0.2,0.7,0.214,0.7,1.2,0.565,1.1,2.2,0.512,0.0,0.0,0.0,0.8,1.9,0.432
2025-26,1628389,Bam Adebayo,1610612748,MIA,28.0,Bam,1.7,2.4,0.705,2.4,5.0,0.489,0.9,1.9,0.486,0.4,1.3,0.333,0.2,0.8,0.286,1.1,2.9,0.377,0.0,0.0,0.0,0.7,2.1,0.316
2025-26,1631248,Baylor Scheierman,1610612738,BOS,25.0,Baylor,0.2,0.2,0.75,0.2,0.2,0.75,0.1,0.1,1.0,0.3,0.4,0.833,0.3,0.4,0.667,0.4,1.2,0.348,0.0,0.0,0.0,0.5,0.7,0.75
2025-26,1642879,Ben Saraf,1610612751,BKN,19.0,Ben,0.5,1.3,0.375,0.6,0.8,0.7,0.0,0.3,0.0,0.0,0.4,0.0,0.0,0.4,0.0,0.8,2.1,0.36,0.0,0.0,0.0,0.0,0.7,0.0
2025-26,1641767,Ben Sheppard,1610612754,IND,24.0,Ben,1.0,1.7,0.553,0.2,0.6,0.308,0.1,0.4,0.375,0.2,0.8,0.294,0.2,0.7,0.267,0.7,2.5,0.268,0.0,0.0,0.0,0.4,1.5,0.281
2025-26,1631097,Bennedict Mathurin,1610612754,IND,23.0,Bennedict,2.3,4.2,0.545,0.8,2.0,0.385,0.7,1.5,0.45,0.2,0.4,0.4,0.5,0.8,0.7,2.2,5.5,0.394,0.0,0.0,0.0,0.7,1.2,0.6
2025-26,1641731,Bilal Coulibaly,1610612764,WAS,21.0,Bilal,1.8,2.7,0.688,0.0,1.3,0.0,0.1,0.2,0.5,0.3,0.7,0.375,0.3,0.6,0.429,0.4,2.2,0.192,0.0,0.0,0.0,0.5,1.3,0.4
2025-26,202687,Bismack Biyombo,1610612759,SAS,33.0,Bismack,0.4,0.5,0.75,0.0,0.0,0.0,0.0,0.0,0.0,0.0,0.0,0.0,0.0,0.0,0.0,0.0,0.0,0.0,0.0,0.0,0.0,0.0,0.0,0.0
2025-26,1631104,Blake Wesley,1610612757,POR,22.0,Blake,1.7,2.5,0.667,0.0,0.2,0.0,0.3,1.3,0.25,0.0,0.2,0.0,0.0,0.0,0.0,0.3,1.5,0.222,0.0,0.0,0.0,0.0,0.2,0.0
2025-26,1626171,Bobby Portis,1610612749,MIL,30.0,Bobby,1.0,1.4,0.667,0.9,2.3,0.397,1.0,2.2,0.446,0.3,0.6,0.438,0.2,0.3,0.571,1.2,2.8,0.437,0.0,0.0,0.0,0.4,0.9,0.478
2025-26,1641752,Bobi Klintman,1610612765,DET,22.0,Bobi,0.5,0.8,0.6,0.2,0.5,0.333,0.0,0.3,0.0,0.0,0.8,0.0,0.0,0.0,0.0,0.5,1.2,0.429,0.0,0.0,0.0,0.0,0.7,0.0
2025-26,203992,Bogdan Bogdanović,1610612746,LAC,33.0,Bogdan,0.6,1.1,0.545,0.5,1.1,0.455,0.4,0.9,0.444,0.2,0.2,1.0,0.1,0.2,0.5,1.4,4.7,0.298,0.0,0.0,0.0,0.3,0.4,0.75
2025-26,1630538,Bones Hyland,1610612750,MIN,25.0,Bones,0.8,1.1,0.688,0.0,0.0,0.0,0.1,0.1,1.0,0.2,0.4,0.4,0.0,0.2,0.0,0.7,1.6,0.417,0.0,0.0,0.0,0.2,0.5,0.286
2025-26,203078,Bradley Beal,1610612746,LAC,32.0,Bradley,1.0,1.5,0.667,0.5,2.0,0.25,0.3,1.3,0.25,0.2,0.3,0.5,0.0,0.4,0.0,1.0,2.5,0.4,0.0,0.0,0.0,0.2,0.7,0.25
2025-26,1642382,Branden Carlson,1610612760,OKC,26.0,Branden,1.1,1.4,0.739,0.1,0.3,0.5,0.0,0.1,0.0,0.2,0.3,0.667,0.0,0.2,0.0,0.6,1.4,0.391,0.0,0.0,0.0,0.1,0.4,0.333
2025-26,1641764,Brandin Podziemski,1610612744,GSW,22.0,Brandin,1.2,1.8,0.652,0.8,1.8,0.455,0.4,1.4,0.294,0.3,0.5,0.538,0.2,0.5,0.417,1.5,3.9,0.378,0.0,0.0,0.0,0.5,1.0,0.48
2025-26,1627742,Brandon Ingram,1610612761,TOR,28.0,Brandon,2.0,2.9,0.681,1.9,4.0,0.47,2.6,5.6,0.471,0.2,0.8,0.263,0.2,0.4,0.4,1.1,3.4,0.321,0.0,0.0,0.0,0.4,1.2,0.31
2025-26,1641706,Brandon Miller,1610612766,CHA,23.0,Brandon,1.9,2.5,0.75,0.9,2.8,0.318,0.5,1.9,0.267,0.1,0.9,0.167,0.3,0.3,1.0,1.9,6.9,0.273,0.0,0.0,0.0,0.4,1.0,0.375
2025-26,1630314,Brandon Williams,1610612742,DAL,26.0,Brandon,2.1,4.0,0.527,0.9,2.0,0.467,0.2,0.7,0.25,0.0,0.4,0.0,0.1,0.5,0.2,0.5,2.1,0.224,0.0,0.0,0.0,0.1,0.9,0.105
2025-26,1641729,Brice Sensabaugh,1610612762,UTA,22.0,Brice,0.4,0.8,0.5,0.7,1.3,0.571,0.3,0.7,0.467,0.4,0.9,0.421,0.2,0.5,0.444,1.0,3.3,0.3,0.0,0.0,0.0,0.6,1.3,0.429
2025-26,1642355,Bronny James,1610612747,LAL,21.0,Bronny,0.3,0.3,0.75,0.2,0.7,0.333,0.0,0.3,0.0,0.0,0.1,0.0,0.0,0.3,0.0,0.3,0.8,0.4,0.0,0.0,0.0,0.0,0.4,0.0
2025-26,201572,Brook Lopez,1610612746,LAC,37.0,Brook,0.2,0.4,0.571,0.4,0.9,0.471,0.2,0.4,0.429,0.0,0.0,0.0,0.0,0.3,0.0,1.3,3.5,0.381,0.0,0.0,0.0,0.0,0.3,0.0
2025-26,1642964,Brooks Barnhizer,1610612760,OKC,23.0,Brooks,0.5,0.8,0.692,0.1,0.3,0.4,0.0,0.1,0.0,0.0,0.1,0.0,0.1,0.1,1.0,0.0,0.1,0.0,0.0,0.0,0.0,0.1,0.2,0.5
2025-26,1628971,Bruce Brown,1610612743,DEN,29.0,Bruce,1.5,2.6,0.593,0.3,1.4,0.25,0.1,0.3,0.286,0.0,0.2,0.2,0.2,0.5,0.417,0.3,1.0,0.318,0.0,0.0,0.0,0.3,0.7,0.353
2025-26,1631121,Bryce McGowens,1610612740,NOP,23.0,Bryce,1.5,2.9,0.525,0.4,1.0,0.385,0.1,0.1,1.0,0.2,0.3,0.5,0.1,0.5,0.2,0.4,0.8,0.545,0.0,0.0,0.0,0.2,0.7,0.333
2025-26,1642267,Bub Carrington,1610612764,WAS,20.0,Bub,0.2,0.7,0.25,0.2,1.1,0.2,0.5,1.4,0.323,0.1,0.1,0.667,0.1,0.5,0.25,1.3,2.8,0.452,0.0,0.0,0.0,0.2,0.7,0.333
2025-26,1627741,Buddy Hield,1610612744,GSW,32.0,Buddy,1.1,1.7,0.643,0.2,0.4,0.545,0.2,0.5,0.417,0.0,0.3,0.125,0.2,0.6,0.4,1.2,3.8,0.305,0.0,0.0,0.0,0.3,0.9,0.304
2025-26,203468,CJ McCollum,1610612764,WAS,34.0,CJ,1.5,2.4,0.635,1.2,3.0,0.409,0.9,2.2,0.417,0.1,0.5,0.2,0.3,0.6,0.538,2.6,6.4,0.404,0.0,0.0,0.0,0.4,1.0,0.391
2025-26,1630595,Cade Cunningham,1610612765,DET,24.0,Cade,3.3,5.6,0.585,2.9,6.0,0.476,1.5,3.0,0.484,0.0,0.1,0.0,0.0,0.1,0.0,1.9,6.1,0.313,0.0,0.0,0.0,0.0,0.3,0.0
2025-26,1631216,Caleb Houstan,1610612737,ATL,22.0,Caleb,0.1,0.3,0.5,0.0,0.1,0.0,0.0,0.0,0.0,0.0,0.3,0.0,0.5,0.5,1.0,0.5,1.0,0.5,0.0,0.0,0.0,0.3,0.5,0.5
2025-26,1631126,Caleb Love,1610612757,POR,24.0,Caleb,0.9,1.8,0.536,0.4,1.4,0.304,0.1,0.3,0.4,0.1,0.3,0.25,0.1,0.6,0.111,1.3,4.7,0.28,0.0,0.0,0.0,0.1,0.9,0.154
2025-26,1628997,Caleb Martin,1610612742,DAL,30.0,Caleb,0.3,0.6,0.462,0.0,0.3,0.0,0.0,0.2,0.25,0.1,0.3,0.2,0.0,0.2,0.0,0.0,0.2,0.2,0.0,0.0,0.0,0.1,0.4,0.125
2025-26,1642353,Cam Christie,1610612746,LAC,20.0,Cam,0.6,1.0,0.625,0.1,0.9,0.133,0.0,0.1,0.0,0.1,0.2,0.333,0.2,0.4,0.5,0.3,1.3,0.25,0.0,0.0,0.0,0.3,0.6,0.444
2025-26,1642285,Cam Spencer,1610612763,MEM,25.0,Cam,0.2,0.4,0.556,0.7,1.4,0.5,0.5,0.9,0.545,0.3,0.5,0.636,0.0,0.1,0.333,1.9,4.2,0.45,0.0,0.0,0.0,0.3,0.6,0.571
2025-26,1630560,Cam Thomas,1610612751,BKN,24.0,Cam,0.9,2.3,0.389,2.0,4.0,0.5,1.8,4.6,0.378,0.3,0.6,0.5,0.0,0.0,0.0,1.8,5.1,0.341,0.0,0.0,0.0,0.3,0.6,0.5
2025-26,1641715,Cam Whitmore,1610612764,WAS,21.0,Cam,2.5,3.5,0.712,0.2,1.2,0.192,0.2,0.7,0.286,0.0,0.2,0.0,0.0,0.1,0.0,0.8,2.5,0.308,0.0,0.0,0.0,0.0,0.2,0.0
2025-26,1629661,Cameron Johnson,1610612743,DEN,29.0,Cameron,1.6,2.3,0.686,0.1,0.7,0.188,0.4,1.0,0.364,0.2,0.6,0.357,0.3,0.8,0.412,1.2,3.1,0.397,0.0,0.0,0.0,0.5,1.4,0.387
2025-26,1627747,Caris LeVert,1610612765,DET,31.0,Caris,1.2,1.4,0.808,0.5,1.5,0.333,0.1,0.6,0.2,0.2,0.3,0.6,0.2,0.2,0.75,1.1,2.9,0.377,0.0,0.0,0.0,0.3,0.5,0.667
2025-26,1642868,Carter Bryant,1610612759,SAS,20.0,Carter,0.4,0.8,0.538,0.0,0.4,0.0,0.0,0.1,0.0,0.1,0.5,0.167,0.2,0.4,0.4,0.3,0.9,0.313,0.0,0.0,0.0,0.2,0.6,0.273
2025-26,1641717,Cason Wallace,1610612760,OKC,22.0,Cason,1.3,2.0,0.667,0.3,1.2,0.259,0.0,0.1,0.333,0.3,0.9,0.4,0.3,0.5,0.636,0.9,2.8,0.328,0.0,0.0,0.0,0.7,1.3,0.484
2025-26,1642907,Cedric Coward,1610612763,MEM,22.0,Cedric,2.0,2.9,0.681,1.2,2.3,0.5,0.2,0.8,0.222,0.1,0.6,0.2,0.1,0.7,0.188,1.2,3.3,0.367,0.0,0.0,0.0,0.3,1.3,0.194
2025-26,1629646,Charles Bassey,1610612763,MEM,25.0,Charles,1.5,2.0,0.75,0.0,2.0,0.0,0.0,0.0,0.0,0.0,0.0,0.0,0.0,0.0,0.0,0.0,0.0,0.0,0.0,0.0,0.0,0.0,0.0,0.0
2025-26,1642404,Chaz Lanier,1610612765,DET,23.0,Chaz,0.0,0.0,0.0,0.1,0.2,0.5,0.1,0.3,0.333,0.0,0.5,0.0,0.1,0.4,0.333,0.8,2.3,0.367,0.0,0.0,0.0,0.1,0.7,0.143
2025-26,1631096,Chet Holmgren,1610612760,OKC,23.0,Chet,3.5,4.4,0.784,1.6,2.9,0.561,0.7,1.3,0.52,0.1,0.3,0.333,0.1,0.3,0.4,1.2,3.3,0.364,0.0,0.0,0.0,0.2,0.6,0.364
2025-26,1628449,Chris Boucher,1610612738,BOS,32.0,Chris,0.6,0.9,0.714,0.1,0.3,0.5,0.0,0.1,0.0,0.0,0.3,0.0,0.0,0.1,0.0,0.1,1.1,0.111,0.0,0.0,0.0,0.0,0.4,0.0
2025-26,1641753,Chris Livingston,1610612739,CLE,22.0,Chris,1.5,1.5,1.0,0.3,0.3,1.0,0.0,0.0,0.0,0.0,1.0,0.0,0.0,1.0,0.0,0.0,0.0,0.0,0.0,0.0,0.0,0.0,1.5,0.0
2025-26,1643024,Chris Mañon,1610612747,LAL,24.0,Chris,0.0,0.0,0.0,0.0,0.0,0.0,0.0,0.0,0.0,0.0,0.0,0.0,0.0,0.0,0.0,0.0,0.5,0.0,0.0,0.0,0.0,0.0,0.0,0.0
2025-26,101108,Chris Paul,1610612746,LAC,40.0,Chris,0.2,0.3,0.75,0.1,0.7,0.182,0.2,0.7,0.273,0.2,0.2,0.667,0.0,0.1,0.0,0.5,1.6,0.308,0.0,0.0,0.0,0.1,0.3,0.5
2025-26,1642959,Chris Youngblood,1610612760,OKC,23.0,Chris,0.1,0.1,1.0,0.1,0.2,0.333,0.0,0.1,0.0,0.1,0.3,0.333,0.1,0.2,0.5,0.3,1.0,0.294,0.0,0.0,0.0,0.1,0.4,0.4
2025-26,1631128,Christian Braun,1610612743,DEN,24.0,Christian,3.2,4.7,0.673,0.5,0.9,0.5,0.2,0.6,0.286,0.2,0.3,0.667,0.0,0.1,0.0,0.4,2.2,0.167,0.0,0.0,0.0,0.2,0.4,0.5
2025-26,1631132,Christian Koloko,1610612747,LAL,25.0,Christian,0.0,0.0,0.0,0.0,0.0,0.0,0.0,0.0,0.0,0.0,0.0,0.0,0.0,0.0,0.0,0.0,0.0,0.0,0.0,0.0,0.0,0.0,0.0,0.0
2025-26,1642935,Chucky Hepburn,1610612761,TOR,22.0,Chucky,0.0,0.0,0.0,0.0,0.0,0.0,0.0,1.0,0.0,0.0,0.0,0.0,,,,0.0,2.0,0.0,0.0,0.0,0.0,0.0,0.0,0.0
2025-26,203991,Clint Capela,1610612745,HOU,31.0,Clint,1.6,2.5,0.633,0.1,0.5,0.2,0.0,0.0,0.0,0.0,0.0,0.0,0.0,0.0,0.0,0.0,0.0,0.0,0.0,0.0,0.0,0.0,0.0,0.0
2025-26,1629632,Coby White,1610612741,CHI,25.0,Coby,3.1,5.1,0.611,0.9,1.7,0.5,0.4,1.1,0.375,0.1,0.3,0.5,0.3,0.6,0.5,1.9,6.7,0.277,0.0,0.0,0.0,0.4,0.9,0.5
2025-26,1628998,Cody Martin,1610612754,IND,30.0,Cody,0.3,0.3,1.0,0.3,0.8,0.333,0.0,0.3,0.0,0.0,0.5,0.0,0.0,0.0,0.0,0.0,0.8,0.0,0.0,0.0,0.0,0.0,0.5,0.0
2025-26,1642262,Cody Williams,1610612762,UTA,21.0,Cody,0.4,0.4,1.0,0.4,1.1,0.357,0.1,0.2,0.5,0.0,0.5,0.0,0.1,0.5,0.167,0.1,0.5,0.143,0.0,0.0,0.0,0.1,1.0,0.083
2025-26,1641732,Colby Jones,1610612765,DET,23.0,Colby,0.0,0.0,0.0,1.0,1.0,1.0,0.0,0.0,0.0,,,,0.0,2.0,0.0,0.0,0.0,0.0,,,,0.0,2.0,0.0
2025-26,1630175,Cole Anthony,1610612749,MIL,25.0,Cole,0.7,1.3,0.548,1.2,2.5,0.483,0.5,1.1,0.44,0.2,0.4,0.429,0.0,0.2,0.0,0.5,1.7,0.27,0.0,0.0,0.0,0.2,0.6,0.273
2025-26,1631221,Collin Gillespie,1610612756,PHX,26.0,Collin,0.5,0.9,0.545,0.8,1.6,0.487,0.5,1.3,0.367,0.4,0.6,0.6,0.3,0.4,0.889,2.3,6.0,0.382,0.0,0.0,0.0,0.7,1.0,0.708
2025-26,1642867,Collin Murray-Boyles,1610612761,TOR,20.0,Collin,2.0,2.9,0.702,0.1,0.4,0.125,0.1,0.4,0.143,0.1,0.2,0.333,0.0,0.1,0.0,0.6,1.0,0.55,0.0,0.0,0.0,0.1,0.3,0.2
2025-26,1629012,Collin Sexton,1610612766,CHA,26.0,Collin,2.4,3.5,0.689,1.0,2.5,0.423,0.5,1.3,0.393,0.0,0.3,0.167,0.2,0.2,1.0,1.0,2.9,0.344,0.0,0.0,0.0,0.2,0.5,0.5
2025-26,1642843,Cooper Flagg,1610612742,DAL,18.0,Cooper,2.8,4.2,0.673,2.1,4.2,0.5,0.9,2.2,0.396,0.0,0.3,0.0,0.0,0.3,0.143,0.8,2.9,0.29,0.0,0.0,0.0,0.0,0.6,0.071
2025-26,1630557,Corey Kispert,1610612764,WAS,26.0,Corey,1.2,1.5,0.769,0.3,0.5,0.556,0.0,0.1,0.0,0.2,0.6,0.333,0.2,0.4,0.429,1.2,3.0,0.412,0.0,0.0,0.0,0.4,0.9,0.375
2025-26,1641854,Craig Porter Jr.,1610612739,CLE,25.0,Craig,0.9,1.3,0.679,0.5,1.2,0.444,0.1,0.3,0.5,0.2,0.3,0.6,0.0,0.2,0.2,0.5,1.0,0.435,0.0,0.0,0.0,0.2,0.5,0.4
2025-26,1642938,Curtis Jones,1610612743,DEN,24.0,Curtis,0.0,0.0,0.0,0.5,1.0,0.5,,,,,,,0.0,0.5,0.0,0.0,0.0,0.0,,,,0.0,0.5,0.0
2025-26,1626156,D'Angelo Russell,1610612742,DAL,29.0,D'Angelo,0.7,1.1,0.625,1.1,2.5,0.453,0.7,1.3,0.536,0.0,0.3,0.143,0.1,0.4,0.125,1.3,4.1,0.314,0.0,0.0,0.0,0.1,0.7,0.133
2025-26,1641747,DaRon Holmes II,1610612743,DEN,23.0,DaRon,0.0,0.0,0.0,0.0,0.0,0.0,0.0,0.0,0.0,1.0,1.0,1.0,0.0,0.0,0.0,0.0,0.0,0.0,,,,1.0,1.0,1.0
2025-26,1631342,Daeqwon Plowden,1610612758,SAC,27.0,Daeqwon,1.0,1.0,1.0,0.0,1.0,0.0,0.0,0.0,0.0,0.0,0.0,0.0,0.0,2.0,0.0,0.0,1.0,0.0,,,,0.0,2.0,0.0
2025-26,1631207,Dalen Terry,1610612741,CHI,23.0,Dalen,0.9,1.5,0.632,0.2,0.3,0.5,0.0,0.0,0.0,0.0,0.0,0.0,0.1,0.4,0.25,0.2,0.7,0.222,0.0,0.0,0.0,0.1,0.4,0.25
2025-26,1642261,Dalton Knecht,1610612747,LAL,24.0,Dalton,0.7,0.9,0.706,0.6,1.0,0.579,0.2,0.4,0.5,0.2,0.6,0.273,0.1,0.3,0.333,0.8,2.1,0.375,0.0,0.0,0.0,0.3,0.9,0.294
2025-26,1629655,Daniel Gafford,1610612742,DAL,27.0,Daniel,2.8,4.2,0.667,0.5,1.1,0.412,0.1,0.1,0.5,0.0,0.0,0.0,0.0,0.0,0.0,0.0,0.0,0.0,0.0,0.0,0.0,0.0,0.0,0.0
2025-26,1642450,Daniss Jenkins,1610612765,DET,24.0,Daniss,1.1,1.7,0.636,0.5,1.6,0.3,0.7,1.3,0.56,0.1,0.4,0.167,0.3,0.3,0.8,0.5,1.8,0.286,0.1,0.1,1.0,0.3,0.6,0.455
2025-26,1642874,Danny Wolf,1610612751,BKN,21.0,Danny,0.8,1.6,0.5,0.3,0.9,0.375,0.1,0.4,0.333,0.0,0.1,0.0,0.1,0.5,0.25,1.2,2.4,0.5,0.0,0.0,0.0,0.1,0.6,0.2
2025-26,203967,Dario Šarić,1610612758,SAC,31.0,Dario,0.0,0.7,0.0,0.0,0.0,0.0,0.0,0.3,0.0,0.0,0.5,0.0,1.0,1.0,1.0,0.0,0.0,0.0,0.0,0.0,0.0,0.5,1.0,0.5
2025-26,1629636,Darius Garland,1610612739,CLE,25.0,Darius,0.9,2.0,0.444,1.1,3.2,0.345,0.7,1.8,0.375,0.1,0.6,0.2,0.0,0.2,0.0,1.8,5.1,0.348,0.0,0.0,0.0,0.1,0.8,0.143
2025-26,1642357,David Jones Garcia,1610612759,SAS,24.0,David,0.6,1.4,0.429,0.4,0.6,0.667,0.0,0.0,0.0,0.0,0.0,0.0,0.0,0.0,0.0,0.3,0.6,0.6,0.0,0.0,0.0,0.0,0.0,0.0
2025-26,1630558,Davion Mitchell,1610612748,MIA,27.0,Davion,1.5,2.4,0.625,1.2,2.2,0.54,0.2,0.5,0.455,0.0,0.2,0.0,0.0,0.2,0.0,1.0,2.2,0.46,0.0,0.0,0.0,0.0,0.4,0.0
2025-26,1630549,Day'Ron Sharpe,1610612751,BKN,24.0,Day'Ron,2.0,2.5,0.815,0.4,1.0,0.348,0.0,0.0,0.0,0.0,0.0,0.0,0.1,0.2,0.5,0.1,0.6,0.231,0.0,0.0,0.0,0.1,0.2,0.4
2025-26,1628368,De'Aaron Fox,1610612759,SAS,27.0,De'Aaron,2.6,3.8,0.698,2.6,4.9,0.544,1.0,2.6,0.378,0.2,0.5,0.429,0.3,0.4,0.667,1.9,5.5,0.351,0.0,0.0,0.0,0.5,0.9,0.538
2025-26,1629631,De'Andre Hunter,1610612739,CLE,28.0,De'Andre,1.3,2.0,0.659,1.3,2.3,0.583,0.9,1.8,0.5,0.3,0.9,0.333,0.3,0.6,0.538,1.3,4.8,0.277,0.0,0.0,0.0,0.6,1.5,0.419
2025-26,1629001,De'Anthony Melton,1610612744,GSW,27.0,De'Anthony,1.5,2.0,0.75,0.5,2.0,0.25,1.0,1.5,0.667,0.0,0.5,0.0,0.0,0.0,0.0,1.5,4.0,0.375,0.0,0.0,0.0,0.0,0.5,0.0
2025-26,201599,DeAndre Jordan,1610612740,NOP,37.0,DeAndre,2.0,2.0,1.0,0.0,0.5,0.0,0.0,0.0,0.0,0.0,0.0,0.0,0.0,0.0,0.0,0.0,0.0,0.0,0.0,0.0,0.0,0.0,0.0,0.0
2025-26,201942,DeMar DeRozan,1610612758,SAC,36.0,DeMar,1.3,1.9,0.674,1.9,3.4,0.549,2.6,5.8,0.457,0.3,0.6,0.533,0.1,0.4,0.3,0.3,1.0,0.292,0.0,0.0,0.0,0.5,1.0,0.44
2025-26,1629731,Dean Wade,1610612739,CLE,29.0,Dean,0.6,1.0,0.591,0.1,0.1,0.667,0.1,0.2,0.5,0.2,0.6,0.286,0.3,0.7,0.375,0.6,2.2,0.275,0.0,0.0,0.0,0.5,1.4,0.333
2025-26,1629028,Deandre Ayton,1610612747,LAL,27.0,Deandre,4.2,5.4,0.779,2.5,4.0,0.624,0.4,0.6,0.615,0.0,0.0,0.0,0.0,0.0,0.0,0.0,0.0,0.0,0.0,0.0,0.0,0.0,0.0,0.0
2025-26,1630166,Deni Avdija,1610612757,POR,24.0,Deni,3.6,5.6,0.644,1.4,3.4,0.415,0.3,0.7,0.375,0.3,0.3,0.857,0.1,0.3,0.375,2.1,6.0,0.357,0.0,0.0,0.0,0.4,0.6,0.6
2025-26,203471,Dennis Schröder,1610612758,SAC,32.0,Dennis,1.1,1.7,0.613,1.1,3.1,0.339,0.9,2.2,0.436,0.2,0.4,0.5,0.1,0.3,0.25,1.2,3.8,0.319,0.0,0.0,0.0,0.3,0.7,0.417
2025-26,1641726,Dereck Lively II,1610612742,DAL,21.0,Dereck,1.4,2.3,0.625,0.1,0.3,0.5,0.0,0.0,0.0,0.0,0.0,0.0,0.0,0.0,0.0,0.0,0.0,0.0,0.0,0.0,0.0,0.0,0.0,0.0
2025-26,1642852,Derik Queen,1610612740,NOP,20.0,Derik,3.0,4.4,0.67,1.1,3.2,0.355,0.3,1.1,0.308,0.0,0.1,0.0,0.0,0.1,0.0,0.1,0.5,0.154,0.0,0.0,0.0,0.0,0.2,0.0
2025-26,1627884,Derrick Jones Jr.,1610612746,LAC,28.0,Derrick,2.0,2.4,0.839,0.4,0.9,0.417,0.2,0.2,0.667,0.3,1.0,0.308,0.2,0.7,0.25,0.8,1.9,0.4,0.0,0.0,0.0,0.5,1.6,0.286
2025-26,1628401,Derrick White,1610612738,BOS,31.0,Derrick,1.1,1.7,0.641,0.8,2.7,0.311,1.1,2.0,0.543,0.2,0.7,0.267,0.3,0.7,0.471,2.6,7.7,0.331,0.0,0.0,0.0,0.5,1.4,0.375
2025-26,1630217,Desmond Bane,1610612753,ORL,27.0,Desmond,2.7,4.6,0.591,1.5,3.2,0.455,0.8,2.1,0.353,0.3,0.8,0.389,0.0,0.3,0.143,1.3,4.0,0.326,0.0,0.0,0.0,0.3,1.0,0.32
2025-26,1626164,Devin Booker,1610612756,PHX,29.0,Devin,2.0,2.6,0.741,2.3,5.0,0.464,2.1,4.5,0.46,0.0,0.1,0.0,0.2,0.4,0.5,1.6,5.1,0.31,0.0,0.0,0.0,0.2,0.5,0.4
2025-26,1642269,Devin Carter,1610612758,SAC,23.0,Devin,0.1,0.4,0.333,0.3,0.9,0.286,0.0,0.0,0.0,0.0,0.0,0.0,0.0,0.0,0.0,0.3,1.4,0.182,0.0,0.0,0.0,0.0,0.0,0.0
2025-26,1630170,Devin Vassell,1610612759,SAS,25.0,Devin,0.7,1.0,0.652,0.8,2.0,0.419,1.5,3.0,0.478,0.2,0.8,0.294,0.5,0.9,0.5,2.2,5.5,0.4,0.0,0.0,0.0,0.7,1.7,0.405
2025-26,1628415,Dillon Brooks,1610612756,PHX,29.0,Dillon,1.6,2.2,0.744,2.4,4.8,0.506,1.9,3.7,0.507,0.3,0.9,0.313,0.1,0.6,0.091,1.9,5.9,0.327,0.0,0.0,0.0,0.3,1.5,0.222
2025-26,1627734,Domantas Sabonis,1610612758,SAC,29.0,Domantas,4.5,7.1,0.641,1.4,3.5,0.385,0.5,0.7,0.625,0.0,0.0,0.0,0.1,0.3,0.333,0.3,1.5,0.176,0.0,0.0,0.0,0.1,0.3,0.333
2025-26,1631230,Dominick Barlow,1610612755,PHI,22.0,Dominick,2.1,3.0,0.69,0.4,1.1,0.375,0.1,0.2,0.333,0.1,0.6,0.125,0.2,0.6,0.333,0.1,0.5,0.286,0.0,0.0,0.0,0.3,1.2,0.235
2025-26,1642270,Donovan Clingan,1610612757,POR,21.0,Donovan,2.8,4.2,0.663,0.3,0.8,0.353,0.1,0.2,0.5,0.0,0.1,0.0,0.1,0.4,0.125,0.6,2.3,0.271,0.0,0.0,0.0,0.0,0.5,0.1
2025-26,1628378,Donovan Mitchell,1610612739,CLE,29.0,Donovan,2.8,4.3,0.657,2.3,3.8,0.609,1.5,2.7,0.557,0.3,0.6,0.538,0.1,0.5,0.273,3.6,9.3,0.381,0.0,0.0,0.0,0.4,1.0,0.417
2025-26,1628978,Donte DiVincenzo,1610612750,MIN,28.0,Donte,0.7,1.0,0.667,0.3,1.0,0.333,0.2,0.3,0.714,0.5,1.1,0.444,0.3,0.8,0.3,2.3,5.9,0.38,0.0,0.0,0.0,0.8,2.0,0.383
2025-26,203926,Doug McDermott,1610612758,SAC,33.0,Doug,0.0,0.0,0.0,0.0,0.0,0.0,0.0,0.0,0.0,1.0,1.0,1.0,1.0,1.0,1.0,0.0,1.0,0.0,0.0,0.0,0.0,2.0,2.0,1.0
2025-26,1642962,Drake Powell,1610612751,BKN,20.0,Drake,0.6,0.9,0.714,0.5,1.0,0.5,0.4,0.8,0.5,0.1,0.3,0.4,0.0,0.3,0.0,0.6,1.5,0.417,0.0,0.0,0.0,0.1,0.6,0.222
2025-26,203110,Draymond Green,1610612744,GSW,35.0,Draymond,1.0,1.8,0.543,0.4,0.9,0.412,0.1,0.4,0.143,0.3,0.7,0.357,0.4,0.9,0.471,0.9,3.1,0.29,0.0,0.0,0.0,0.7,1.6,0.419
2025-26,1629234,Drew Eubanks,1610612758,SAC,28.0,Drew,1.3,1.7,0.75,1.0,1.7,0.561,0.1,0.3,0.25,0.0,0.0,0.0,0.1,0.1,0.5,0.0,0.0,0.0,0.0,0.0,0.0,0.0,0.1,0.5
2025-26,1641809,Drew Peterson,1610612766,CHA,26.0,Drew,0.5,0.8,0.667,0.0,0.0,0.0,0.0,0.0,0.0,0.0,1.3,0.0,0.0,0.3,0.0,0.0,1.5,0.0,0.0,0.0,0.0,0.0,1.3,0.0
2025-26,1631166,Drew Timme,1610612747,LAL,25.0,Drew,0.0,0.0,0.0,0.5,0.5,1.0,0.0,0.0,0.0,,,,0.0,1.0,0.0,0.0,0.0,0.0,,,,0.0,1.0,0.0
2025-26,1630696,Dru Smith,1610612748,MIA,27.0,Dru,0.9,1.3,0.677,0.4,1.4,0.273,0.2,0.2,0.8,0.0,0.3,0.143,0.2,0.4,0.5,0.5,1.5,0.361,0.0,0.0,0.0,0.3,0.7,0.353
2025-26,1629130,Duncan Robinson,1610612765,DET,31.0,Duncan,0.6,1.0,0.667,0.5,0.9,0.5,0.0,0.0,0.0,0.3,0.7,0.4,0.3,0.9,0.368,2.4,5.9,0.408,0.0,0.0,0.0,0.6,1.5,0.382
2025-26,1641871,Duop Reath,1610612757,POR,29.0,Duop,0.3,0.5,0.667,0.1,0.2,0.333,0.0,0.0,0.0,0.2,0.3,0.75,0.4,0.5,0.714,0.6,1.3,0.458,0.0,0.0,0.0,0.6,0.8,0.727
2025-26,203939,Dwight Powell,1610612742,DAL,34.0,Dwight,0.7,1.0,0.667,0.0,0.1,0.0,0.1,0.1,1.0,0.0,0.0,0.0,0.0,0.0,0.0,0.0,0.0,0.0,0.0,0.0,0.0,0.0,0.0,0.0
2025-26,1642928,Dylan Cardwell,1610612758,SAC,23.0,Dylan,0.7,1.0,0.667,0.0,0.7,0.0,0.0,0.0,0.0,0.0,0.0,0.0,0.0,0.3,0.0,0.0,0.0,0.0,0.0,0.0,0.0,0.0,0.3,0.0
2025-26,1642844,Dylan Harper,1610612759,SAS,19.0,Dylan,2.9,5.2,0.565,0.8,1.8,0.476,0.3,1.0,0.333,0.3,0.3,1.0,0.1,0.3,0.25,0.3,1.8,0.182,0.0,0.0,0.0,0.3,0.6,0.571
2025-26,1630700,Dyson Daniels,1610612737,ATL,22.0,Dyson,2.6,4.3,0.617,1.7,3.9,0.439,0.2,0.2,0.667,0.0,0.2,0.0,0.1,0.3,0.286,0.2,1.1,0.143,0.0,0.0,0.0,0.1,0.5,0.154
2025-26,1630604,E.J. Liddell,1610612751,BKN,24.0,E.J.,0.3,0.3,1.0,0.1,0.3,0.5,0.0,0.0,0.0,0.0,0.0,0.0,0.3,0.5,0.5,0.1,0.9,0.167,0.0,0.0,0.0,0.2,0.4,0.5
2025-26,1642856,Egor Dëmin,1610612751,BKN,19.0,Egor,0.7,1.2,0.56,0.3,0.6,0.5,0.1,0.7,0.2,0.0,0.2,0.25,0.1,0.4,0.333,1.7,4.7,0.357,0.0,0.0,0.0,0.2,0.6,0.308
2025-26,1641989,Elijah Harkless,1610612762,UTA,25.0,Elijah,0.1,0.3,0.5,0.0,0.0,0.0,0.2,0.3,0.5,0.0,0.0,0.0,0.3,0.3,1.0,0.0,0.7,0.0,0.0,0.0,0.0,0.3,0.3,1.0
2025-26,1641801,Emanuel Miller,1610612741,CHI,25.0,Emanuel,0.2,0.6,0.333,0.4,0.6,0.667,0.2,0.2,1.0,0.5,0.5,1.0,0.0,0.0,0.0,0.0,0.8,0.0,0.0,0.0,0.0,0.4,0.4,1.0
2025-26,201569,Eric Gordon,1610612755,PHI,36.0,Eric,0.6,1.0,0.6,0.0,0.0,0.0,0.0,0.0,0.0,0.0,0.0,0.0,0.3,0.3,1.0,0.8,1.4,0.571,0.0,0.0,0.0,0.2,0.2,1.0
2025-26,1630679,Ethan Thompson,1610612754,IND,26.0,Ethan,0.0,0.0,0.0,0.3,0.3,1.0,0.3,0.7,0.5,0.3,0.7,0.5,0.7,0.7,1.0,0.5,1.3,0.4,0.0,0.0,0.0,0.8,1.0,0.75
2025-26,1630596,Evan Mobley,1610612739,CLE,24.0,Evan,3.9,5.3,0.727,1.4,3.5,0.388,0.3,0.9,0.286,0.0,0.2,0.2,0.1,0.2,0.5,1.4,3.8,0.359,0.0,0.0,0.0,0.1,0.4,0.333
2025-26,1630532,Franz Wagner,1610612753,ORL,24.0,Franz,3.9,5.8,0.671,2.0,4.6,0.423,0.4,1.3,0.323,0.1,0.3,0.5,0.1,0.3,0.429,1.3,3.6,0.345,0.0,0.0,0.0,0.3,0.5,0.462
2025-26,1641713,GG Jackson,1610612763,MEM,20.0,GG,0.7,1.7,0.4,0.3,0.7,0.4,0.2,0.2,1.0,0.0,0.3,0.0,0.0,0.4,0.0,0.0,1.1,0.0,0.0,0.0,0.0,0.0,0.7,0.0
2025-26,1629216,Gabe Vincent,1610612747,LAL,29.0,Gabe,0.1,0.1,1.0,0.1,0.5,0.167,0.1,0.3,0.25,0.3,0.5,0.5,0.3,0.5,0.667,0.8,2.6,0.29,0.0,0.0,0.0,0.6,1.0,0.583
2025-26,202066,Garrett Temple,1610612761,TOR,39.0,Garrett,0.0,0.0,0.0,0.0,0.3,0.0,0.0,0.0,0.0,0.0,0.0,0.0,0.0,0.0,0.0,0.3,0.7,0.5,0.0,0.0,0.0,0.0,0.0,0.0
2025-26,1629726,Garrison Mathews,1610612754,IND,29.0,Garrison,0.3,0.4,0.667,0.0,0.0,0.0,0.0,0.0,0.0,0.1,0.1,1.0,0.3,1.0,0.286,0.7,2.2,0.3,0.0,0.0,0.0,0.4,1.0,0.375
2025-26,203914,Gary Harris,1610612749,MIL,31.0,Gary,0.3,0.4,0.667,0.1,0.3,0.2,0.1,0.2,0.667,0.3,0.5,0.571,0.1,0.3,0.25,0.1,0.3,0.2,0.0,0.0,0.0,0.4,0.8,0.455
2025-26,1627780,Gary Payton II,1610612744,GSW,33.0,Gary,1.4,2.3,0.611,0.1,0.3,0.333,0.0,0.0,0.0,0.1,0.2,0.75,0.1,0.5,0.125,0.2,0.7,0.235,0.0,0.0,0.0,0.2,0.5,0.333
2025-26,1629018,Gary Trent Jr.,1610612749,MIL,26.0,Gary,0.2,0.5,0.5,0.5,1.0,0.462,0.4,0.9,0.435,0.6,1.1,0.538,0.3,0.7,0.5,1.3,4.2,0.302,0.0,0.0,0.0,0.9,1.7,0.524
2025-26,203507,Giannis Antetokounmpo,1610612749,MIL,31.0,Giannis,9.4,12.1,0.777,0.5,1.4,0.375,0.5,2.4,0.22,0.0,0.0,0.0,0.0,0.0,0.0,0.6,1.4,0.435,0.0,0.0,0.0,0.0,0.0,0.0
2025-26,1629048,Goga Bitadze,1610612753,ORL,26.0,Goga,2.1,2.5,0.828,0.3,0.4,0.7,0.0,0.1,0.0,0.0,0.0,1.0,0.0,0.0,0.0,0.0,0.2,0.2,0.0,0.0,0.0,0.0,0.1,0.5
2025-26,1641711,Gradey Dick,1610612761,TOR,22.0,Gradey,0.8,1.2,0.645,0.1,0.5,0.25,0.3,0.6,0.5,0.3,0.6,0.429,0.3,0.5,0.583,0.4,1.8,0.217,0.0,0.0,0.0,0.5,1.1,0.5
2025-26,1628960,Grayson Allen,1610612756,PHX,30.0,Grayson,1.3,1.9,0.677,0.9,2.5,0.35,0.2,0.3,0.6,0.3,0.6,0.4,0.2,0.7,0.273,3.0,7.2,0.417,0.0,0.0,0.0,0.4,1.3,0.333
2025-26,1627824,Guerschon Yabusele,1610612752,NYK,29.0,Guerschon,0.5,0.7,0.667,0.1,0.2,0.5,0.0,0.1,0.5,0.2,0.5,0.333,0.1,0.4,0.333,0.3,1.1,0.28,0.0,0.0,0.0,0.3,0.8,0.333
2025-26,1630611,Gui Santos,1610612744,GSW,23.0,Gui,0.6,0.9,0.588,0.1,0.1,1.0,0.0,0.1,0.0,0.1,0.4,0.25,0.2,0.3,0.5,0.3,1.4,0.24,0.0,0.0,0.0,0.2,0.6,0.375
2025-26,203084,Harrison Barnes,1610612759,SAS,33.0,Harrison,1.2,1.7,0.711,0.7,1.5,0.441,0.3,0.5,0.5,0.6,1.3,0.483,0.5,1.3,0.414,1.1,2.8,0.403,0.0,0.0,0.0,1.2,2.6,0.448
2025-26,1631127,Harrison Ingram,1610612759,SAS,23.0,Harrison,0.3,0.3,1.0,0.0,0.3,0.0,0.0,0.0,0.0,,,,0.0,0.0,0.0,0.3,0.3,1.0,0.0,0.0,0.0,0.0,0.0,0.0
2025-26,1630529,Herbert Jones,1610612740,NOP,27.0,Herbert,1.1,2.4,0.462,0.4,1.2,0.368,0.3,0.8,0.385,0.2,0.6,0.333,0.4,1.0,0.4,1.0,2.9,0.348,0.0,0.0,0.0,0.6,1.5,0.375
2025-26,1642864,Hugo González,1610612738,BOS,19.0,Hugo,0.7,1.1,0.7,0.2,0.4,0.375,0.1,0.3,0.2,0.1,0.3,0.5,0.2,0.2,0.667,0.3,0.6,0.417,0.0,0.0,0.0,0.2,0.4,0.571
2025-26,1630621,Hunter Dickinson,1610612740,NOP,25.0,Hunter,0.0,0.0,0.0,1.0,1.0,1.0,0.0,1.0,0.0,0.0,0.0,0.0,,,,0.0,0.0,0.0,0.0,0.0,0.0,0.0,0.0,0.0
2025-26,1642282,Hunter Sallis,1610612755,PHI,22.0,Hunter,0.4,0.6,0.667,0.3,0.5,0.5,0.0,0.0,0.0,0.0,0.0,0.0,0.0,0.0,0.0,0.0,0.0,0.0,,,,0.0,0.0,0.0
2025-26,1641816,Hunter Tyson,1610612743,DEN,25.0,Hunter,0.0,0.3,0.0,0.0,0.1,0.0,0.0,0.2,0.0,0.0,0.3,0.0,0.0,0.3,0.0,0.0,0.4,0.0,0.0,0.0,0.0,0.0,0.3,0.0
2025-26,1630193,Immanuel Quickley,1610612761,TOR,26.0,Immanuel,1.3,1.9,0.681,1.8,3.2,0.556,0.4,1.1,0.393,0.0,0.2,0.25,0.1,0.5,0.154,2.4,5.9,0.405,0.0,0.0,0.0,0.1,0.7,0.176
2025-26,1642403,Isaac Jones,1610612765,DET,25.0,Isaac,0.5,0.5,1.0,0.0,0.0,0.0,0.0,0.0,0.0,0.0,0.5,0.0,,,,0.0,0.3,0.0,0.0,0.0,0.0,0.0,0.5,0.0
2025-26,1630171,Isaac Okoro,1610612741,CHI,24.0,Isaac,1.7,3.1,0.543,0.1,0.3,0.5,0.0,0.1,0.0,0.5,1.2,0.389,0.4,1.0,0.4,0.3,0.9,0.357,0.0,0.0,0.0,0.9,2.2,0.394
2025-26,1642268,Isaiah Collier,1610612762,UTA,21.0,Isaiah,1.1,1.5,0.727,1.0,2.3,0.441,0.0,0.1,0.0,0.1,0.1,0.5,0.0,0.1,0.0,0.3,0.7,0.4,0.0,0.0,0.0,0.1,0.2,0.333
2025-26,1642384,Isaiah Crawford,1610612745,HOU,24.0,Isaiah,0.0,0.0,0.0,0.0,0.0,0.0,,,,0.0,0.5,0.0,,,,0.0,0.0,0.0,,,,0.0,0.5,0.0
2025-26,1628392,Isaiah Hartenstein,1610612760,OKC,27.0,Isaiah,3.8,4.7,0.811,1.2,2.5,0.479,0.2,0.4,0.571,0.0,0.1,0.0,0.0,0.0,0.0,0.0,0.1,0.0,0.0,0.0,0.0,0.0,0.1,0.0
2025-26,1630543,Isaiah Jackson,1610612754,IND,23.0,Isaiah,2.5,3.6,0.69,0.5,1.2,0.429,0.0,0.2,0.0,0.0,0.0,0.0,0.0,0.0,0.0,0.0,0.0,0.0,0.0,0.0,0.0,0.0,0.0,0.0
2025-26,1630198,Isaiah Joe,1610612760,OKC,26.0,Isaiah,0.6,0.8,0.769,0.3,0.5,0.625,0.2,0.5,0.333,0.6,1.4,0.417,0.4,0.8,0.462,1.9,4.7,0.413,0.0,0.0,0.0,0.9,2.2,0.432
2025-26,1630587,Isaiah Livers,1610612756,PHX,27.0,Isaiah,0.2,0.3,0.75,0.0,0.1,0.0,0.0,0.0,0.0,0.2,0.6,0.286,0.1,0.4,0.25,0.3,1.0,0.308,0.0,0.0,0.0,0.3,0.9,0.273
2025-26,1630191,Isaiah Stewart,1610612765,DET,24.0,Isaiah,2.3,3.1,0.727,0.5,1.4,0.333,0.0,0.0,0.0,0.3,0.7,0.467,0.2,0.4,0.556,0.4,1.3,0.333,0.0,0.0,0.0,0.6,1.1,0.5
2025-26,1627826,Ivica Zubac,1610612746,LAC,28.0,Ivica,4.5,6.4,0.712,2.4,5.0,0.479,0.1,0.3,0.25,0.0,0.0,0.0,0.0,0.0,0.0,0.0,0.0,0.0,0.0,0.0,0.0,0.0,0.0,0.0
2025-26,1631120,JD Davison,1610612745,HOU,23.0,JD,0.3,0.4,0.75,0.0,0.1,0.0,0.1,0.3,0.333,0.0,0.3,0.0,0.0,0.1,0.0,0.4,0.5,0.667,0.0,0.0,0.0,0.0,0.3,0.0
2025-26,1629630,Ja Morant,1610612763,MEM,26.0,Ja,1.8,3.2,0.553,2.5,6.0,0.417,0.8,2.1,0.36,0.1,0.2,0.5,0.3,0.6,0.571,0.4,4.3,0.098,0.0,0.0,0.0,0.4,0.8,0.556
2025-26,1642266,Ja'Kobe Walter,1610612761,TOR,21.0,Ja'Kobe,0.5,1.0,0.524,0.2,0.5,0.4,0.0,0.2,0.0,0.2,0.4,0.5,0.4,0.8,0.533,0.5,1.8,0.308,0.0,0.0,0.0,0.5,1.0,0.522
2025-26,1631095,Jabari Smith Jr.,1610612745,HOU,22.0,Jabari,1.8,2.6,0.686,1.3,2.4,0.553,0.4,1.6,0.258,0.6,1.3,0.458,0.3,1.1,0.286,1.2,3.3,0.354,0.0,0.0,0.0,0.9,2.3,0.378
2025-26,1631133,Jabari Walker,1610612755,PHI,23.0,Jabari,1.1,1.9,0.61,0.0,0.2,0.0,0.0,0.1,0.5,0.2,0.4,0.375,0.1,0.5,0.222,0.3,0.8,0.389,0.0,0.0,0.0,0.2,0.8,0.294
2025-26,1631210,Jacob Toppin,1610612737,ATL,25.0,Jacob,0.6,0.6,1.0,0.3,0.5,0.5,0.0,0.3,0.0,0.0,0.0,0.0,0.0,0.0,0.0,0.0,0.0,0.0,0.0,0.0,0.0,0.0,0.0,0.0
2025-26,1630702,Jaden Hardy,1610612742,DAL,23.0,Jaden,0.2,0.5,0.333,0.4,1.1,0.4,0.1,0.3,0.333,0.2,0.5,0.429,0.2,0.6,0.375,1.0,2.3,0.422,0.0,0.0,0.0,0.4,0.9,0.4
2025-26,1631093,Jaden Ivey,1610612765,DET,23.0,Jaden,0.7,1.9,0.353,0.3,0.7,0.5,0.3,0.4,0.75,0.1,0.5,0.25,0.1,0.1,1.0,0.9,2.1,0.421,0.0,0.0,0.0,0.2,0.6,0.4
2025-26,1630183,Jaden McDaniels,1610612750,MIN,25.0,Jaden,2.3,3.3,0.711,1.6,3.5,0.45,0.5,1.2,0.429,0.3,0.9,0.333,0.5,0.8,0.611,0.8,1.7,0.45,0.0,0.0,0.0,0.8,1.7,0.462
2025-26,1630256,Jae'Sean Tate,1610612745,HOU,30.0,Jae'Sean,0.5,0.7,0.667,0.4,0.7,0.556,0.1,0.2,0.5,0.3,0.6,0.6,0.0,0.0,0.0,0.1,0.5,0.286,0.0,0.0,0.0,0.3,0.4,0.6
2025-26,1642942,Jahmai Mashack,1610612763,MEM,23.0,Jahmai,0.0,0.0,0.0,0.0,0.5,0.0,0.0,0.0,0.0,0.0,0.0,0.0,1.0,1.0,1.0,0.5,1.5,0.333,0.0,0.0,0.0,1.0,1.0,1.0
2025-26,1642443,Jahmir Young,1610612748,MIA,25.0,Jahmir,0.2,0.8,0.25,0.3,0.3,1.0,0.0,0.3,0.0,0.3,0.5,0.5,0.0,0.0,0.0,0.2,0.6,0.333,0.0,0.0,0.0,0.3,0.5,0.5
2025-26,1643141,Jahmyl Telfort,1610612746,LAC,24.0,Jahmyl,0.0,0.0,0.0,0.0,0.0,0.0,0.0,0.0,0.0,0.0,0.3,0.0,0.0,0.2,0.0,0.0,0.3,0.0,0.0,0.0,0.0,0.0,0.3,0.0
2025-26,1631170,Jaime Jaquez Jr.,1610612748,MIA,24.0,Jaime,3.7,5.3,0.711,1.9,4.7,0.402,0.3,0.8,0.444,0.1,0.3,0.286,0.0,0.0,0.0,0.3,1.2,0.222,0.0,0.0,0.0,0.1,0.3,0.25
2025-26,1631222,Jake LaRavia,1610612747,LAL,24.0,Jake,1.7,2.5,0.702,0.5,1.4,0.333,0.0,0.1,0.333,0.2,0.6,0.357,0.2,0.6,0.357,0.6,1.7,0.325,0.0,0.0,0.0,0.4,1.2,0.357
2025-26,1627751,Jakob Poeltl,1610612761,TOR,30.0,Jakob,3.4,4.2,0.803,0.7,1.7,0.433,0.2,0.4,0.571,0.0,0.0,0.0,0.0,0.0,0.0,0.0,0.0,0.0,0.0,0.0,0.0,0.0,0.0,0.0
2025-26,1628973,Jalen Brunson,1610612752,NYK,29.0,Jalen,2.6,3.9,0.671,2.6,5.7,0.462,1.9,3.8,0.5,0.2,0.5,0.4,0.4,0.8,0.563,2.0,6.2,0.331,0.0,0.0,0.0,0.6,1.2,0.5
2025-26,1631105,Jalen Duren,1610612765,DET,22.0,Jalen,5.1,7.5,0.682,1.6,2.7,0.579,0.2,0.3,0.667,0.0,0.0,0.0,0.0,0.0,0.0,0.0,0.0,0.0,0.0,0.0,0.0,0.0,0.0,0.0
2025-26,1630224,Jalen Green,1610612756,PHX,23.0,Jalen,1.0,2.5,0.4,0.0,0.5,0.0,1.5,1.5,1.0,1.0,1.0,1.0,0.0,0.0,0.0,2.0,6.0,0.333,0.0,0.0,0.0,1.0,1.0,1.0
2025-26,1630552,Jalen Johnson,1610612737,ATL,23.0,Jalen,4.5,6.2,0.73,1.6,4.0,0.398,0.7,1.5,0.441,0.0,0.1,0.0,0.2,0.5,0.4,1.5,3.5,0.416,0.0,0.0,0.0,0.2,0.5,0.333
2025-26,1629618,Jalen Pickett,1610612743,DEN,26.0,Jalen,0.4,0.8,0.5,0.1,0.1,1.0,0.1,0.3,0.5,0.0,0.1,0.0,0.0,0.0,0.0,0.4,0.9,0.444,0.0,0.0,0.0,0.0,0.1,0.0
2025-26,1630188,Jalen Smith,1610612741,CHI,25.0,Jalen,1.9,2.8,0.686,0.1,0.4,0.286,0.1,0.2,0.333,0.2,0.3,0.6,0.2,0.6,0.3,1.3,3.4,0.371,0.0,0.0,0.0,0.3,0.8,0.4
2025-26,1630591,Jalen Suggs,1610612753,ORL,24.0,Jalen,1.9,2.6,0.735,0.6,1.5,0.393,0.6,1.2,0.545,0.3,0.5,0.5,0.2,0.4,0.571,1.5,5.0,0.295,0.0,0.0,0.0,0.5,0.9,0.529
2025-26,1631114,Jalen Williams,1610612760,OKC,24.0,Jalen,2.2,4.0,0.55,3.6,6.8,0.529,0.6,2.2,0.273,0.0,0.2,0.0,0.0,0.2,0.0,0.6,1.8,0.333,0.0,0.0,0.0,0.0,0.4,0.0
2025-26,1630592,Jalen Wilson,1610612751,BKN,25.0,Jalen,0.2,0.5,0.333,0.3,0.7,0.462,0.1,0.2,0.333,0.2,0.6,0.375,0.1,0.4,0.167,0.8,2.2,0.35,0.0,0.0,0.0,0.3,0.9,0.286
2025-26,1631288,Jamal Cain,1610612753,ORL,26.0,Jamal,0.0,0.3,0.0,0.3,0.3,1.0,0.5,0.5,1.0,0.0,1.0,0.0,0.0,0.3,0.0,0.3,0.5,0.5,0.0,0.0,0.0,0.0,1.0,0.0
2025-26,1627750,Jamal Murray,1610612743,DEN,28.0,Jamal,2.2,3.5,0.628,1.6,3.5,0.462,2.0,3.5,0.551,0.1,0.3,0.333,0.0,0.2,0.25,3.1,6.8,0.453,0.0,0.0,1.0,0.1,0.5,0.3
2025-26,1642347,Jamal Shead,1610612761,TOR,23.0,Jamal,0.7,1.3,0.515,0.3,1.0,0.28,0.0,0.1,0.0,0.0,0.2,0.167,0.0,0.2,0.2,0.8,2.2,0.364,0.0,0.0,0.0,0.1,0.4,0.182
2025-26,1631123,Jamaree Bouyea,1610612756,PHX,26.0,Jamaree,1.1,1.1,1.0,0.5,1.3,0.4,0.0,0.1,0.0,0.4,0.4,1.0,0.2,0.5,0.333,0.8,1.3,0.6,0.0,0.0,0.0,0.5,0.8,0.667
2025-26,201935,James Harden,1610612746,LAC,36.0,James,2.2,3.3,0.667,1.3,3.3,0.408,0.7,1.3,0.533,0.0,0.1,0.0,0.1,0.4,0.333,3.4,9.1,0.373,0.0,0.0,0.0,0.1,0.5,0.25
2025-26,1630164,James Wiseman,1610612754,IND,24.0,James,2.0,2.0,1.0,0.0,1.0,0.0,0.0,0.0,0.0,0.0,0.0,0.0,0.0,0.0,0.0,0.0,0.0,0.0,0.0,0.0,0.0,0.0,0.0,0.0
2025-26,1642364,Jamir Watkins,1610612764,WAS,24.0,Jamir,0.8,0.8,1.0,0.0,0.3,0.0,0.0,0.0,0.0,0.0,0.2,0.0,0.0,0.6,0.0,0.1,0.1,1.0,0.0,0.0,0.0,0.0,0.8,0.0
2025-26,1642419,Jamison Battle,1610612761,TOR,24.0,Jamison,0.5,0.6,0.9,0.1,0.2,0.667,0.1,0.1,0.5,0.5,0.5,0.833,0.0,0.3,0.0,0.5,0.8,0.615,0.0,0.0,0.0,0.3,0.6,0.556
2025-26,1641716,Jarace Walker,1610612754,IND,22.0,Jarace,0.9,1.8,0.5,0.6,2.1,0.28,0.2,0.5,0.417,0.1,0.3,0.375,0.3,0.4,0.6,1.1,3.9,0.277,0.0,0.0,0.0,0.4,0.8,0.5
2025-26,1642272,Jared McCain,1610612755,PHI,21.0,Jared,0.9,1.5,0.571,0.4,1.2,0.353,0.1,0.8,0.182,0.1,0.5,0.286,0.3,0.6,0.5,1.0,2.9,0.341,0.0,0.0,0.0,0.4,1.1,0.4
2025-26,1628991,Jaren Jackson Jr.,1610612763,MEM,26.0,Jaren,1.5,2.6,0.552,2.8,4.9,0.565,0.5,1.2,0.37,0.3,0.6,0.429,0.3,0.6,0.429,1.0,3.4,0.297,0.0,0.0,0.0,0.5,1.3,0.429
2025-26,1629020,Jarred Vanderbilt,1610612747,LAL,26.0,Jarred,1.2,2.1,0.581,0.0,0.3,0.0,0.0,0.1,0.0,0.2,0.4,0.5,0.1,0.6,0.111,0.0,0.0,0.0,0.0,0.0,0.0,0.3,1.0,0.267
2025-26,1628386,Jarrett Allen,1610612739,CLE,27.0,Jarrett,3.3,4.9,0.685,1.9,4.0,0.467,0.3,0.4,0.667,0.0,0.1,0.0,0.0,0.1,0.0,0.0,0.1,0.0,0.0,0.0,0.0,0.0,0.2,0.0
2025-26,1642859,Jase Richardson,1610612753,ORL,20.0,Jase,0.5,0.9,0.583,0.3,0.5,0.5,0.1,0.2,0.5,0.3,0.3,1.0,0.1,0.5,0.25,0.2,0.6,0.375,0.0,0.0,0.0,0.3,0.6,0.5
2025-26,1642914,Javon Small,1610612763,MEM,22.0,Javon,0.4,0.6,0.75,0.1,0.7,0.2,0.0,0.0,0.0,0.0,0.1,0.0,0.0,0.0,0.0,0.9,2.6,0.333,0.0,0.0,0.0,0.0,0.1,0.0
2025-26,1631451,Javonte Cooke,1610612757,POR,26.0,Javonte,0.3,0.5,0.5,0.3,1.0,0.25,0.0,0.0,0.0,0.0,0.0,0.0,0.0,0.0,0.0,0.3,1.3,0.2,0.0,0.0,0.0,0.0,0.0,0.0
2025-26,1629750,Javonte Green,1610612765,DET,32.0,Javonte,1.1,1.6,0.667,0.2,0.6,0.267,0.1,0.3,0.25,0.2,0.5,0.5,0.2,0.5,0.333,0.5,1.7,0.3,0.0,0.0,0.0,0.4,1.0,0.409
2025-26,1629637,Jaxson Hayes,1610612747,LAL,25.0,Jaxson,1.7,2.3,0.739,0.5,0.7,0.643,0.0,0.0,0.0,0.0,0.0,0.0,0.0,0.0,0.0,0.1,0.1,1.0,0.0,0.0,0.0,0.0,0.0,0.0
2025-26,1630643,Jay Huff,1610612754,IND,28.0,Jay,1.2,1.6,0.744,0.1,0.4,0.333,0.0,0.0,0.0,0.0,0.2,0.2,0.0,0.3,0.143,1.3,3.7,0.337,0.0,0.0,0.0,0.1,0.5,0.167
2025-26,1627759,Jaylen Brown,1610612738,BOS,29.0,Jaylen,3.3,4.6,0.717,2.3,5.1,0.449,3.0,6.0,0.496,0.2,0.3,0.5,0.1,0.2,0.5,1.9,5.3,0.35,0.0,0.0,0.0,0.3,0.5,0.5
2025-26,1641740,Jaylen Clark,1610612750,MIN,24.0,Jaylen,0.8,1.2,0.63,0.1,0.5,0.3,0.0,0.1,0.333,0.3,0.8,0.333,0.3,0.6,0.429,0.1,0.5,0.273,0.0,0.0,0.0,0.5,1.5,0.375
2025-26,1642377,Jaylen Wells,1610612763,MEM,22.0,Jaylen,1.1,1.5,0.703,0.6,1.5,0.429,0.6,1.4,0.441,0.4,1.3,0.323,0.4,0.6,0.643,1.0,3.1,0.333,0.0,0.0,0.0,0.8,1.9,0.422
2025-26,1631119,Jaylin Williams,1610612760,OKC,23.0,Jaylin,0.3,0.4,0.8,0.0,0.1,0.333,0.1,0.2,0.6,0.1,0.6,0.154,0.1,0.5,0.182,1.1,3.2,0.338,0.0,0.0,0.0,0.2,1.0,0.167
2025-26,1642281,Jaylon Tyson,1610612739,CLE,23.0,Jaylon,2.2,3.3,0.677,0.6,1.3,0.44,0.1,0.4,0.286,0.7,1.2,0.565,0.4,1.1,0.333,1.2,2.4,0.479,0.0,0.0,0.0,1.0,2.2,0.455
2025-26,201145,Jeff Green,1610612745,HOU,39.0,Jeff,0.2,0.2,1.0,0.0,0.0,0.0,0.1,0.3,0.5,0.3,0.3,1.0,0.1,0.3,0.5,0.2,0.8,0.25,,,,0.3,0.4,0.75
2025-26,203924,Jerami Grant,1610612757,POR,31.0,Jerami,2.5,4.2,0.604,0.5,2.0,0.239,0.3,0.9,0.4,0.2,0.7,0.267,0.9,1.4,0.636,1.3,3.9,0.326,0.0,0.0,0.0,1.1,2.1,0.521
2025-26,1642847,Jeremiah Fears,1610612740,NOP,19.0,Jeremiah,3.0,5.1,0.577,1.3,3.4,0.383,0.4,1.4,0.265,0.1,0.3,0.333,0.1,0.3,0.333,1.1,2.9,0.371,0.0,0.0,0.0,0.2,0.5,0.333
2025-26,1630526,Jeremiah Robinson-Earl,1610612754,IND,25.0,Jeremiah,0.9,2.2,0.432,0.1,0.4,0.286,0.2,0.4,0.5,0.1,0.5,0.286,0.1,0.6,0.2,0.2,0.9,0.25,0.0,0.0,0.0,0.2,1.0,0.235
2025-26,1631110,Jeremy Sochan,1610612759,SAS,22.0,Jeremy,1.6,2.6,0.634,0.6,0.9,0.6,0.0,0.1,0.0,0.1,0.1,0.5,0.3,0.6,0.4,0.1,0.8,0.154,0.0,0.0,0.0,0.3,0.8,0.417
2025-26,1630579,Jericho Sims,1610612749,MIL,27.0,Jericho,1.1,1.3,0.87,0.2,0.2,0.75,0.0,0.0,0.0,0.0,0.0,0.0,0.0,0.0,0.0,0.0,0.0,0.0,0.0,0.0,0.0,0.0,0.0,0.0
2025-26,1641724,Jett Howard,1610612753,ORL,22.0,Jett,0.4,0.7,0.545,0.4,0.8,0.5,0.1,0.1,1.0,0.2,0.6,0.25,0.1,0.3,0.333,0.9,2.2,0.4,0.0,0.0,0.0,0.2,0.7,0.273
2025-26,1628975,Jevon Carter,1610612741,CHI,30.0,Jevon,0.3,0.8,0.364,0.1,0.2,0.333,0.1,0.4,0.4,0.5,1.3,0.412,0.3,0.4,0.8,0.9,2.5,0.371,0.0,0.0,0.0,0.8,1.6,0.5
2025-26,202710,Jimmy Butler III,1610612744,GSW,36.0,Jimmy,3.4,4.9,0.706,1.0,2.9,0.35,0.6,1.7,0.333,0.2,0.4,0.625,0.2,0.5,0.364,0.5,1.1,0.458,0.0,0.0,0.0,0.4,0.9,0.474
2025-26,1642866,Joan Beringer,1610612750,MIN,19.0,Joan,1.1,1.6,0.727,0.0,0.0,0.0,0.0,0.0,0.0,0.0,0.0,0.0,0.0,0.0,0.0,0.0,0.0,0.0,0.0,0.0,0.0,0.0,0.0,0.0
2025-26,1629111,Jock Landale,1610612763,MEM,30.0,Jock,2.1,3.3,0.646,0.9,1.8,0.488,0.2,0.5,0.417,0.1,0.3,0.333,0.1,0.1,0.667,0.9,2.0,0.429,0.0,0.0,0.0,0.2,0.4,0.444
2025-26,204060,Joe Ingles,1610612750,MIN,38.0,Joe,0.0,0.0,0.0,0.0,0.0,0.0,0.0,0.0,0.0,0.0,0.0,0.0,0.0,0.0,0.0,0.0,0.4,0.0,0.0,0.0,0.0,0.0,0.0,0.0
2025-26,203954,Joel Embiid,1610612755,PHI,31.0,Joel,2.2,3.4,0.645,0.9,2.2,0.4,2.0,4.7,0.429,0.0,0.0,0.0,0.0,0.0,0.0,1.0,4.7,0.214,0.0,0.0,0.0,0.0,0.0,0.0
2025-26,1628381,John Collins,1610612746,LAC,28.0,John,2.6,3.4,0.765,1.0,2.3,0.436,0.3,0.9,0.273,0.3,0.9,0.273,0.4,1.0,0.435,0.3,1.1,0.231,0.0,0.0,0.0,0.7,1.9,0.356
2025-26,1629723,John Konchar,1610612763,MEM,29.0,John,0.7,0.9,0.789,0.1,0.1,1.0,0.0,0.1,0.0,0.1,0.6,0.231,0.1,0.1,1.0,0.2,0.6,0.308,0.0,0.0,0.0,0.2,0.7,0.333
2025-26,1641780,Johni Broome,1610612755,PHI,23.0,Johni,0.6,2.0,0.3,0.2,1.2,0.167,0.0,0.2,0.0,0.0,0.0,0.0,0.0,0.3,0.0,0.0,0.3,0.0,0.0,0.0,0.0,0.0,0.3,0.0
2025-26,1642277,Johnny Furphy,1610612754,IND,21.0,Johnny,0.3,0.7,0.5,0.0,0.2,0.0,0.0,0.0,0.0,0.0,0.0,0.0,0.3,0.8,0.333,0.4,0.8,0.5,0.0,0.0,0.0,0.2,0.6,0.333
2025-26,1630548,Johnny Juzang,1610612750,MIN,24.0,Johnny,0.0,0.0,0.0,0.0,0.0,0.0,0.2,0.3,0.5,0.0,0.3,0.0,0.3,0.5,0.5,0.1,0.5,0.25,0.0,0.0,0.0,0.2,0.6,0.333
2025-26,202685,Jonas Valančiūnas,1610612743,DEN,33.0,Jonas,1.4,2.1,0.653,1.3,2.2,0.569,0.6,1.1,0.52,0.0,0.0,0.0,0.0,0.0,0.0,0.1,0.4,0.222,0.0,0.0,0.0,0.0,0.0,0.0
2025-26,1628371,Jonathan Isaac,1610612753,ORL,28.0,Jonathan,0.8,1.1,0.739,0.1,0.1,0.5,0.0,0.1,0.0,0.1,0.5,0.25,0.1,0.6,0.222,0.1,0.4,0.143,0.0,0.0,0.0,0.2,0.9,0.235
2025-26,1630228,Jonathan Kuminga,1610612744,GSW,23.0,Jonathan,2.2,3.5,0.633,1.1,2.8,0.383,0.3,1.1,0.263,0.4,0.9,0.4,0.1,0.4,0.167,0.5,1.7,0.31,0.0,0.0,0.0,0.4,1.2,0.333
2025-26,1642367,Jonathan Mogbo,1610612761,TOR,24.0,Jonathan,0.4,0.9,0.444,0.1,0.2,0.5,0.0,0.0,0.0,0.0,0.0,0.0,0.0,0.0,0.0,0.0,0.0,0.0,0.0,0.0,0.0,0.0,0.0,0.0
2025-26,203903,Jordan Clarkson,1610612752,NYK,33.0,Jordan,1.3,2.0,0.667,1.0,2.0,0.511,0.1,0.5,0.273,0.2,1.0,0.182,0.1,0.5,0.167,1.0,2.7,0.355,0.0,0.0,0.0,0.3,1.5,0.176
2025-26,1630692,Jordan Goodwin,1610612756,PHX,27.0,Jordan,1.3,2.1,0.636,0.6,1.3,0.444,0.2,0.8,0.235,0.4,0.8,0.438,0.2,0.6,0.364,0.8,2.3,0.327,0.0,0.0,0.0,0.6,1.4,0.407
2025-26,1641722,Jordan Hawkins,1610612740,NOP,23.0,Jordan,0.3,0.5,0.5,0.0,0.4,0.0,0.7,1.7,0.394,0.2,0.3,0.8,0.3,0.4,0.667,0.7,2.7,0.259,0.0,0.0,0.0,0.4,0.6,0.727
2025-26,1629162,Jordan McLaughlin,1610612759,SAS,29.0,Jordan,0.6,0.8,0.833,0.0,0.3,0.0,0.0,0.1,0.0,0.0,1.3,0.0,0.1,0.4,0.333,0.5,0.9,0.571,0.0,0.0,0.0,0.1,1.0,0.125
2025-26,1641757,Jordan Miller,1610612746,LAC,25.0,Jordan,0.8,1.3,0.6,0.3,1.0,0.25,0.0,0.0,0.0,0.0,0.3,0.0,0.0,0.3,0.0,1.3,2.0,0.625,0.0,0.0,0.0,0.0,0.5,0.0
2025-26,1629673,Jordan Poole,1610612740,NOP,26.0,Jordan,1.4,3.6,0.4,0.6,1.4,0.4,0.1,0.7,0.2,0.0,0.1,0.0,0.4,0.6,0.75,2.4,7.7,0.315,0.0,0.0,0.0,0.4,0.7,0.6
2025-26,1641775,Jordan Walsh,1610612738,BOS,21.0,Jordan,1.8,2.3,0.761,0.2,0.5,0.3,0.0,0.1,0.0,0.2,0.4,0.429,0.1,0.3,0.4,0.6,1.2,0.478,0.0,0.0,0.0,0.3,0.7,0.417
2025-26,1630631,Jose Alvarado,1610612740,NOP,27.0,Jose,0.8,1.3,0.655,0.6,1.4,0.438,0.0,0.1,0.5,0.3,0.7,0.467,0.1,0.8,0.188,1.4,3.4,0.41,0.0,0.0,0.0,0.5,1.4,0.323
2025-26,1630581,Josh Giddey,1610612741,CHI,23.0,Josh,3.2,5.3,0.598,1.8,3.8,0.475,0.2,1.0,0.182,0.2,0.4,0.444,0.1,0.2,0.5,1.5,4.0,0.386,0.0,0.0,0.0,0.3,0.6,0.462
2025-26,1628404,Josh Hart,1610612752,NYK,30.0,Josh,1.9,2.7,0.7,0.8,1.5,0.531,0.3,0.8,0.333,0.5,0.9,0.5,0.2,0.6,0.385,0.8,2.4,0.34,0.0,0.0,0.0,0.7,1.5,0.455
2025-26,1631169,Josh Minott,1610612738,BOS,23.0,Josh,1.2,1.5,0.794,0.2,0.8,0.278,0.0,0.1,0.0,0.1,0.6,0.25,0.4,0.7,0.571,0.8,1.7,0.462,0.0,0.0,0.0,0.5,1.1,0.423
2025-26,1629006,Josh Okogie,1610612745,HOU,27.0,Josh,0.9,1.6,0.529,0.3,0.7,0.429,0.0,0.0,0.0,0.2,0.6,0.385,0.4,1.1,0.381,0.4,1.0,0.429,0.0,0.0,0.0,0.6,1.6,0.382
2025-26,201950,Jrue Holiday,1610612757,POR,35.0,Jrue,1.9,2.8,0.676,1.3,2.9,0.457,0.3,1.0,0.333,0.3,0.6,0.429,0.2,0.3,0.5,2.2,6.2,0.351,0.0,0.0,0.0,0.4,0.9,0.455
2025-26,1630577,Julian Champagnie,1610612759,SAS,24.0,Julian,1.1,1.6,0.714,0.1,0.6,0.154,0.0,0.1,0.0,0.8,1.5,0.529,0.3,1.0,0.286,1.1,3.6,0.316,0.0,0.0,0.0,1.1,2.5,0.436
2025-26,1641763,Julian Phillips,1610612741,CHI,22.0,Julian,0.7,1.0,0.682,0.0,0.2,0.0,0.0,0.0,0.0,0.2,0.8,0.267,0.2,0.5,0.4,0.0,0.2,0.2,0.0,0.0,0.0,0.4,1.2,0.32
2025-26,1631124,Julian Strawther,1610612743,DEN,23.0,Julian,0.6,0.6,1.0,0.4,1.0,0.444,0.0,0.0,0.0,0.0,0.4,0.0,0.0,0.3,0.0,0.2,1.2,0.182,0.0,0.0,0.0,0.0,0.6,0.0
2025-26,203944,Julius Randle,1610612750,MIN,31.0,Julius,3.5,5.1,0.691,1.7,3.6,0.477,0.7,1.8,0.386,0.2,0.6,0.357,0.1,0.5,0.231,1.4,3.8,0.374,0.0,0.0,0.0,0.3,1.1,0.296
2025-26,1630551,Justin Champagnie,1610612764,WAS,24.0,Justin,1.1,1.9,0.588,0.3,0.5,0.5,0.0,0.1,0.0,0.1,0.4,0.143,0.0,0.1,0.0,0.3,0.8,0.313,0.0,0.0,0.0,0.1,0.5,0.111
2025-26,1642348,Justin Edwards,1610612755,PHI,21.0,Justin,0.5,0.8,0.667,0.4,1.0,0.368,0.1,0.3,0.4,0.2,0.6,0.364,0.1,0.3,0.4,1.0,2.8,0.358,0.0,0.0,0.0,0.3,0.9,0.375
2025-26,203994,Jusuf Nurkić,1610612762,UTA,31.0,Jusuf,1.5,2.7,0.55,1.5,2.9,0.516,0.0,0.3,0.0,0.0,0.0,0.0,0.0,0.0,0.0,0.3,1.5,0.219,0.0,0.0,0.0,0.0,0.0,0.0
2025-26,1642354,KJ Simpson,1610612766,CHA,23.0,KJ,0.6,1.5,0.412,0.5,1.4,0.4,0.1,0.5,0.2,0.1,0.2,0.5,0.2,0.2,1.0,0.5,2.1,0.261,0.0,0.0,0.0,0.3,0.4,0.75
2025-26,1626157,Karl-Anthony Towns,1610612752,NYK,30.0,Karl-Anthony,4.5,7.3,0.613,0.9,2.3,0.373,0.1,0.8,0.176,0.0,0.1,0.5,0.1,0.1,0.667,1.8,5.2,0.342,0.0,0.0,0.0,0.1,0.2,0.6
2025-26,1631255,Karlo Matković,1610612740,NOP,24.0,Karlo,1.8,2.1,0.833,0.1,0.3,0.25,0.0,0.0,0.0,0.1,0.2,0.5,0.0,0.0,0.0,0.3,0.6,0.5,0.0,0.0,0.0,0.1,0.2,0.5
2025-26,1642857,Kasparas Jakučionis,1610612748,MIA,19.0,Kasparas,,,,0.0,2.0,0.0,,,,0.0,0.0,0.0,,,,0.0,0.0,0.0,,,,0.0,0.0,0.0
2025-26,202695,Kawhi Leonard,1610612746,LAC,34.0,Kawhi,1.1,1.4,0.75,3.7,7.0,0.531,2.0,4.1,0.483,0.1,0.3,0.5,0.0,0.3,0.0,2.1,5.3,0.405,0.0,0.0,0.0,0.1,0.6,0.25
2025-26,1630811,Keaton Wallace,1610612737,ATL,26.0,Keaton,0.1,0.2,0.6,0.4,1.0,0.391,0.0,0.2,0.2,0.0,0.0,0.0,0.2,0.3,0.5,0.9,2.2,0.4,0.0,0.0,0.0,0.1,0.3,0.429
2025-26,1631099,Keegan Murray,1610612758,SAC,25.0,Keegan,1.3,1.7,0.8,2.6,4.4,0.575,0.6,1.9,0.294,0.1,0.8,0.143,0.0,0.6,0.0,1.4,4.6,0.317,0.0,0.0,0.0,0.1,1.3,0.083
2025-26,1642276,Kel'el Ware,1610612748,MIA,21.0,Kel'el,3.1,4.5,0.685,0.4,1.3,0.281,0.0,0.2,0.2,0.2,0.5,0.385,0.3,0.5,0.545,0.5,1.4,0.394,0.0,0.0,0.0,0.5,1.0,0.458
2025-26,1629640,Keldon Johnson,1610612759,SAS,26.0,Keldon,3.0,4.2,0.72,0.9,1.6,0.556,0.2,0.2,1.0,0.2,0.7,0.333,0.1,0.7,0.188,0.5,1.2,0.37,0.0,0.0,0.0,0.4,1.4,0.258
2025-26,203482,Kelly Olynyk,1610612759,SAS,34.0,Kelly,0.8,1.0,0.75,0.1,0.3,0.333,0.1,0.1,1.0,0.3,0.3,1.0,0.0,0.1,0.0,0.3,1.1,0.231,0.0,0.0,0.0,0.2,0.3,0.667
2025-26,1626162,Kelly Oubre Jr.,1610612755,PHI,30.0,Kelly,2.2,2.8,0.765,1.6,3.1,0.514,0.5,0.9,0.545,0.2,0.4,0.4,0.5,1.2,0.462,1.3,4.1,0.306,0.0,0.0,0.0,0.7,1.5,0.444
2025-26,1629026,Kenrich Williams,1610612760,OKC,31.0,Kenrich,1.0,1.5,0.667,0.3,0.7,0.5,0.0,0.2,0.0,0.0,0.0,0.0,0.3,0.3,1.0,0.7,1.5,0.444,0.0,0.0,0.0,0.3,0.3,1.0
2025-26,203484,Kentavious Caldwell-Pope,1610612763,MEM,32.0,Kentavious,0.5,1.0,0.542,0.4,1.0,0.4,0.4,1.1,0.333,0.1,0.4,0.333,0.1,0.3,0.375,0.9,2.7,0.344,0.0,0.0,0.0,0.3,0.7,0.353
2025-26,1631165,Keon Ellis,1610612758,SAC,25.0,Keon,0.3,0.4,0.8,0.1,0.5,0.273,0.0,0.3,0.167,0.3,0.7,0.467,0.2,0.6,0.364,0.8,2.1,0.375,0.0,0.0,0.0,0.5,1.1,0.423
2025-26,1642352,Keshad Johnson,1610612748,MIA,24.0,Keshad,0.7,1.4,0.462,0.1,0.7,0.167,0.1,0.1,1.0,0.3,0.4,0.667,0.0,0.4,0.0,0.2,1.0,0.222,0.0,0.0,0.0,0.3,0.8,0.333
2025-26,201142,Kevin Durant,1610612745,HOU,37.0,Kevin,1.6,2.1,0.75,2.9,5.4,0.539,2.6,5.4,0.476,0.0,0.1,0.0,0.0,0.1,0.0,1.7,4.3,0.402,0.0,0.0,0.0,0.0,0.2,0.0
2025-26,1628989,Kevin Huerter,1610612741,CHI,27.0,Kevin,2.2,2.9,0.732,0.8,1.5,0.517,0.2,0.4,0.429,0.2,0.5,0.333,0.3,0.8,0.4,0.9,3.5,0.273,0.0,0.0,0.0,0.5,1.3,0.375
2025-26,201567,Kevin Love,1610612762,UTA,37.0,Kevin,0.3,0.6,0.5,0.2,0.4,0.6,0.1,0.1,1.0,0.2,0.2,1.0,0.0,0.2,0.0,0.9,2.6,0.324,0.0,0.0,0.0,0.2,0.4,0.5
2025-26,1629645,Kevin Porter Jr.,1610612749,MIL,25.0,Kevin,2.3,3.7,0.636,0.8,1.5,0.556,0.5,2.0,0.25,0.5,1.0,0.5,0.7,0.8,0.8,2.3,3.8,0.609,0.0,0.0,0.0,1.2,1.8,0.636
2025-26,1626172,Kevon Looney,1610612740,NOP,29.0,Kevon,1.0,1.5,0.667,0.0,0.2,0.0,0.1,0.5,0.167,0.0,0.0,0.0,0.0,0.1,0.0,0.1,0.5,0.167,0.0,0.0,0.0,0.0,0.1,0.0
2025-26,1641718,Keyonte George,1610612762,UTA,22.0,Keyonte,1.3,1.9,0.698,2.5,5.4,0.468,1.0,2.3,0.444,0.1,0.3,0.286,0.3,0.7,0.412,1.7,5.3,0.32,0.0,0.0,0.0,0.4,1.0,0.375
2025-26,1642863,Khaman Maluach,1610612756,PHX,19.0,Khaman,0.4,0.6,0.667,0.0,0.1,0.0,0.0,0.0,0.0,0.0,0.0,0.0,0.0,0.2,0.0,0.0,0.2,0.0,0.0,0.0,0.0,0.0,0.1,0.0
2025-26,203114,Khris Middleton,1610612764,WAS,34.0,Khris,1.1,1.8,0.607,0.5,1.1,0.444,1.8,3.1,0.56,0.2,0.4,0.5,0.0,0.3,0.0,0.7,1.9,0.367,0.0,0.0,0.0,0.2,0.6,0.3
2025-26,202691,Klay Thompson,1610612742,DAL,35.0,Klay,0.3,0.6,0.462,0.2,0.5,0.333,0.7,1.7,0.4,0.2,0.9,0.2,0.5,1.0,0.458,2.1,5.8,0.358,0.0,0.0,0.0,0.7,1.9,0.341
2025-26,1641738,Kobe Brown,1610612746,LAC,25.0,Kobe,0.7,0.9,0.786,0.1,0.3,0.25,0.0,0.0,0.0,0.1,0.3,0.25,0.1,0.6,0.25,0.4,1.3,0.286,0.0,0.0,0.0,0.2,0.8,0.25
2025-26,1642920,Kobe Sanders,1610612746,LAC,23.0,Kobe,0.8,1.1,0.706,0.3,0.9,0.333,0.2,0.6,0.333,0.5,1.1,0.5,0.2,0.3,0.6,0.3,1.6,0.2,0.0,0.0,0.0,0.7,1.4,0.524
2025-26,1642886,Koby Brea,1610612756,PHX,23.0,Koby,0.5,0.5,1.0,0.0,0.0,0.0,0.0,0.0,0.0,0.0,0.0,0.0,0.0,0.0,0.0,0.0,1.0,0.0,0.0,0.0,0.0,0.0,0.0,0.0
2025-26,1642851,Kon Knueppel,1610612766,CHA,20.0,Kon,1.3,2.4,0.552,1.3,2.2,0.596,0.3,0.8,0.389,0.4,1.3,0.333,0.5,1.0,0.542,2.4,6.1,0.395,0.0,0.0,0.0,1.0,2.3,0.426
2025-26,1627739,Kris Dunn,1610612746,LAC,31.0,Kris,1.3,1.8,0.744,0.8,1.6,0.474,0.1,0.4,0.2,0.2,0.5,0.455,0.2,0.5,0.417,0.4,1.5,0.286,0.0,0.0,0.0,0.4,1.0,0.435
2025-26,1631200,Kris Murray,1610612757,POR,25.0,Kris,1.5,2.5,0.618,0.1,0.4,0.222,0.0,0.0,0.0,0.2,0.5,0.333,0.2,0.7,0.267,0.2,0.7,0.25,0.0,0.0,0.0,0.4,1.2,0.296
2025-26,204001,Kristaps Porziņģis,1610612737,ATL,30.0,Kristaps,1.8,2.7,0.657,1.3,2.5,0.531,1.5,2.6,0.559,0.2,0.3,0.667,0.3,0.5,0.571,1.4,4.3,0.321,0.0,0.0,0.0,0.5,0.8,0.6
2025-26,203937,Kyle Anderson,1610612762,UTA,32.0,Kyle,1.3,2.3,0.556,1.5,3.1,0.48,0.1,0.1,1.0,0.0,0.0,0.0,0.1,0.1,1.0,0.0,0.0,0.0,0.0,0.0,0.0,0.1,0.1,1.0
2025-26,1642271,Kyle Filipowski,1610612762,UTA,22.0,Kyle,1.3,2.0,0.659,1.2,2.3,0.51,0.0,0.1,0.0,0.2,0.7,0.357,0.3,0.9,0.389,0.4,1.4,0.29,0.0,0.0,0.0,0.5,1.5,0.375
2025-26,1628398,Kyle Kuzma,1610612749,MIL,30.0,Kyle,2.8,4.0,0.688,0.9,2.3,0.389,0.3,0.8,0.389,0.2,0.6,0.286,0.2,0.3,0.5,0.6,1.8,0.318,0.0,0.0,0.0,0.3,0.9,0.364
2025-26,200768,Kyle Lowry,1610612755,PHI,39.0,Kyle,0.0,0.0,0.0,0.0,0.0,0.0,0.0,0.0,0.0,0.3,0.3,1.0,0.0,0.3,0.0,0.3,0.7,0.5,0.0,0.0,0.0,0.3,0.7,0.5
2025-26,1642273,Kyshawn George,1610612764,WAS,21.0,Kyshawn,1.8,2.8,0.643,0.5,1.7,0.294,0.7,1.6,0.419,0.2,0.6,0.333,0.4,0.5,0.778,1.9,4.4,0.432,0.0,0.0,0.0,0.6,1.1,0.524
2025-26,1630163,LaMelo Ball,1610612766,CHA,24.0,LaMelo,1.9,3.1,0.633,1.9,4.9,0.397,0.4,0.8,0.462,0.4,0.8,0.538,0.1,0.4,0.167,1.9,7.4,0.263,0.0,0.0,0.0,0.5,1.2,0.421
2025-26,1642950,Lachlan Olbrich,1610612741,CHI,21.0,Lachlan,0.2,0.6,0.333,0.0,0.0,0.0,0.0,0.0,0.0,0.0,0.3,0.0,0.0,0.0,0.0,0.0,0.4,0.0,0.0,0.0,0.0,0.0,0.3,0.0
2025-26,1629013,Landry Shamet,1610612752,NYK,28.0,Landry,0.6,1.1,0.563,0.1,0.4,0.333,0.2,0.3,0.6,0.5,0.7,0.667,0.6,1.6,0.409,0.9,2.3,0.371,0.0,0.0,0.0,1.1,2.2,0.484
2025-26,1626204,Larry Nance Jr.,1610612739,CLE,32.0,Larry,0.8,1.5,0.5,0.1,0.4,0.143,0.0,0.1,0.0,0.2,0.6,0.375,0.3,0.7,0.364,0.2,0.9,0.214,0.0,0.0,0.0,0.4,1.2,0.368
2025-26,1628374,Lauri Markkanen,1610612762,UTA,28.0,Lauri,3.5,4.9,0.72,2.2,4.5,0.485,0.5,1.9,0.293,0.5,1.0,0.524,0.3,0.7,0.467,2.2,6.7,0.327,0.0,0.0,0.0,0.8,1.6,0.5
2025-26,2544,LeBron James,1610612747,LAL,40.0,LeBron,2.1,3.4,0.625,1.7,3.6,0.48,1.0,2.1,0.467,0.3,0.9,0.333,0.0,0.4,0.0,1.3,3.4,0.375,0.0,0.0,0.0,0.3,1.3,0.222
2025-26,1631159,Leonard Miller,1610612750,MIN,22.0,Leonard,0.6,0.6,1.0,0.1,0.3,0.5,0.0,0.0,0.0,0.0,0.8,0.0,0.0,0.2,0.0,0.0,0.0,0.0,0.0,0.0,0.0,0.0,0.8,0.0
2025-26,1642862,Liam McNeeley,1610612766,CHA,20.0,Liam,0.2,0.4,0.5,0.2,0.8,0.286,0.0,0.0,0.0,0.3,0.5,0.556,0.2,0.5,0.333,0.6,1.4,0.385,0.0,0.0,0.0,0.4,1.0,0.444
2025-26,1630322,Lindy Waters III,1610612759,SAS,28.0,Lindy,0.0,0.0,0.0,0.0,0.0,0.0,0.2,0.2,1.0,0.1,0.1,1.0,0.2,0.5,0.4,0.4,1.4,0.267,0.0,0.0,0.0,0.3,0.5,0.5
2025-26,1628366,Lonzo Ball,1610612739,CLE,28.0,Lonzo,0.3,0.6,0.545,0.1,0.2,0.25,0.1,0.2,0.25,0.1,0.7,0.154,0.1,0.2,0.667,1.2,4.3,0.269,0.0,0.0,0.0,0.2,0.9,0.25
2025-26,1629652,Luguentz Dort,1610612760,OKC,26.0,Luguentz,0.9,1.4,0.667,0.2,0.6,0.333,0.1,0.2,0.333,0.1,0.7,0.182,0.1,0.6,0.125,1.4,3.9,0.362,0.0,0.0,0.0,0.2,1.3,0.158
2025-26,1629029,Luka Dončić,1610612747,LAL,26.0,Luka,2.3,2.5,0.907,3.0,5.8,0.52,1.9,3.9,0.493,0.1,0.4,0.143,0.1,0.3,0.2,3.5,10.0,0.347,0.0,0.0,0.0,0.1,0.7,0.167
2025-26,1630568,Luka Garza,1610612738,BOS,26.0,Luka,0.9,1.4,0.667,0.5,0.7,0.643,0.1,0.2,0.5,0.0,0.0,0.0,0.1,0.4,0.333,0.5,1.0,0.474,0.0,0.0,0.0,0.1,0.4,0.333
2025-26,1628379,Luke Kennard,1610612737,ATL,29.0,Luke,0.5,0.9,0.55,0.3,0.8,0.412,0.4,0.5,0.727,0.2,0.5,0.455,0.4,0.6,0.571,0.9,2.2,0.396,0.0,0.0,0.0,0.6,1.1,0.52
2025-26,1628436,Luke Kornet,1610612759,SAS,30.0,Luke,2.6,3.6,0.706,0.4,0.8,0.455,0.0,0.0,0.0,0.0,0.0,0.0,0.0,0.0,0.0,0.0,0.0,0.0,0.0,0.0,0.0,0.0,0.0,0.0
2025-26,1631247,Luke Travers,1610612739,CLE,24.0,Luke,0.5,1.2,0.385,0.1,0.4,0.25,0.0,0.1,0.0,0.2,0.3,0.5,0.0,0.3,0.0,0.0,1.1,0.0,0.0,0.0,0.0,0.1,0.4,0.25
2025-26,1630644,Mac McClung,1610612754,IND,26.0,Mac,1.3,1.7,0.8,0.3,1.0,0.333,0.0,0.0,0.0,0.0,0.5,0.0,0.0,0.0,0.0,0.7,3.0,0.222,0.0,0.0,0.0,0.0,0.3,0.0
2025-26,1631103,Malaki Branham,1610612764,WAS,22.0,Malaki,0.7,0.9,0.75,0.2,0.8,0.25,0.1,0.1,1.0,0.0,0.1,0.0,0.0,0.2,0.0,0.2,0.8,0.222,0.0,0.0,0.0,0.0,0.2,0.0
2025-26,1628370,Malik Monk,1610612758,SAC,27.0,Malik,0.9,1.2,0.692,1.5,3.5,0.419,0.6,1.4,0.4,0.1,0.3,0.286,0.1,0.4,0.222,1.6,3.8,0.425,0.0,0.0,0.0,0.2,0.8,0.25
2025-26,1631204,Marcus Sasser,1610612765,DET,25.0,Marcus,0.0,0.0,0.0,0.0,0.0,0.0,0.0,0.0,0.0,,,,,,,0.0,1.0,0.0,0.0,0.0,0.0,,,
2025-26,203935,Marcus Smart,1610612747,LAL,31.0,Marcus,0.9,1.2,0.765,0.6,1.1,0.6,0.3,0.6,0.5,0.4,0.7,0.5,0.0,0.2,0.0,0.8,3.6,0.22,0.0,0.0,0.0,0.4,0.9,0.385
2025-26,1641813,Mark Sears,1610612749,MIL,23.0,Mark,0.2,0.2,1.0,0.2,0.5,0.333,0.0,0.2,0.0,0.0,0.0,0.0,0.0,0.0,0.0,0.6,1.1,0.5,0.0,0.0,0.0,0.0,0.0,0.0
2025-26,1631109,Mark Williams,1610612756,PHX,23.0,Mark,3.6,4.7,0.766,1.4,2.9,0.483,0.2,0.3,0.6,0.0,0.0,0.0,0.1,0.1,1.0,0.0,0.0,0.0,0.0,0.0,0.0,0.1,0.1,1.0
2025-26,1628963,Marvin Bagley III,1610612764,WAS,26.0,Marvin,2.8,4.1,0.685,0.4,1.2,0.381,0.1,0.1,1.0,0.1,0.1,0.5,0.0,0.0,0.0,0.2,0.4,0.429,0.0,0.0,0.0,0.1,0.1,0.5
2025-26,203486,Mason Plumlee,1610612766,CHA,35.0,Mason,0.5,0.6,0.833,0.0,0.0,0.0,0.0,0.0,0.0,0.0,0.0,0.0,0.0,0.0,0.0,0.0,0.0,0.0,0.0,0.0,0.0,0.0,0.0,0.0
2025-26,1641824,Matas Buzelis,1610612741,CHI,21.0,Matas,3.0,4.8,0.613,0.4,1.2,0.37,0.1,0.3,0.5,0.3,1.0,0.348,0.2,0.7,0.267,1.0,3.0,0.338,0.0,0.0,0.0,0.5,1.7,0.316
2025-26,1629680,Matisse Thybulle,1610612757,POR,28.0,Matisse,0.5,1.0,0.5,0.0,0.0,0.0,0.0,0.0,0.0,0.0,0.0,0.0,0.0,0.0,0.0,1.0,1.5,0.667,0.0,0.0,0.0,0.0,0.0,0.0
2025-26,1631108,Max Christie,1610612742,DAL,22.0,Max,1.1,1.6,0.692,0.4,1.1,0.37,0.1,0.3,0.25,0.8,1.4,0.556,0.5,1.0,0.5,1.2,2.9,0.411,0.0,0.0,0.0,1.3,2.4,0.533
2025-26,1628467,Maxi Kleber,1610612747,LAL,33.0,Maxi,0.1,0.3,0.333,0.1,0.2,0.5,0.1,0.2,0.5,0.0,0.1,0.0,0.0,0.0,0.0,0.3,0.7,0.429,0.0,0.0,0.0,0.0,0.1,0.0
2025-26,1642875,Maxime Raynaud,1610612758,SAC,22.0,Maxime,1.5,2.1,0.727,1.4,3.1,0.449,0.1,0.3,0.5,0.1,0.2,0.333,0.0,0.2,0.0,0.2,0.5,0.375,0.0,0.0,0.0,0.1,0.4,0.2
2025-26,1642877,Micah Peavy,1610612740,NOP,24.0,Micah,1.4,2.3,0.609,0.3,1.1,0.286,0.1,0.2,0.333,0.1,0.3,0.167,0.1,0.6,0.182,0.2,0.8,0.2,0.0,0.0,0.0,0.2,0.9,0.176
2025-26,1629008,Michael Porter Jr.,1610612751,BKN,27.0,Michael,3.4,4.1,0.831,1.0,2.4,0.422,1.4,3.3,0.419,0.2,0.8,0.2,0.3,0.6,0.5,3.1,7.6,0.403,0.0,0.0,0.0,0.5,1.4,0.333
2025-26,1628969,Mikal Bridges,1610612752,NYK,29.0,Mikal,2.7,3.3,0.803,0.8,1.9,0.432,0.7,1.5,0.486,0.2,0.6,0.385,0.8,1.7,0.5,1.2,3.3,0.373,0.0,0.0,0.0,1.0,2.2,0.471
2025-26,201144,Mike Conley,1610612750,MIN,38.0,Mike,0.3,0.6,0.429,0.2,0.6,0.286,0.0,0.1,0.333,0.2,0.4,0.444,0.1,0.3,0.375,0.8,2.3,0.352,0.0,0.0,0.0,0.3,0.7,0.412
2025-26,1628970,Miles Bridges,1610612766,CHA,27.0,Miles,2.7,4.6,0.591,2.0,4.2,0.465,0.2,0.5,0.385,0.3,1.2,0.286,0.4,1.1,0.37,1.6,5.4,0.3,0.0,0.0,0.0,0.8,2.3,0.327
2025-26,1642939,Miles Kelly,1610612742,DAL,22.0,Miles,0.0,0.0,0.0,0.5,0.5,1.0,0.0,0.0,0.0,0.0,1.0,0.0,0.0,0.0,0.0,0.0,0.0,0.0,0.0,0.0,0.0,0.0,0.5,0.0
2025-26,1630540,Miles McBride,1610612752,NYK,25.0,Miles,0.7,1.0,0.7,0.2,0.7,0.214,0.4,1.2,0.304,0.4,1.1,0.381,0.4,0.8,0.438,2.0,4.4,0.46,0.0,0.0,0.0,0.8,1.9,0.405
2025-26,1629011,Mitchell Robinson,1610612752,NYK,27.0,Mitchell,1.7,2.5,0.658,0.1,0.1,1.0,0.0,0.0,0.0,0.0,0.0,0.0,0.0,0.0,0.0,0.0,0.0,0.0,0.0,0.0,0.0,0.0,0.0,0.0
2025-26,1642885,Mohamed Diawara,1610612752,NYK,20.0,Mohamed,0.1,0.3,0.5,0.0,0.1,0.0,0.1,0.2,0.5,0.0,0.0,0.0,0.0,0.0,0.0,0.1,0.4,0.333,0.0,0.0,0.0,0.0,0.0,0.0
2025-26,1628420,Monte Morris,1610612754,IND,30.0,Monte,0.7,1.0,0.667,0.2,0.8,0.2,0.0,0.2,0.0,0.0,0.4,0.0,0.0,0.2,0.0,0.3,0.8,0.4,0.0,0.0,0.0,0.0,0.5,0.0
2025-26,1630541,Moses Moody,1610612744,GSW,23.0,Moses,0.9,1.3,0.724,0.2,1.1,0.192,0.1,0.4,0.222,0.3,1.2,0.259,0.4,0.7,0.6,1.7,4.4,0.396,0.0,0.0,0.0,0.7,1.8,0.381
2025-26,1631243,Mouhamed Gueye,1610612737,ATL,23.0,Mouhamed,1.5,1.7,0.86,0.3,0.9,0.364,0.1,0.2,0.333,0.3,1.0,0.25,0.2,0.7,0.25,0.2,0.5,0.333,0.0,0.0,0.0,0.4,1.6,0.25
2025-26,1630619,Moussa Cisse,1610612742,DAL,23.0,Moussa,1.2,1.8,0.677,0.0,0.2,0.0,0.0,0.0,0.0,0.0,0.0,0.0,0.0,0.0,0.0,0.0,0.0,0.0,0.0,0.0,0.0,0.0,0.0,0.0
2025-26,1631217,Moussa Diabaté,1610612766,CHA,23.0,Moussa,2.7,4.0,0.692,0.5,1.1,0.44,0.0,0.1,0.5,0.0,0.0,0.0,0.0,0.0,0.0,0.0,0.0,0.0,0.0,0.0,0.0,0.0,0.0,0.0
2025-26,1626167,Myles Turner,1610612749,MIL,29.0,Myles,1.0,1.7,0.605,0.5,1.1,0.429,0.4,0.8,0.429,0.2,0.4,0.444,0.3,0.6,0.5,1.8,4.9,0.374,0.0,0.0,0.0,0.5,1.0,0.48
2025-26,1642066,Myron Gardner,1610612748,MIA,24.0,Myron,0.0,0.0,0.0,0.0,0.0,0.0,0.0,0.0,0.0,0.0,0.0,0.0,0.0,0.0,0.0,0.5,0.5,1.0,0.0,0.0,0.0,0.0,0.0,0.0
2025-26,1642368,N'Faly Dante,1610612737,ATL,24.0,N'Faly,0.3,0.5,0.5,0.0,0.3,0.0,0.0,0.3,0.0,0.0,0.0,0.0,0.0,0.0,0.0,0.0,0.0,0.0,0.0,0.0,0.0,0.0,0.0,0.0
2025-26,1641772,Nae'Qwan Tomlin,1610612739,CLE,24.0,Nae'Qwan,2.4,3.5,0.692,0.2,0.5,0.375,0.0,0.0,0.0,0.0,0.4,0.0,0.1,0.7,0.182,0.3,0.9,0.267,0.0,0.0,0.0,0.1,1.1,0.118
2025-26,1630230,Naji Marshall,1610612742,DAL,27.0,Naji,1.8,2.4,0.763,1.2,2.1,0.596,0.2,0.7,0.353,0.2,0.8,0.286,0.3,0.8,0.35,0.4,1.4,0.306,0.0,0.0,0.0,0.5,1.6,0.317
2025-26,1629675,Naz Reid,1610612750,MIN,26.0,Naz,1.2,1.9,0.644,1.5,2.9,0.529,0.0,0.3,0.0,0.6,1.4,0.424,0.5,1.2,0.429,1.3,3.5,0.353,0.0,0.0,0.0,1.1,2.5,0.426
2025-26,1629674,Neemias Queta,1610612738,BOS,26.0,Neemias,3.6,4.8,0.762,0.8,1.6,0.514,0.0,0.3,0.0,0.0,0.0,0.0,0.0,0.0,0.0,0.0,0.1,0.0,0.0,0.0,0.0,0.0,0.0,0.0
2025-26,1629651,Nic Claxton,1610612751,BKN,26.0,Nic,3.7,5.4,0.688,1.1,2.8,0.391,0.3,0.5,0.5,0.0,0.0,0.0,0.0,0.0,0.0,0.0,0.4,0.1,0.0,0.0,0.0,0.0,0.0,0.0
2025-26,1630208,Nick Richards,1610612756,PHX,28.0,Nick,0.8,1.4,0.567,0.6,1.1,0.52,0.0,0.2,0.2,0.0,0.0,0.0,0.0,0.0,0.0,0.0,0.0,0.0,0.0,0.0,0.0,0.0,0.0,0.0
2025-26,1641733,Nick Smith Jr.,1610612747,LAL,21.0,Nick,0.3,0.4,0.75,0.8,1.8,0.438,0.2,0.8,0.286,0.0,0.1,0.0,0.1,0.1,1.0,1.4,3.0,0.481,0.0,0.0,0.0,0.1,0.3,0.5
2025-26,1629638,Nickeil Alexander-Walker,1610612737,ATL,27.0,Nickeil,3.0,4.4,0.673,0.7,2.0,0.333,0.6,1.4,0.424,0.7,1.3,0.517,0.4,0.8,0.474,1.8,5.3,0.347,0.0,0.0,0.0,1.0,2.1,0.5
2025-26,201587,Nicolas Batum,1610612746,LAC,36.0,Nicolas,0.0,0.1,0.5,0.0,0.0,0.0,0.0,0.1,0.333,0.4,0.8,0.45,0.3,0.9,0.368,0.7,1.9,0.348,0.0,0.0,0.0,0.7,1.6,0.41
2025-26,1628502,Nigel Hayes-Davis,1610612756,PHX,30.0,Nigel,0.1,0.1,0.5,0.5,1.0,0.529,0.1,0.3,0.2,0.0,0.2,0.0,0.0,0.2,0.0,0.1,0.4,0.143,0.0,0.0,0.0,0.0,0.4,0.0
2025-26,203999,Nikola Jokić,1610612743,DEN,30.0,Nikola,4.1,5.2,0.792,3.3,5.2,0.63,1.0,1.7,0.59,0.0,0.0,0.0,0.1,0.2,0.5,2.0,4.9,0.411,0.0,0.0,0.0,0.1,0.2,0.5
2025-26,1631107,Nikola Jović,1610612748,MIA,22.0,Nikola,1.0,1.7,0.586,0.6,1.3,0.417,0.1,0.3,0.4,0.1,0.3,0.167,0.1,0.4,0.143,0.8,2.6,0.319,0.0,0.0,0.0,0.1,0.7,0.154
2025-26,202696,Nikola Vučević,1610612741,CHI,35.0,Nikola,1.6,2.9,0.571,2.3,4.3,0.543,0.5,1.1,0.44,0.0,0.2,0.2,0.1,0.3,0.286,1.7,4.4,0.396,0.0,0.0,0.0,0.1,0.5,0.25
2025-26,1642363,Nique Clifford,1610612758,SAC,23.0,Nique,0.8,0.9,0.889,0.2,1.1,0.19,0.1,0.5,0.222,0.1,0.2,0.333,0.1,0.4,0.286,0.4,1.2,0.348,0.0,0.0,0.0,0.2,0.5,0.3
2025-26,1642855,Noa Essengue,1610612741,CHI,18.0,Noa,0.0,0.5,0.0,0.0,0.0,0.0,0.0,0.0,0.0,0.0,1.0,0.0,0.0,0.0,0.0,0.0,0.5,0.0,,,,0.0,0.5,0.0
2025-26,1641730,Noah Clowney,1610612751,BKN,21.0,Noah,1.0,1.7,0.59,0.5,1.1,0.462,0.1,0.2,0.6,0.6,0.8,0.684,0.4,1.2,0.37,1.3,4.4,0.294,0.0,0.0,0.0,1.0,2.0,0.5
2025-26,1642869,Noah Penda,1610612753,ORL,20.0,Noah,0.8,1.5,0.5,0.2,0.6,0.286,0.0,0.0,0.0,0.1,0.1,1.0,0.1,0.1,1.0,0.3,0.7,0.5,0.0,0.0,0.0,0.2,0.2,1.0
2025-26,1642849,Nolan Traore,1610612751,BKN,19.0,Nolan,0.0,0.5,0.0,0.0,0.3,0.0,0.0,0.0,0.0,0.0,0.3,0.0,0.0,0.7,0.0,0.5,0.8,0.667,0.0,0.0,0.0,0.0,1.0,0.0
2025-26,1626181,Norman Powell,1610612748,MIA,32.0,Norman,2.9,4.5,0.659,1.6,3.5,0.455,0.6,1.5,0.429,0.4,1.0,0.421,0.3,0.6,0.417,2.3,5.1,0.454,0.0,0.0,0.0,0.7,1.6,0.419
2025-26,1628384,OG Anunoby,1610612752,NYK,28.0,OG,3.1,4.6,0.662,0.1,0.6,0.111,0.1,0.5,0.286,0.8,1.4,0.55,0.8,1.7,0.458,1.0,3.1,0.318,0.0,0.0,0.0,1.6,3.1,0.5
2025-26,1630167,Obi Toppin,1610612754,IND,27.0,Obi,2.7,4.0,0.667,1.0,1.3,0.75,0.3,1.0,0.333,0.0,1.3,0.0,0.0,0.0,0.0,1.0,4.3,0.231,0.0,0.0,0.0,0.0,1.3,0.0
2025-26,1630534,Ochai Agbaji,1610612761,TOR,25.0,Ochai,1.3,2.2,0.595,0.0,0.2,0.0,0.0,0.0,0.0,0.0,0.3,0.0,0.1,0.3,0.2,0.1,0.6,0.1,0.0,0.0,0.0,0.1,0.6,0.1
2025-26,1641765,Olivier-Maxence Prosper,1610612763,MEM,23.0,Olivier-Maxence,0.8,1.5,0.529,0.3,0.8,0.444,0.1,0.2,0.5,0.0,0.4,0.0,0.0,0.1,0.0,0.1,0.3,0.25,0.0,0.0,0.0,0.0,0.5,0.0
2025-26,1630168,Onyeka Okongwu,1610612737,ATL,24.0,Onyeka,2.8,3.7,0.75,1.5,3.2,0.461,0.1,0.1,1.0,0.3,1.0,0.348,0.3,0.8,0.444,1.2,3.5,0.337,0.0,0.0,0.0,0.7,1.7,0.39
2025-26,1631115,Orlando Robinson,1610612753,ORL,25.0,Orlando,0.7,0.7,1.0,0.0,0.0,0.0,0.0,0.5,0.0,0.0,0.0,0.0,0.0,0.0,0.0,0.3,0.7,0.5,,,,0.0,0.0,0.0
2025-26,1642345,Oso Ighodaro,1610612756,PHX,23.0,Oso,1.5,1.8,0.833,0.8,1.9,0.413,0.0,0.0,0.0,0.0,0.0,0.0,0.0,0.0,0.0,0.0,0.0,0.0,0.0,0.0,0.0,0.0,0.0,0.0
2025-26,1631172,Ousmane Dieng,1610612760,OKC,22.0,Ousmane,0.3,0.4,0.714,0.3,0.9,0.333,0.1,0.4,0.4,0.0,0.3,0.0,0.2,0.3,0.75,0.5,1.3,0.4,0.0,0.0,0.0,0.2,0.5,0.375
2025-26,1629023,P.J. Washington,1610612742,DAL,27.0,P.J.,2.4,3.8,0.627,1.7,4.0,0.418,0.3,0.8,0.313,0.4,1.3,0.32,0.4,0.7,0.5,0.9,2.9,0.298,0.0,0.0,0.0,0.8,2.0,0.385
2025-26,1641790,PJ Hall,1610612763,MEM,23.0,PJ,0.6,0.8,0.75,0.2,0.4,0.5,0.0,0.0,0.0,0.0,0.2,0.0,0.0,0.0,0.0,0.2,0.4,0.5,0.0,0.0,0.0,0.0,0.2,0.0
2025-26,1642359,Pacôme Dadiet,1610612752,NYK,20.0,Pacôme,0.1,0.1,1.0,0.0,0.0,0.0,0.0,0.5,0.0,0.0,0.0,0.0,0.0,0.0,0.0,0.0,0.4,0.0,0.0,0.0,0.0,0.0,0.0,0.0
2025-26,1631094,Paolo Banchero,1610612753,ORL,23.0,Paolo,2.9,4.4,0.661,1.4,3.2,0.444,0.9,2.7,0.342,0.0,0.2,0.0,0.1,0.2,0.333,1.0,3.4,0.298,0.0,0.0,0.0,0.1,0.4,0.2
2025-26,1627783,Pascal Siakam,1610612754,IND,31.0,Pascal,3.0,4.7,0.654,2.7,5.4,0.496,1.4,3.7,0.393,0.1,0.3,0.333,0.2,0.4,0.444,1.5,4.2,0.361,0.0,0.0,0.0,0.3,0.7,0.4
2025-26,1626192,Pat Connaughton,1610612766,CHA,32.0,Pat,0.4,0.7,0.625,0.3,0.4,0.8,0.0,0.0,0.0,0.2,0.6,0.4,0.4,0.7,0.6,0.3,1.2,0.286,0.0,0.0,0.0,0.5,1.0,0.5
2025-26,1630311,Pat Spencer,1610612744,GSW,29.0,Pat,0.9,1.5,0.64,0.8,2.2,0.378,0.4,0.8,0.429,0.1,0.4,0.2,0.0,0.1,0.0,0.6,1.2,0.524,0.0,0.0,0.0,0.1,0.4,0.167
2025-26,1630172,Patrick Williams,1610612741,CHI,24.0,Patrick,0.5,1.5,0.364,0.3,1.3,0.25,0.1,0.3,0.429,0.2,0.5,0.5,0.2,0.4,0.556,1.0,2.7,0.367,0.0,0.0,0.0,0.5,0.9,0.526
2025-26,202331,Paul George,1610612755,PHI,35.0,Paul,0.9,1.4,0.636,0.5,1.3,0.4,1.5,3.4,0.444,0.1,0.3,0.5,0.3,1.1,0.222,1.5,4.0,0.375,0.0,0.0,0.0,0.4,1.4,0.273
2025-26,1630194,Paul Reed,1610612765,DET,26.0,Paul,1.9,2.5,0.756,0.4,0.8,0.571,0.2,0.4,0.429,0.1,0.2,0.333,0.1,0.1,0.5,0.2,0.4,0.5,0.0,0.0,0.0,0.1,0.3,0.4
2025-26,1630202,Payton Pritchard,1610612738,BOS,27.0,Payton,1.0,1.4,0.697,1.8,2.8,0.642,0.8,1.9,0.444,0.1,0.3,0.5,0.2,0.4,0.444,2.4,7.3,0.33,0.0,0.0,0.0,0.3,0.6,0.467
2025-26,1641796,Pelle Larsson,1610612748,MIA,24.0,Pelle,1.4,1.8,0.762,0.5,1.5,0.343,0.0,0.3,0.143,0.2,0.7,0.267,0.3,0.5,0.6,0.7,2.1,0.306,0.0,0.0,0.0,0.4,1.1,0.4
2025-26,1631250,Pete Nance,1610612749,MIL,25.0,Pete,0.2,0.2,1.0,0.2,0.2,1.0,0.0,0.0,0.0,,,,,,,1.0,1.8,0.571,0.0,0.0,0.0,,,
2025-26,1631212,Peyton Watson,1610612743,DEN,23.0,Peyton,2.5,3.9,0.64,0.3,1.0,0.261,0.1,0.2,0.4,0.6,1.1,0.538,0.3,0.6,0.538,0.1,1.1,0.12,0.0,0.0,0.0,0.9,1.7,0.538
2025-26,1630173,Precious Achiuwa,1610612758,SAC,26.0,Precious,2.2,3.4,0.638,0.9,1.6,0.593,0.0,0.2,0.0,0.1,0.2,0.25,0.0,0.2,0.0,0.1,0.4,0.286,0.0,0.0,0.0,0.1,0.5,0.125
2025-26,1629656,Quentin Grimes,1610612755,PHI,25.0,Quentin,2.6,3.7,0.704,0.3,1.0,0.261,0.1,0.7,0.133,0.2,0.6,0.308,0.1,0.3,0.286,2.0,5.4,0.378,0.0,0.0,1.0,0.3,0.9,0.3
2025-26,1631245,Quenton Jackson,1610612754,IND,27.0,Quenton,2.0,2.8,0.714,0.6,1.2,0.5,0.2,1.0,0.2,0.0,0.4,0.0,0.0,0.0,0.0,1.2,2.0,0.6,0.0,0.0,0.0,0.0,0.4,0.0
2025-26,1642366,Quinten Post,1610612744,GSW,25.0,Quinten,0.7,1.0,0.692,0.5,0.7,0.706,0.2,0.4,0.4,0.3,0.6,0.538,0.1,0.7,0.176,1.0,2.8,0.357,0.0,0.0,0.0,0.4,1.3,0.333
2025-26,1629628,RJ Barrett,1610612761,TOR,25.0,RJ,3.3,5.1,0.644,1.8,3.4,0.534,0.1,0.3,0.4,0.2,0.7,0.333,0.3,0.6,0.5,1.3,3.8,0.338,0.0,0.0,0.0,0.5,1.3,0.409
2025-26,1642853,Rasheer Fleming,1610612756,PHX,21.0,Rasheer,0.5,0.8,0.556,0.0,0.1,0.0,0.0,0.1,0.0,0.2,0.4,0.5,0.0,0.6,0.0,0.1,0.6,0.143,0.0,0.0,0.0,0.2,0.9,0.222
2025-26,1642484,RayJ Dennis,1610612746,LAC,24.0,RayJ,0.3,0.8,0.4,0.4,1.5,0.263,0.1,0.5,0.2,0.0,0.3,0.0,0.0,0.4,0.0,0.9,2.5,0.375,0.0,0.0,0.0,0.0,0.5,0.0
2025-26,1641712,Rayan Rupert,1610612757,POR,21.0,Rayan,0.3,0.5,0.5,0.1,0.3,0.2,0.0,0.1,0.0,0.1,0.1,0.5,0.0,0.2,0.0,0.2,0.7,0.25,0.0,0.0,0.0,0.1,0.3,0.25
2025-26,1642263,Reed Sheppard,1610612745,HOU,21.0,Reed,0.6,1.0,0.65,1.1,1.9,0.575,0.6,1.6,0.364,0.2,0.5,0.455,0.3,0.5,0.6,2.0,4.8,0.43,0.0,0.0,0.0,0.5,1.0,0.524
2025-26,1642434,Riley Minix,1610612759,SAS,25.0,Riley,1.0,1.0,1.0,0.0,0.0,0.0,0.0,0.0,0.0,,,,1.0,1.0,1.0,0.0,0.7,0.0,0.0,0.0,0.0,1.0,1.0,1.0
2025-26,1642265,Rob Dillingham,1610612750,MIN,20.0,Rob,0.7,1.4,0.519,0.2,1.0,0.238,0.3,1.0,0.3,0.1,0.1,0.5,0.0,0.1,0.0,0.3,0.9,0.278,0.0,0.0,0.0,0.1,0.2,0.333
2025-26,1629057,Robert Williams III,1610612757,POR,28.0,Robert,2.3,2.8,0.81,0.3,0.6,0.556,0.0,0.1,0.0,0.0,0.3,0.0,0.0,0.1,0.0,0.1,0.1,1.0,0.0,0.0,0.0,0.0,0.5,0.0
2025-26,1631199,Ron Harper Jr.,1610612738,BOS,25.0,Ron,0.3,0.3,1.0,0.0,0.3,0.0,0.0,0.0,0.0,0.0,0.0,0.0,0.0,1.0,0.0,0.5,1.8,0.286,,,,0.0,0.5,0.0
2025-26,1641842,Ronald Holland II,1610612765,DET,20.0,Ronald,1.6,2.5,0.633,0.5,1.6,0.333,0.1,0.4,0.2,0.1,0.8,0.15,0.4,1.1,0.346,0.3,0.9,0.273,0.0,0.0,0.0,0.5,1.9,0.261
2025-26,1626220,Royce O'Neale,1610612756,PHX,32.0,Royce,0.4,0.8,0.556,0.2,0.5,0.385,0.1,0.3,0.5,0.3,0.6,0.5,0.4,0.8,0.5,2.3,5.9,0.394,0.0,0.0,0.0,0.7,1.3,0.5
2025-26,203497,Rudy Gobert,1610612750,MIN,33.0,Rudy,4.0,5.0,0.785,0.5,1.0,0.565,0.0,0.2,0.25,0.0,0.0,0.0,0.0,0.0,0.0,0.0,0.0,0.0,0.0,0.0,0.0,0.0,0.0,0.0
2025-26,1629060,Rui Hachimura,1610612747,LAL,27.0,Rui,1.5,2.4,0.623,0.8,1.4,0.581,1.1,2.0,0.556,0.5,1.1,0.458,0.5,0.9,0.526,1.0,2.3,0.44,0.0,0.0,0.0,1.0,2.0,0.488
2025-26,201566,Russell Westbrook,1610612758,SAC,37.0,Russell,1.8,2.8,0.627,1.0,2.4,0.431,0.5,1.6,0.316,0.3,0.6,0.5,0.4,0.9,0.409,1.3,3.6,0.345,0.0,0.0,0.0,0.7,1.5,0.444
2025-26,1642346,Ryan Dunn,1610612756,PHX,22.0,Ryan,1.9,2.8,0.667,0.4,1.2,0.318,0.0,0.1,0.0,0.4,1.2,0.318,0.3,1.0,0.294,0.2,0.6,0.333,0.0,0.0,0.0,0.6,2.1,0.308
2025-26,1641750,Ryan Kalkbrenner,1610612766,CHA,23.0,Ryan,3.5,4.2,0.826,0.3,0.5,0.7,0.0,0.0,0.0,0.0,0.0,0.0,0.0,0.0,0.0,0.0,0.0,0.0,0.0,0.0,0.0,0.0,0.0,0.0
2025-26,1642948,Ryan Nembhard,1610612742,DAL,22.0,Ryan,0.5,0.7,0.75,0.8,1.4,0.529,1.3,2.3,0.556,0.1,0.2,0.5,0.1,0.1,1.0,1.1,2.1,0.52,0.0,0.0,0.0,0.2,0.3,0.667
2025-26,1631157,Ryan Rollins,1610612749,MIL,23.0,Ryan,2.9,4.4,0.649,0.8,1.8,0.413,0.8,2.1,0.404,0.4,0.8,0.524,0.1,0.3,0.429,1.7,4.7,0.364,0.0,0.0,0.0,0.6,1.1,0.5
2025-26,1630180,Saddiq Bey,1610612740,NOP,26.0,Saddiq,2.2,3.2,0.685,0.8,2.1,0.396,0.2,0.7,0.267,0.4,1.4,0.281,0.1,0.5,0.167,1.4,3.4,0.405,0.0,0.0,0.0,0.5,1.9,0.25
2025-26,1630573,Sam Hauser,1610612738,BOS,28.0,Sam,0.2,0.3,0.714,0.0,0.2,0.25,0.1,0.4,0.2,0.2,0.4,0.5,0.1,0.3,0.25,1.9,5.2,0.363,0.0,0.0,0.0,0.3,0.7,0.375
2025-26,1630241,Sam Merrill,1610612739,CLE,29.0,Sam,0.6,0.7,0.875,0.1,0.3,0.25,0.2,0.4,0.4,0.4,0.6,0.571,0.4,0.7,0.5,3.0,7.0,0.429,0.0,0.0,0.0,0.7,1.3,0.533
2025-26,1630572,Sandro Mamukelashvili,1610612761,TOR,26.0,Sandro,2.3,3.3,0.684,0.4,1.1,0.385,0.0,0.0,0.0,0.1,0.2,0.6,0.2,0.3,0.5,0.8,2.2,0.346,0.0,0.0,0.0,0.3,0.5,0.538
2025-26,1630583,Santi Aldama,1610612763,MEM,24.0,Santi,2.0,2.8,0.712,1.3,2.7,0.484,0.3,1.0,0.348,0.3,0.5,0.462,0.4,0.5,0.75,0.8,3.3,0.244,0.0,0.0,0.0,0.6,1.0,0.6
2025-26,1630567,Scottie Barnes,1610612761,TOR,24.0,Scottie,3.5,5.1,0.688,1.7,4.1,0.417,1.0,2.2,0.446,0.2,0.4,0.4,0.1,0.4,0.2,1.2,2.7,0.426,0.0,0.0,0.0,0.2,0.8,0.3
2025-26,203552,Seth Curry,1610612744,GSW,35.0,Seth,0.5,0.5,1.0,0.5,1.0,0.5,1.0,1.0,1.0,0.0,0.0,0.0,0.0,0.0,0.0,1.0,2.0,0.5,0.0,0.0,0.0,0.0,0.0,0.0
2025-26,1631101,Shaedon Sharpe,1610612757,POR,22.0,Shaedon,3.8,6.0,0.639,1.3,2.7,0.491,1.0,2.8,0.339,0.2,0.4,0.429,0.0,0.3,0.0,1.5,5.5,0.266,0.0,0.0,0.0,0.2,0.6,0.25
2025-26,1628983,Shai Gilgeous-Alexander,1610612760,OKC,27.0,Shai,3.3,4.8,0.676,2.9,4.7,0.615,2.4,4.8,0.495,0.1,0.3,0.429,0.0,0.0,0.0,2.1,4.7,0.444,0.0,0.0,0.0,0.1,0.3,0.429
2025-26,1630536,Sharife Cooper,1610612764,WAS,24.0,Sharife,0.0,0.0,0.0,0.0,0.0,0.0,0.0,0.0,0.0,0.0,0.0,0.0,0.0,0.0,0.0,0.0,0.3,0.0,0.0,0.0,0.0,0.0,0.0,0.0
2025-26,1631321,Sidy Cissoko,1610612757,POR,21.0,Sidy,0.6,1.1,0.55,0.3,0.7,0.462,0.1,0.1,0.5,0.2,0.4,0.429,0.3,0.8,0.385,0.4,1.4,0.259,0.0,0.0,0.0,0.4,1.1,0.4
2025-26,1631323,Simone Fontecchio,1610612748,MIA,30.0,Simone,0.7,1.3,0.548,0.3,0.6,0.538,0.1,0.3,0.429,0.4,0.7,0.563,0.3,0.9,0.4,1.4,4.2,0.344,0.0,0.0,0.0,0.7,1.6,0.472
2025-26,1642883,Sion James,1610612766,CHA,23.0,Sion,0.8,1.5,0.514,0.1,0.3,0.333,0.0,0.0,0.0,0.3,0.9,0.318,0.2,0.5,0.308,0.7,1.7,0.415,0.0,0.0,0.0,0.5,1.5,0.314
2025-26,1642461,Spencer Jones,1610612743,DEN,24.0,Spencer,0.7,1.1,0.667,0.2,0.2,1.0,0.1,0.1,1.0,0.2,0.7,0.333,0.3,0.6,0.5,0.3,0.5,0.556,0.0,0.0,0.0,0.5,1.2,0.409
2025-26,201939,Stephen Curry,1610612744,GSW,37.0,Stephen,2.2,3.2,0.686,1.3,2.1,0.618,0.9,2.1,0.455,0.4,0.8,0.583,0.1,0.4,0.333,4.1,10.9,0.379,0.0,0.0,0.0,0.6,1.1,0.5
2025-26,1642264,Stephon Castle,1610612759,SAS,21.0,Stephon,2.9,4.2,0.691,1.5,2.9,0.5,0.6,0.9,0.667,0.0,0.1,0.0,0.2,0.5,0.429,0.7,3.2,0.214,0.0,0.0,0.0,0.2,0.6,0.375
2025-26,203500,Steven Adams,1610612745,HOU,32.0,Steven,2.1,3.6,0.581,0.2,0.7,0.25,0.1,0.1,1.0,0.0,0.0,0.0,0.0,0.0,0.0,0.0,0.0,0.0,0.0,0.0,0.0,0.0,0.0,0.0
2025-26,1629004,Svi Mykhailiuk,1610612762,UTA,28.0,Svi,0.8,1.2,0.679,0.6,0.8,0.737,0.2,0.3,0.667,0.7,1.7,0.436,0.1,0.4,0.333,1.0,2.8,0.338,0.0,0.0,0.0,0.9,2.1,0.417
2025-26,204456,T.J. McConnell,1610612754,IND,33.0,T.J.,0.9,1.6,0.591,1.1,2.9,0.39,1.9,2.9,0.659,0.1,0.2,0.5,0.1,0.1,1.0,0.2,0.9,0.231,0.0,0.0,0.0,0.2,0.2,0.667
2025-26,1643007,Taelon Peter,1610612754,IND,23.0,Taelon,0.0,0.0,0.0,0.1,0.1,1.0,0.0,0.1,0.0,0.1,0.6,0.167,0.1,0.4,0.25,0.3,1.1,0.235,0.0,0.0,0.0,0.2,0.8,0.2
2025-26,1631106,Tari Eason,1610612745,HOU,24.0,Tari,1.7,2.4,0.731,0.1,0.7,0.125,0.0,0.7,0.0,0.4,0.9,0.4,1.1,1.5,0.75,0.9,2.4,0.385,0.1,0.1,1.0,1.5,2.4,0.615
2025-26,1627752,Taurean Prince,1610612749,MIL,31.0,Taurean,0.4,0.6,0.6,0.1,0.4,0.333,0.1,0.3,0.5,0.4,1.0,0.375,0.3,0.9,0.333,0.9,1.8,0.5,0.0,0.0,0.0,0.6,1.8,0.357
2025-26,1641707,Taylor Hendricks,1610612762,UTA,22.0,Taylor,1.0,1.8,0.545,0.2,0.7,0.25,0.0,0.0,0.0,0.3,0.7,0.5,0.2,0.4,0.4,0.2,1.1,0.214,0.0,0.0,0.0,0.5,1.1,0.462
2025-26,1629611,Terance Mann,1610612751,BKN,29.0,Terance,1.5,2.3,0.633,0.5,1.3,0.407,0.1,0.6,0.25,0.1,0.5,0.182,0.2,0.6,0.333,0.7,1.7,0.389,0.0,0.0,0.0,0.3,1.1,0.261
2025-26,1630545,Terrence Shannon Jr.,1610612750,MIN,25.0,Terrence,0.7,1.3,0.55,0.1,0.5,0.143,0.0,0.1,0.0,0.1,0.2,0.333,0.3,0.8,0.333,0.4,0.9,0.462,0.0,0.0,0.0,0.3,0.8,0.333
2025-26,203648,Thanasis Antetokounmpo,1610612749,MIL,33.0,Thanasis,0.6,0.9,0.714,0.1,0.1,1.0,0.0,0.0,0.0,,,,0.0,0.0,0.0,0.0,0.0,0.0,0.0,0.0,0.0,0.0,0.0,0.0
2025-26,1628418,Thomas Bryant,1610612739,CLE,28.0,Thomas,0.8,1.1,0.737,0.2,0.3,0.5,0.0,0.1,0.0,0.0,0.0,0.0,0.0,0.0,0.0,0.3,1.4,0.2,0.0,0.0,0.0,0.0,0.0,0.0
2025-26,1642275,Tidjane Salaün,1610612766,CHA,20.0,Tidjane,0.6,0.9,0.7,0.2,0.5,0.333,0.0,0.0,0.0,0.6,0.8,0.714,0.1,0.3,0.333,0.7,1.6,0.444,0.0,0.0,0.0,0.6,1.0,0.6
2025-26,203501,Tim Hardaway Jr.,1610612743,DEN,33.0,Tim,0.6,1.2,0.519,0.3,0.7,0.412,0.7,1.1,0.615,0.2,0.6,0.357,0.2,0.5,0.417,2.0,4.7,0.435,0.0,0.0,0.0,0.4,1.1,0.385
2025-26,202699,Tobias Harris,1610612765,DET,33.0,Tobias,1.1,2.5,0.457,1.5,2.9,0.512,0.8,1.4,0.579,0.3,0.9,0.333,0.6,1.4,0.4,0.9,2.4,0.382,0.0,0.0,0.0,0.9,2.3,0.375
2025-26,1642449,Tolu Smith,1610612765,DET,25.0,Tolu,2.5,3.0,0.833,0.5,1.0,0.5,0.0,0.0,0.0,0.0,0.0,0.0,0.0,0.0,0.0,0.0,0.0,0.0,0.0,0.0,0.0,0.0,0.0,0.0
2025-26,1628396,Tony Bradley,1610612754,IND,27.0,Tony,1.2,2.0,0.619,0.5,1.0,0.55,0.2,0.3,0.571,0.0,0.0,0.0,0.0,0.1,0.0,0.0,0.0,0.0,0.0,0.0,0.0,0.0,0.1,0.0
2025-26,1641787,Tosan Evbuomwan,1610612752,NYK,24.0,Tosan,0.0,0.0,0.0,0.0,0.3,0.0,0.0,0.0,0.0,0.0,0.0,0.0,0.0,0.0,0.0,0.0,0.0,0.0,0.0,0.0,0.0,0.0,0.0,0.0
2025-26,1641739,Toumani Camara,1610612757,POR,25.0,Toumani,1.8,2.6,0.71,0.2,1.0,0.2,0.0,0.2,0.25,0.3,1.1,0.259,0.2,0.8,0.2,1.9,5.0,0.38,0.0,0.0,0.0,0.5,2.0,0.234
2025-26,1629027,Trae Young,1610612737,ATL,27.0,Trae,1.6,3.0,0.533,2.0,4.4,0.455,0.6,1.4,0.429,0.3,0.3,1.0,0.2,0.8,0.25,0.6,4.2,0.143,0.0,0.0,0.0,0.4,1.0,0.4
2025-26,1631218,Trayce Jackson-Davis,1610612744,GSW,25.0,Trayce,1.5,2.5,0.579,0.2,0.6,0.333,0.0,0.0,0.0,0.0,0.0,0.0,0.0,0.0,0.0,0.0,0.0,0.0,0.0,0.0,0.0,0.0,0.0,0.0
2025-26,1642848,Tre Johnson,1610612764,WAS,19.0,Tre,0.5,0.7,0.727,1.2,2.7,0.45,0.6,1.3,0.474,0.1,0.4,0.4,0.3,0.9,0.385,1.5,3.9,0.397,0.0,0.0,0.0,0.5,1.2,0.389
2025-26,1630200,Tre Jones,1610612741,CHI,25.0,Tre,2.9,4.4,0.662,0.8,1.9,0.424,0.2,0.5,0.375,0.1,0.2,0.667,0.1,0.2,0.333,0.3,1.1,0.263,0.0,0.0,0.0,0.2,0.4,0.5
2025-26,1630544,Tre Mann,1610612766,CHA,24.0,Tre,0.9,1.7,0.533,0.9,2.3,0.381,0.2,0.7,0.308,0.3,0.6,0.455,0.2,0.4,0.429,1.1,3.9,0.268,0.0,0.0,0.0,0.4,1.0,0.444
2025-26,1630570,Trendon Watford,1610612755,PHI,25.0,Trendon,1.8,2.9,0.61,0.9,1.7,0.542,0.1,0.4,0.4,0.1,0.3,0.25,0.0,0.1,0.0,0.4,0.9,0.462,0.0,0.0,0.0,0.1,0.4,0.2
2025-26,1642280,Trentyn Flowers,1610612741,CHI,20.0,Trentyn,1.0,1.0,1.0,0.0,0.0,0.0,0.0,0.0,0.0,0.0,1.0,0.0,0.0,0.0,0.0,0.0,0.0,0.0,,,,0.0,1.0,0.0
2025-26,1641725,Trey Alexander,1610612740,NOP,22.0,Trey,0.3,0.7,0.5,0.7,1.0,0.667,0.3,0.3,1.0,0.7,1.0,0.667,0.0,0.0,0.0,0.0,0.0,0.0,0.0,0.0,0.0,0.7,1.0,0.667
2025-26,1641998,Trey Jemison III,1610612752,NYK,26.0,Trey,0.0,0.0,0.0,0.0,0.0,0.0,0.0,0.0,0.0,,,,0.0,0.0,0.0,0.0,0.0,0.0,0.0,0.0,0.0,0.0,0.0,0.0
2025-26,1630530,Trey Murphy III,1610612740,NOP,25.0,Trey,3.0,4.2,0.71,1.0,2.6,0.368,0.3,0.5,0.6,0.1,0.2,0.6,0.2,0.4,0.556,2.5,7.1,0.344,0.0,0.0,0.0,0.4,0.6,0.571
2025-26,1641774,Tristan Vukcevic,1610612764,WAS,22.0,Tristan,0.9,1.4,0.692,0.5,0.9,0.588,0.4,0.6,0.545,0.0,0.1,0.0,0.0,0.1,0.0,0.5,1.8,0.265,0.0,0.0,0.0,0.0,0.1,0.0
2025-26,1641783,Tristan da Silva,1610612753,ORL,24.0,Tristan,1.3,1.9,0.652,0.7,1.5,0.457,0.2,0.5,0.333,0.4,1.0,0.417,0.3,0.7,0.4,1.0,2.8,0.353,0.0,0.0,0.0,0.7,1.6,0.41
2025-26,1629639,Tyler Herro,1610612748,MIA,25.0,Tyler,1.0,2.0,0.5,3.8,5.8,0.655,0.8,2.4,0.333,0.4,1.0,0.4,0.2,0.6,0.333,2.4,4.6,0.522,0.0,0.0,0.0,0.6,1.6,0.375
2025-26,1642278,Tyler Kolek,1610612752,NYK,24.0,Tyler,0.5,0.7,0.714,0.4,0.9,0.438,0.1,0.2,0.667,0.0,0.1,0.0,0.0,0.0,0.0,0.5,1.5,0.321,0.0,0.0,0.0,0.0,0.1,0.0
2025-26,1631213,Tyrese Martin,1610612751,BKN,26.0,Tyrese,1.3,1.7,0.757,0.2,1.3,0.179,0.2,0.4,0.444,0.0,0.5,0.1,0.2,0.6,0.308,1.1,3.4,0.32,0.0,0.0,0.0,0.2,1.0,0.217
2025-26,1630178,Tyrese Maxey,1610612755,PHI,25.0,Tyrese,3.9,6.3,0.621,1.9,4.7,0.411,1.2,2.6,0.458,0.1,0.3,0.5,0.2,0.4,0.4,3.4,8.7,0.39,0.0,0.0,0.0,0.3,0.7,0.438
2025-26,1642878,Tyrese Proctor,1610612739,CLE,21.0,Tyrese,0.4,0.6,0.7,0.1,0.8,0.143,0.2,0.5,0.5,0.2,0.4,0.4,0.1,0.3,0.25,0.9,2.9,0.308,0.0,0.0,0.0,0.2,0.6,0.333
2025-26,1630623,Tyson Etienne,1610612751,BKN,26.0,Tyson,0.0,0.0,0.0,0.0,0.1,0.0,0.0,0.1,0.0,0.0,0.0,0.0,0.0,0.5,0.0,0.5,1.4,0.364,0.0,0.0,0.0,0.0,0.4,0.0
2025-26,1626145,Tyus Jones,1610612753,ORL,29.0,Tyus,0.2,0.4,0.5,0.2,0.5,0.417,0.1,0.2,0.4,0.0,0.2,0.0,0.0,0.1,0.333,0.4,1.3,0.313,0.0,0.0,0.0,0.0,0.3,0.125
2025-26,1642845,VJ Edgecombe,1610612755,PHI,20.0,VJ,2.2,4.0,0.538,1.1,2.8,0.4,0.3,1.3,0.2,0.1,0.4,0.143,0.1,0.3,0.4,1.8,4.5,0.393,0.0,0.0,0.0,0.2,0.6,0.25
2025-26,1641705,Victor Wembanyama,1610612759,SAS,21.0,Victor,4.8,6.3,0.76,1.0,2.8,0.353,1.8,4.5,0.407,0.1,0.2,0.5,0.2,0.3,0.5,1.4,4.3,0.327,0.0,0.0,0.0,0.3,0.5,0.5
2025-26,1631246,Vince Williams Jr.,1610612763,MEM,25.0,Vince,0.5,1.3,0.417,0.8,1.8,0.457,0.2,0.4,0.429,0.1,0.5,0.111,0.1,0.3,0.333,1.1,3.6,0.294,0.0,0.0,0.0,0.2,0.8,0.2
2025-26,1630249,Vít Krejčí,1610612737,ATL,25.0,Vít,0.7,0.8,0.824,0.2,0.5,0.4,0.1,0.1,1.0,0.3,0.5,0.545,0.2,0.7,0.333,2.0,4.4,0.467,0.0,0.0,0.0,0.5,1.2,0.423
2025-26,1631117,Walker Kessler,1610612762,UTA,24.0,Walker,2.8,4.2,0.667,1.2,1.6,0.75,0.0,0.0,0.0,0.0,0.0,0.0,0.4,0.4,1.0,0.8,1.2,0.667,0.0,0.0,0.0,0.4,0.4,1.0
2025-26,1642383,Walter Clayton Jr.,1610612762,UTA,22.0,Walter,0.5,0.9,0.556,0.8,1.3,0.6,0.2,0.4,0.429,0.0,0.2,0.0,0.0,0.1,0.0,0.9,2.6,0.34,0.0,0.0,0.0,0.0,0.2,0.0
2025-26,1628976,Wendell Carter Jr.,1610612753,ORL,26.0,Wendell,2.0,2.9,0.701,0.3,1.0,0.261,0.4,0.8,0.526,0.3,0.6,0.462,0.2,0.5,0.333,0.7,1.7,0.4,0.0,0.0,0.0,0.4,1.1,0.4
2025-26,1631111,Wendell Moore Jr.,1610612765,DET,24.0,Wendell,1.0,1.3,0.75,0.0,0.3,0.0,0.0,0.0,0.0,0.0,0.0,0.0,0.0,0.3,0.0,0.0,0.0,0.0,0.0,0.0,0.0,0.0,0.3,0.0
2025-26,1642954,Will Richard,1610612744,GSW,22.0,Will,1.2,1.4,0.875,0.3,0.5,0.5,0.1,0.2,0.4,0.4,0.8,0.5,0.2,0.7,0.267,0.7,1.7,0.4,0.0,0.0,0.0,0.6,1.4,0.394
2025-26,1642860,Will Riley,1610612764,WAS,19.0,Will,0.7,0.9,0.846,0.5,1.1,0.444,0.1,0.3,0.2,0.1,0.1,1.0,0.1,0.2,0.5,0.2,0.9,0.214,0.0,0.0,0.0,0.1,0.2,0.667
2025-26,1630214,Xavier Tillman,1610612738,BOS,26.0,Xavier,0.6,0.9,0.7,0.4,0.4,1.0,0.0,0.1,0.0,0.0,0.4,0.0,0.0,0.2,0.0,0.3,0.9,0.3,0.0,0.0,0.0,0.0,0.4,0.0
2025-26,1642905,Yang Hansen,1610612757,POR,20.0,ang Hansen,0.8,1.1,0.714,0.1,0.6,0.125,0.0,0.2,0.0,0.0,0.2,0.0,0.0,0.1,0.0,0.1,1.0,0.077,0.0,0.0,0.0,0.0,0.3,0.0
2025-26,1642949,Yanic Konan Niederhäuser,1610612746,LAC,22.0,Yanic Konan,0.6,0.9,0.7,0.5,0.7,0.75,0.0,0.0,0.0,0.0,0.0,0.0,0.0,0.0,0.0,0.0,0.0,0.0,0.0,0.0,0.0,0.0,0.0,0.0
2025-26,1642274,Yves Missi,1610612740,NOP,21.0,Yves,2.2,3.6,0.623,0.3,1.1,0.278,0.1,0.1,1.0,0.0,0.0,0.0,0.0,0.0,0.0,0.0,0.0,0.0,0.0,0.0,0.0,0.0,0.0,0.0
2025-26,1642258,Zaccharie Risacher,1610612737,ATL,20.0,Zaccharie,2.5,3.6,0.688,0.5,0.8,0.556,0.1,0.8,0.167,0.2,0.6,0.286,0.3,0.7,0.438,0.8,3.1,0.265,0.0,0.0,0.0,0.5,1.4,0.367
2025-26,1628380,Zach Collins,1610612741,CHI,28.0,Zach,1.0,2.5,0.4,0.0,0.5,0.0,0.5,1.0,0.5,0.5,0.5,1.0,0.0,0.0,0.0,0.0,1.5,0.0,0.0,0.0,0.0,0.5,0.5,1.0
2025-26,1641744,Zach Edey,1610612763,MEM,23.0,Zach,3.5,4.8,0.717,2.0,3.5,0.579,0.1,0.2,0.5,0.0,0.0,0.0,0.0,0.0,0.0,0.1,0.5,0.2,0.0,0.0,0.0,0.0,0.0,0.0
2025-26,203897,Zach LaVine,1610612758,SAC,30.0,Zach,2.3,3.3,0.699,1.0,2.0,0.523,1.2,2.6,0.456,0.3,0.8,0.389,0.4,0.7,0.538,2.1,5.7,0.373,0.0,0.0,0.0,0.6,1.4,0.452
2025-26,1630192,Zeke Nnaji,1610612743,DEN,24.0,Zeke,0.7,0.8,0.889,0.0,0.0,0.0,0.0,0.0,0.0,0.1,0.3,0.333,0.1,0.5,0.25,0.1,0.3,0.25,0.0,0.0,0.0,0.2,0.7,0.286
2025-26,1630533,Ziaire Williams,1610612751,BKN,24.0,Ziaire,1.2,1.6,0.742,0.3,0.6,0.417,0.0,0.1,0.0,0.1,1.0,0.053,0.2,0.9,0.235,1.5,3.9,0.377,0.0,0.0,0.0,0.3,1.8,0.139
2025-26,1629627,Zion Williamson,1610612740,NOP,25.0,Zion,5.1,8.9,0.573,2.2,5.0,0.44,0.1,0.3,0.333,0.0,0.0,0.0,0.0,0.0,0.0,0.0,0.3,0.0,0.0,0.0,0.0,0.0,0.0,0.0
