Season,PLAYER_ID,PLAYER_NAME,TEAM_ID,TEAM_ABBREVIATION,GP,W,L,MIN,CATCH_SHOOT_FGM,CATCH_SHOOT_FGA,CATCH_SHOOT_FG_PCT,CATCH_SHOOT_PTS,CATCH_SHOOT_FG3M,CATCH_SHOOT_FG3A,CATCH_SHOOT_FG3_PCT,CATCH_SHOOT_EFG_PCT
2013-14,201985,AJ Price,1610612750,MIN,28,15,13,99.0,5,15,0.333,15,5,12,0.417,0.5
2013-14,201166,Aaron Brooks,1610612743,DEN,72,42,30,1557.0,66,152,0.434,197,65,147,0.442,0.648
2013-14,201189,Aaron Gray,1610612758,SAC,37,12,25,354.0,8,11,0.727,16,0,1,0.0,0.727
2013-14,203519,Adonis Thomas,1610612755,PHI,6,2,4,38.0,1,7,0.143,3,1,4,0.25,0.214
2013-14,1733,Al Harrington,1610612764,WAS,34,20,14,511.0,36,99,0.364,104,32,92,0.348,0.525
2013-14,201143,Al Horford,1610612737,ATL,29,16,13,958.0,75,152,0.493,154,4,9,0.444,0.507
2013-14,2744,Al Jefferson,1610612766,CHA,73,38,35,2553.0,145,349,0.415,291,1,13,0.077,0.417
2013-14,202329,Al-Farouq Aminu,1610612740,NOP,80,33,47,2045.0,47,136,0.346,107,13,46,0.283,0.393
2013-14,101187,Alan Anderson,1610612751,BKN,78,43,35,1773.0,73,205,0.356,213,67,188,0.356,0.52
2013-14,202692,Alec Burks,1610612762,UTA,78,24,54,2193.0,56,125,0.448,151,39,90,0.433,0.604
2013-14,203458,Alex Len,1610612756,PHX,42,24,18,362.0,2,16,0.125,4,,,,0.125
2013-14,203144,Alexey Shved,1610612750,MIN,63,28,35,664.0,19,64,0.297,55,17,59,0.288,0.43
2013-14,201582,Alexis Ajinca,1610612740,NOP,56,22,34,951.0,32,67,0.478,64,0,0,,0.478
2013-14,203459,Allen Crabbe,1610612757,POR,15,12,3,100.0,5,14,0.357,15,5,13,0.385,0.536
2013-14,202087,Alonzo Gee,1610612739,CLE,65,29,36,1020.0,24,68,0.353,66,18,50,0.36,0.485
2013-14,2405,Amar'e Stoudemire,1610612752,NYK,65,26,39,1466.0,72,148,0.486,144,,,,0.486
2013-14,101161,Amir Johnson,1610612761,TOR,77,43,34,2214.0,49,133,0.368,115,17,57,0.298,0.432
2013-14,2760,Anderson Varejao,1610612739,CLE,65,25,40,1800.0,69,144,0.479,138,0,5,0.0,0.479
2013-14,101154,Andray Blatche,1610612751,BKN,73,40,33,1618.0,56,160,0.35,125,13,42,0.31,0.391
2013-14,203083,Andre Drummond,1610612765,DET,81,29,52,2619.0,1,6,0.167,2,0,2,0.0,0.167
2013-14,2738,Andre Iguodala,1610612744,GSW,63,41,22,2040.0,61,155,0.394,178,56,143,0.392,0.574
2013-14,1889,Andre Miller,1610612764,WAS,58,32,26,982.0,12,20,0.6,34,10,16,0.625,0.85
2013-14,203460,Andre Roberson,1610612760,OKC,40,30,10,399.0,2,14,0.143,6,2,13,0.154,0.214
2013-14,200745,Andrea Bargnani,1610612752,NYK,42,15,27,1257.0,110,264,0.417,249,29,106,0.274,0.472
2013-14,1905,Andrei Kirilenko,1610612751,BKN,45,30,15,857.0,3,27,0.111,7,1,5,0.2,0.13
2013-14,101106,Andrew Bogut,1610612744,GSW,67,40,27,1769.0,4,9,0.444,8,,,,0.444
2013-14,101115,Andrew Bynum,1610612754,IND,26,11,15,516.0,9,29,0.31,18,,,,0.31
2013-14,203094,Andrew Nicholson,1610612753,ORL,76,19,57,1174.0,88,223,0.395,203,27,83,0.325,0.455
2013-14,2740,Andris Biedrins,1610612762,UTA,6,0,6,45.0,0,0,,0,,,,
2013-14,1712,Antawn Jamison,1610612746,LAC,22,15,7,248.0,11,55,0.2,30,8,40,0.2,0.273
2013-14,203461,Anthony Bennett,1610612739,CLE,52,20,32,663.0,27,103,0.262,66,12,48,0.25,0.32
2013-14,203076,Anthony Davis,1610612740,NOP,67,29,38,2358.0,98,241,0.407,198,2,7,0.286,0.411
2013-14,201627,Anthony Morrow,1610612740,NOP,76,32,44,1426.0,108,242,0.446,293,77,175,0.44,0.605
2013-14,201576,Anthony Randolph,1610612743,DEN,43,15,28,527.0,27,76,0.355,72,18,53,0.34,0.474
2013-14,201229,Anthony Tolliver,1610612766,CHA,64,33,31,1298.0,103,246,0.419,307,101,236,0.428,0.624
2013-14,203462,Archie Goodwin,1610612756,PHX,52,32,20,533.0,7,28,0.25,19,5,26,0.192,0.339
2013-14,202620,Arinze Onuaku,1610612739,CLE,5,2,3,30.0,0,1,0.0,0,,,,0.0
2013-14,203102,Arnett Moultrie,1610612755,PHI,12,0,12,187.0,8,19,0.421,16,,,,0.421
2013-14,203382,Aron Baynes,1610612759,SAS,53,41,12,491.0,9,33,0.273,18,,,,0.273
2013-14,201167,Arron Afflalo,1610612753,ORL,73,21,52,2552.0,178,401,0.444,464,108,249,0.434,0.579
2013-14,201948,Austin Daye,1610612759,SAS,22,16,6,148.0,14,40,0.35,40,12,36,0.333,0.5
2013-14,203085,Austin Rivers,1610612740,NOP,69,27,42,1339.0,33,80,0.413,99,33,72,0.458,0.619
2013-14,202340,Avery Bradley,1610612738,BOS,60,19,41,1855.0,137,319,0.429,348,74,179,0.413,0.545
2013-14,2732,Ben Gordon,1610612766,CHA,19,8,11,279.0,10,30,0.333,27,7,21,0.333,0.45
2013-14,203463,Ben McLemore,1610612758,SAC,82,28,54,2187.0,113,332,0.34,310,84,248,0.339,0.467
2013-14,2757,Beno Udrih,1610612763,MEM,41,18,23,643.0,22,48,0.458,61,17,35,0.486,0.635
2013-14,203108,Bernard James,1610612742,DAL,30,17,13,146.0,0,2,0.0,0,0,1,0.0,0.0
2013-14,202687,Bismack Biyombo,1610612766,CHA,77,42,35,1072.0,7,14,0.5,14,,,,0.5
2013-14,201933,Blake Griffin,1610612746,LAC,80,56,24,2863.0,129,347,0.372,268,10,36,0.278,0.386
2013-14,2564,Boris Diaw,1610612759,SAS,79,60,19,1974.0,72,181,0.398,189,45,105,0.429,0.522
2013-14,203078,Bradley Beal,1610612764,WAS,73,40,33,2530.0,146,366,0.399,415,123,290,0.424,0.567
2013-14,201148,Brandan Wright,1610612742,DAL,58,36,22,1077.0,15,27,0.556,30,,,,0.556
2013-14,101138,Brandon Bass,1610612738,BOS,82,25,57,2266.0,87,195,0.446,174,0,2,0.0,0.446
2013-14,203561,Brandon Davies,1610612755,PHI,51,15,36,575.0,7,30,0.233,16,2,9,0.222,0.267
2013-14,201943,Brandon Jennings,1610612765,DET,80,28,52,2728.0,63,194,0.325,180,54,176,0.307,0.464
2013-14,202688,Brandon Knight,1610612749,MIL,72,13,59,2400.0,77,203,0.379,211,57,168,0.339,0.52
2013-14,201575,Brandon Rush,1610612762,UTA,38,13,25,418.0,16,42,0.381,45,13,38,0.342,0.536
2013-14,203148,Brian Roberts,1610612740,NOP,72,28,44,1667.0,65,160,0.406,175,45,114,0.395,0.547
2013-14,201572,Brook Lopez,1610612751,BKN,17,7,10,533.0,27,48,0.563,54,0,1,0.0,0.563
2013-14,201957,Byron Mullens,1610612755,PHI,45,16,29,414.0,37,94,0.394,105,31,84,0.369,0.559
2013-14,201228,C.J. Watson,1610612754,IND,63,48,15,1193.0,43,114,0.377,127,41,109,0.376,0.557
2013-14,203468,CJ McCollum,1610612757,POR,38,21,17,476.0,29,64,0.453,83,25,58,0.431,0.648
2013-14,101139,CJ Miles,1610612739,CLE,51,21,30,984.0,84,216,0.389,242,74,190,0.389,0.56
2013-14,201171,Carl Landry,1610612758,SAC,18,5,13,233.0,11,20,0.55,22,,,,0.55
2013-14,2430,Carlos Boozer,1610612741,CHI,76,43,33,2141.0,130,299,0.435,260,0,2,0.0,0.435
2013-14,2546,Carmelo Anthony,1610612752,NYK,77,35,42,2982.0,193,429,0.45,499,113,260,0.435,0.582
2013-14,2406,Caron Butler,1610612760,OKC,56,21,35,1419.0,117,282,0.415,317,83,195,0.426,0.562
2013-14,203467,Carrick Felix,1610612739,CLE,7,2,5,38.0,2,5,0.4,6,2,4,0.5,0.6
2013-14,201858,Cartier Martin,1610612737,ATL,59,27,32,870.0,63,157,0.401,182,56,137,0.409,0.58
2013-14,203810,Casper Ware,1610612755,PHI,9,3,6,116.0,5,11,0.455,15,5,11,0.455,0.682
2013-14,202718,Chandler Parsons,1610612745,HOU,74,50,24,2783.0,131,327,0.401,382,120,296,0.405,0.584
2013-14,101112,Channing Frye,1610612756,PHX,82,48,34,2312.0,201,512,0.393,558,156,416,0.375,0.545
2013-14,101111,Charlie Villanueva,1610612765,DET,20,5,15,180.0,14,53,0.264,41,13,49,0.265,0.387
2013-14,201978,Chase Budinger,1610612750,MIN,41,21,20,751.0,48,150,0.32,135,39,115,0.339,0.45
2013-14,1497,Chauncey Billups,1610612765,DET,19,7,12,309.0,9,29,0.31,26,8,24,0.333,0.448
2013-14,2365,Chris Andersen,1610612748,MIA,72,49,23,1396.0,7,29,0.241,16,2,10,0.2,0.276
2013-14,203569,Chris Babb,1610612738,BOS,14,3,11,132.0,5,26,0.192,15,5,25,0.2,0.288
2013-14,2547,Chris Bosh,1610612748,MIA,79,53,26,2531.0,194,449,0.432,458,70,206,0.34,0.51
2013-14,203142,Chris Copeland,1610612754,IND,41,25,16,265.0,28,62,0.452,84,28,62,0.452,0.677
2013-14,201604,Chris Douglas-Roberts,1610612766,CHA,49,27,22,1016.0,48,121,0.397,141,45,117,0.385,0.583
2013-14,203187,Chris Johnson,1610612738,BOS,40,11,29,789.0,42,124,0.339,125,41,119,0.345,0.504
2013-14,2549,Chris Kaman,1610612747,LAL,39,13,26,736.0,42,104,0.404,84,0,3,0.0,0.404
2013-14,101108,Chris Paul,1610612746,LAC,62,44,18,2171.0,40,93,0.43,111,31,73,0.425,0.597
2013-14,202698,Chris Singleton,1610612764,WAS,25,13,12,250.0,7,24,0.292,20,6,17,0.353,0.417
2013-14,203147,Chris Smith,1610612752,NYK,2,0,2,2.0,0,0,,0,,,,
2013-14,202874,Chris Wright,1610612749,MIL,8,1,7,126.0,1,2,0.5,2,0,1,0.0,0.5
2013-14,101236,Chuck Hayes,1610612761,TOR,61,33,28,753.0,2,2,1.0,4,0,0,,1.0
2013-14,203469,Cody Zeller,1610612766,CHA,82,43,39,1417.0,26,99,0.263,52,0,1,0.0,0.263
2013-14,202332,Cole Aldrich,1610612752,NYK,46,26,20,330.0,1,1,1.0,2,,,,1.0
2013-14,201147,Corey Brewer,1610612750,MIN,81,40,41,2609.0,70,228,0.307,196,56,189,0.296,0.43
2013-14,202709,Cory Joseph,1610612759,SAS,68,52,16,936.0,21,52,0.404,52,10,33,0.303,0.5
2013-14,201584,Courtney Lee,1610612763,MEM,79,47,32,1973.0,91,231,0.394,247,65,178,0.365,0.535
2013-14,201571,D.J. Augustin,1610612741,CHI,71,44,27,1939.0,76,178,0.427,225,73,173,0.422,0.632
2013-14,203474,DJ Stephens,1610612749,MIL,3,0,3,15.0,0,0,,0,,,,
2013-14,201591,DJ White,1610612766,CHA,2,2,0,10.0,0,1,0.0,0,,,,0.0
2013-14,203081,Damian Lillard,1610612757,POR,82,54,28,2937.0,126,294,0.429,364,112,265,0.423,0.619
2013-14,202345,Damion James,1610612759,SAS,5,1,4,50.0,0,6,0.0,0,0,2,0.0,0.0
2013-14,202350,Daniel Orton,1610612755,PHI,22,7,15,251.0,6,10,0.6,12,,,,0.6
2013-14,101122,Danny Granger,1610612746,LAC,41,31,10,848.0,54,149,0.362,149,41,122,0.336,0.5
2013-14,201980,Danny Green,1610612759,SAS,68,54,14,1651.0,111,278,0.399,328,106,253,0.419,0.59
2013-14,201967,Dante Cunningham,1610612750,MIN,81,39,42,1635.0,135,333,0.405,270,0,2,0.0,0.405
2013-14,203130,Darius Johnson-Odom,1610612755,PHI,3,0,3,15.0,0,3,0.0,0,0,3,0.0,0.0
2013-14,203121,Darius Miller,1610612740,NOP,45,14,31,723.0,39,86,0.453,102,24,68,0.353,0.593
2013-14,202721,Darius Morris,1610612763,MEM,27,16,11,313.0,8,26,0.308,23,7,24,0.292,0.442
2013-14,201589,Darrell Arthur,1610612743,DEN,68,33,35,1161.0,111,276,0.402,244,22,61,0.361,0.442
2013-14,201954,Darren Collison,1610612746,LAC,80,56,24,2069.0,70,157,0.446,198,58,142,0.408,0.631
2013-14,101135,David Lee,1610612744,GSW,69,42,27,2288.0,36,99,0.364,72,,,,0.364
2013-14,2561,David West,1610612754,IND,80,54,26,2472.0,144,277,0.52,291,3,10,0.3,0.525
2013-14,201599,DeAndre Jordan,1610612746,LAC,82,57,25,2870.0,0,0,,0,,,,
2013-14,202732,DeAndre Liggins,1610612748,MIA,1,1,0,1.0,0,0,,0,,,,
2013-14,201971,DeJuan Blair,1610612742,DAL,78,46,32,1214.0,18,52,0.346,36,0,0,,0.346
2013-14,201942,DeMar DeRozan,1610612761,TOR,79,45,34,3017.0,144,368,0.391,339,51,161,0.317,0.461
2013-14,202326,DeMarcus Cousins,1610612758,SAC,71,28,43,2298.0,80,176,0.455,160,0,5,0.0,0.455
2013-14,201960,DeMarre Carroll,1610612737,ATL,73,37,36,2341.0,109,276,0.395,308,90,241,0.373,0.558
2013-14,203471,Dennis Schröder,1610612737,ATL,49,21,28,641.0,11,29,0.379,31,9,25,0.36,0.534
2013-14,965,Derek Fisher,1610612760,OKC,81,59,22,1428.0,74,182,0.407,212,64,163,0.393,0.582
2013-14,101114,Deron Williams,1610612751,BKN,64,37,27,2059.0,93,212,0.439,257,71,171,0.415,0.606
2013-14,202324,Derrick Favors,1610612762,UTA,73,25,48,2201.0,34,114,0.298,68,,,,0.298
2013-14,201565,Derrick Rose,1610612741,CHI,10,5,5,311.0,12,31,0.387,36,12,27,0.444,0.581
2013-14,202682,Derrick Williams,1610612758,SAC,78,29,49,1820.0,32,109,0.294,85,21,82,0.256,0.39
2013-14,2734,Devin Harris,1610612742,DAL,40,24,16,818.0,23,63,0.365,67,21,57,0.368,0.532
2013-14,203473,Dewayne Dedmon,1610612753,ORL,31,7,24,390.0,4,13,0.308,8,,,,0.308
2013-14,202354,Dexter Pittman,1610612737,ATL,2,0,2,3.0,0,0,,0,,,,
2013-14,203197,Diante Garrett,1610612762,UTA,71,23,48,1048.0,33,80,0.413,98,32,77,0.416,0.613
2013-14,203079,Dion Waiters,1610612739,CLE,70,28,42,2072.0,100,238,0.42,274,74,176,0.42,0.576
2013-14,202091,Dionte Christmas,1610612756,PHX,31,15,16,198.0,13,31,0.419,35,9,23,0.391,0.565
2013-14,1717,Dirk Nowitzki,1610612742,DAL,80,48,32,2628.0,268,582,0.46,655,119,304,0.391,0.563
2013-14,202388,Donald Sloan,1610612754,IND,48,31,17,392.0,9,34,0.265,26,8,33,0.242,0.382
2013-14,202700,Donatas Motiejunas,1610612745,HOU,62,42,20,952.0,27,98,0.276,75,21,83,0.253,0.383
2013-14,2748,Dorell Wright,1610612757,POR,68,48,20,984.0,65,184,0.353,194,64,178,0.36,0.527
2013-14,203117,Doron Lamb,1610612753,ORL,53,13,40,695.0,33,87,0.379,98,32,84,0.381,0.563
2013-14,203110,Draymond Green,1610612744,GSW,82,51,31,1797.0,66,191,0.346,180,48,147,0.327,0.471
2013-14,2400,Drew Gooden,1610612764,WAS,22,12,10,395.0,32,67,0.478,70,6,16,0.375,0.522
2013-14,202779,Dwight Buycks,1610612761,TOR,14,5,9,146.0,5,10,0.5,15,5,10,0.5,0.75
2013-14,2730,Dwight Howard,1610612745,HOU,71,48,23,2396.0,5,13,0.385,12,2,5,0.4,0.462
2013-14,2548,Dwyane Wade,1610612748,MIA,54,36,18,1775.0,24,67,0.358,55,7,20,0.35,0.41
2013-14,202734,E'Twaun Moore,1610612753,ORL,79,22,57,1506.0,52,149,0.349,151,47,135,0.348,0.507
2013-14,201947,Earl Clark,1610612752,NYK,54,22,32,768.0,53,144,0.368,146,40,115,0.348,0.507
2013-14,2248,Earl Watson,1610612757,POR,24,17,7,161.0,2,7,0.286,6,2,5,0.4,0.429
2013-14,202334,Ed Davis,1610612763,MEM,63,38,25,956.0,21,45,0.467,42,,,,0.467
2013-14,202327,Ekpe Udoh,1610612749,MIL,42,7,35,804.0,9,25,0.36,18,,,,0.36
2013-14,203548,Elias Harris,1610612747,LAL,2,1,1,11.0,0,0,,0,,,,
2013-14,202343,Elliot Williams,1610612755,PHI,67,13,54,1157.0,34,109,0.312,97,29,99,0.293,0.445
2013-14,1882,Elton Brand,1610612737,ATL,73,34,39,1414.0,77,152,0.507,154,0,2,0.0,0.507
2013-14,202683,Enes Freedom,1610612762,UTA,80,23,57,2138.0,73,194,0.376,146,0,1,0.0,0.376
2013-14,202339,Eric Bledsoe,1610612756,PHX,43,28,15,1416.0,25,68,0.368,70,20,62,0.323,0.515
2013-14,201569,Eric Gordon,1610612740,NOP,64,26,38,2057.0,85,197,0.431,251,81,180,0.45,0.637
2013-14,201953,Eric Maynor,1610612755,PHI,31,11,20,327.0,12,32,0.375,36,12,30,0.4,0.563
2013-14,203513,Erik Murphy,1610612741,CHI,24,13,11,62.0,0,5,0.0,0,0,3,0.0,0.0
2013-14,101141,Ersan Ilyasova,1610612749,MIL,55,10,45,1479.0,96,264,0.364,226,34,118,0.288,0.428
2013-14,203095,Evan Fournier,1610612743,DEN,76,35,41,1503.0,77,200,0.385,229,75,191,0.393,0.573
2013-14,202323,Evan Turner,1610612754,IND,81,29,52,2457.0,79,208,0.38,206,48,131,0.366,0.495
2013-14,101128,Francisco Garcia,1610612745,HOU,55,33,22,1083.0,69,189,0.365,203,65,180,0.361,0.537
2013-14,203539,Gal Mekel,1610612742,DAL,31,18,13,292.0,6,17,0.353,17,5,15,0.333,0.5
2013-14,202066,Garrett Temple,1610612764,WAS,75,40,35,638.0,8,38,0.211,19,3,21,0.143,0.25
2013-14,202390,Gary Neal,1610612766,CHA,52,19,33,1113.0,58,140,0.414,154,38,92,0.413,0.55
2013-14,201588,George Hill,1610612754,IND,76,50,26,2434.0,85,206,0.413,247,77,189,0.407,0.6
2013-14,101123,Gerald Green,1610612756,PHX,82,48,34,2330.0,177,438,0.404,506,152,379,0.401,0.578
2013-14,201945,Gerald Henderson,1610612766,CHA,77,40,37,2461.0,79,206,0.383,189,31,90,0.344,0.459
2013-14,2222,Gerald Wallace,1610612738,BOS,58,19,39,1416.0,24,64,0.375,66,18,55,0.327,0.516
2013-14,203507,Giannis Antetokounmpo,1610612749,MIL,77,14,63,1897.0,32,110,0.291,91,27,88,0.307,0.414
2013-14,203540,Gigi Datome,1610612765,DET,34,9,25,238.0,13,57,0.228,33,7,37,0.189,0.289
2013-14,201175,Glen Davis,1610612746,LAC,68,30,38,1662.0,97,221,0.439,197,3,7,0.429,0.446
2013-14,203318,Glen Rice,1610612764,WAS,11,2,9,109.0,4,19,0.211,12,4,15,0.267,0.316
2013-14,201609,Goran Dragic,1610612756,PHX,76,45,31,2668.0,70,170,0.412,200,60,148,0.405,0.588
2013-14,202330,Gordon Hayward,1610612762,UTA,77,23,54,2800.0,122,349,0.35,312,68,215,0.316,0.447
2013-14,203476,Gorgui Dieng,1610612750,MIN,60,32,28,818.0,15,27,0.556,30,0,0,,0.556
2013-14,202328,Greg Monroe,1610612765,DET,82,29,53,2689.0,19,72,0.264,38,0,1,0.0,0.264
2013-14,201141,Greg Oden,1610612748,MIA,23,16,7,212.0,0,0,,0,,,,
2013-14,202962,Greg Smith,1610612745,HOU,11,7,4,100.0,0,0,,0,,,,
2013-14,201880,Greg Stiemsma,1610612740,NOP,55,21,34,1007.0,7,21,0.333,14,0,1,0.0,0.333
2013-14,202349,Greivis Vasquez,1610612761,TOR,79,46,33,1779.0,91,227,0.401,270,88,222,0.396,0.595
2013-14,202970,Gustavo Ayon,1610612737,ATL,26,12,14,429.0,3,11,0.273,6,,,,0.273
2013-14,202380,Hamady Ndiaye,1610612758,SAC,14,5,9,74.0,0,1,0.0,0,,,,0.0
2013-14,203084,Harrison Barnes,1610612744,GSW,78,48,30,2204.0,76,195,0.39,214,62,169,0.367,0.549
2013-14,201934,Hasheem Thabeet,1610612760,OKC,23,18,5,192.0,3,7,0.429,6,,,,0.429
2013-14,2045,Hedo Turkoglu,1610612746,LAC,38,27,11,392.0,19,40,0.475,55,17,36,0.472,0.688
2013-14,203156,Henry Sims,1610612755,PHI,46,11,35,875.0,26,67,0.388,52,0,0,,0.388
2013-14,200756,Hilton Armstrong,1610612744,GSW,15,12,3,97.0,1,3,0.333,2,,,,0.333
2013-14,203138,Hollis Thompson,1610612755,PHI,77,18,59,1742.0,77,188,0.41,218,64,157,0.408,0.58
2013-14,203546,Ian Clark,1610612762,UTA,23,3,20,172.0,11,31,0.355,32,10,28,0.357,0.516
2013-14,101133,Ian Mahinmi,1610612754,IND,77,51,26,1248.0,11,36,0.306,22,0,1,0.0,0.306
2013-14,202697,Iman Shumpert,1610612752,NYK,74,36,38,1962.0,72,210,0.343,210,66,190,0.347,0.5
2013-14,203477,Isaiah Canaan,1610612745,HOU,22,14,8,252.0,15,38,0.395,44,14,36,0.389,0.579
2013-14,202738,Isaiah Thomas,1610612758,SAC,72,26,46,2497.0,71,182,0.39,199,57,144,0.396,0.547
2013-14,202397,Ish Smith,1610612756,PHX,70,39,31,1006.0,0,18,0.0,0,0,16,0.0,0.0
2013-14,200826,J.J. Barea,1610612750,MIN,79,40,39,1471.0,34,92,0.37,98,30,84,0.357,0.533
2013-14,201581,JJ Hickson,1610612743,DEN,69,31,38,1859.0,33,92,0.359,66,0,5,0.0,0.359
2013-14,200755,JJ Redick,1610612746,LAC,35,24,11,987.0,92,209,0.44,245,61,144,0.424,0.586
2013-14,2747,JR Smith,1610612752,NYK,74,34,40,2421.0,166,379,0.438,491,159,352,0.452,0.648
2013-14,201580,JaVale McGee,1610612743,DEN,5,1,4,79.0,1,4,0.25,2,,,,0.25
2013-14,203109,Jae Crowder,1610612742,DAL,78,47,31,1254.0,55,155,0.355,158,48,141,0.34,0.51
2013-14,203479,Jamaal Franklin,1610612763,MEM,21,11,10,162.0,6,14,0.429,16,4,10,0.4,0.571
2013-14,2224,Jamaal Tinsley,1610612762,UTA,8,0,8,110.0,1,15,0.067,3,1,15,0.067,0.1
2013-14,2037,Jamal Crawford,1610612746,LAC,69,47,22,2094.0,127,345,0.368,364,110,299,0.368,0.528
2013-14,2749,Jameer Nelson,1610612753,ORL,68,21,47,2179.0,62,190,0.326,184,60,177,0.339,0.484
2013-14,202341,James Anderson,1610612755,PHI,80,19,61,2309.0,100,296,0.338,298,98,284,0.345,0.503
2013-14,201935,James Harden,1610612745,HOU,73,48,25,2777.0,94,245,0.384,278,90,233,0.386,0.567
2013-14,201949,James Johnson,1610612763,MEM,52,33,19,956.0,26,80,0.325,73,21,71,0.296,0.456
2013-14,2592,James Jones,1610612748,MIA,20,15,5,236.0,26,55,0.473,78,26,50,0.52,0.709
2013-14,203263,James Nunnally,1610612755,PHI,13,3,10,165.0,7,21,0.333,21,7,20,0.35,0.5
2013-14,203480,James Southerland,1610612740,NOP,4,2,2,30.0,4,10,0.4,11,3,6,0.5,0.55
2013-14,202686,Jan Vesely,1610612743,DEN,54,22,32,776.0,4,14,0.286,8,,,,0.286
2013-14,2457,Jannero Pargo,1610612766,CHA,29,15,14,242.0,16,37,0.432,47,15,33,0.455,0.635
2013-14,203099,Jared Cunningham,1610612758,SAC,13,5,8,80.0,2,7,0.286,5,1,6,0.167,0.357
2013-14,201162,Jared Dudley,1610612746,LAC,74,51,23,1729.0,138,323,0.427,356,80,223,0.359,0.551
2013-14,203096,Jared Sullinger,1610612738,BOS,74,23,51,2041.0,87,271,0.321,230,56,193,0.29,0.424
2013-14,101127,Jarrett Jack,1610612739,CLE,80,32,48,2252.0,50,134,0.373,140,40,106,0.377,0.522
2013-14,202363,Jarvis Varnado,1610612755,PHI,24,5,19,339.0,11,17,0.647,22,,,,0.647
2013-14,2215,Jason Collins,1610612751,BKN,22,16,6,172.0,3,8,0.375,6,0,3,0.0,0.375
2013-14,101131,Jason Maxiell,1610612753,ORL,34,7,27,488.0,9,31,0.29,18,,,,0.29
2013-14,201160,Jason Smith,1610612740,NOP,31,11,20,830.0,88,188,0.468,176,,,,0.468
2013-14,1891,Jason Terry,1610612751,BKN,35,17,18,570.0,31,83,0.373,90,28,75,0.373,0.542
2013-14,201574,Jason Thompson,1610612758,SAC,82,28,54,2007.0,40,103,0.388,80,,,,0.388
2013-14,202399,Jeff Adrien,1610612749,MIL,53,17,36,962.0,18,42,0.429,36,,,,0.429
2013-14,201965,Jeff Ayres,1610612759,SAS,73,55,18,952.0,8,22,0.364,16,,,,0.364
2013-14,201145,Jeff Green,1610612738,BOS,82,25,57,2805.0,138,365,0.378,379,103,281,0.367,0.519
2013-14,201952,Jeff Teague,1610612737,ATL,79,37,42,2542.0,42,128,0.328,122,38,117,0.325,0.477
2013-14,203481,Jeff Withey,1610612740,NOP,58,21,37,684.0,5,8,0.625,10,0,1,0.0,0.625
2013-14,203106,Jeffery Taylor,1610612766,CHA,26,12,14,629.0,21,85,0.247,60,18,63,0.286,0.353
2013-14,202379,Jeremy Evans,1610612762,UTA,66,23,43,1209.0,36,101,0.356,72,0,2,0.0,0.356
2013-14,203087,Jeremy Lamb,1610612760,OKC,78,57,21,1538.0,95,251,0.378,266,76,200,0.38,0.53
2013-14,202391,Jeremy Lin,1610612745,HOU,71,48,23,2054.0,76,181,0.42,217,65,163,0.399,0.599
2013-14,202719,Jeremy Tyler,1610612752,NYK,41,20,21,398.0,9,27,0.333,18,,,,0.333
2013-14,979,Jermaine O'Neal,1610612744,GSW,44,27,17,883.0,10,24,0.417,20,,,,0.417
2013-14,201573,Jerryd Bayless,1610612738,BOS,72,24,48,1686.0,79,201,0.393,221,63,166,0.38,0.55
2013-14,202690,Jimmer Fredette,1610612741,CHI,49,20,29,519.0,22,49,0.449,63,19,39,0.487,0.643
2013-14,202710,Jimmy Butler III,1610612741,CHI,67,43,24,2590.0,89,263,0.338,242,64,205,0.312,0.46
2013-14,201149,Joakim Noah,1610612741,CHI,80,48,32,2820.0,55,129,0.426,110,0,1,0.0,0.426
2013-14,201975,Jodie Meeks,1610612747,LAL,77,25,52,2556.0,138,331,0.417,405,129,304,0.424,0.612
2013-14,2207,Joe Johnson,1610612751,BKN,79,43,36,2575.0,152,357,0.426,435,131,321,0.408,0.609
2013-14,201202,Joel Anthony,1610612738,BOS,33,16,17,186.0,2,5,0.4,4,,,,0.4
2013-14,200777,Joel Freeland,1610612757,POR,52,37,15,727.0,28,57,0.491,56,0,2,0.0,0.491
2013-14,203089,John Henson,1610612749,MIL,70,12,58,1856.0,18,52,0.346,36,0,1,0.0,0.346
2013-14,203098,John Jenkins,1610612737,ATL,13,6,7,158.0,5,19,0.263,13,3,16,0.188,0.342
2013-14,101249,John Lucas III,1610612762,UTA,42,10,32,591.0,26,87,0.299,77,25,78,0.321,0.443
2013-14,2422,John Salmons,1610612761,TOR,78,46,32,1726.0,60,148,0.405,176,56,131,0.427,0.595
2013-14,202322,John Wall,1610612764,WAS,82,44,38,2980.0,68,164,0.415,199,63,142,0.444,0.607
2013-14,202720,Jon Leuer,1610612763,MEM,49,24,25,642.0,49,107,0.458,121,23,49,0.469,0.565
2013-14,201973,Jonas Jerebko,1610612765,DET,64,23,41,741.0,35,84,0.417,100,30,71,0.423,0.595
2013-14,202685,Jonas Valančiūnas,1610612761,TOR,81,47,34,2282.0,37,101,0.366,74,0,1,0.0,0.366
2013-14,202348,Jordan Crawford,1610612744,GSW,81,39,42,1860.0,60,166,0.361,171,51,149,0.342,0.515
2013-14,200770,Jordan Farmar,1610612747,LAL,41,16,25,912.0,50,103,0.485,141,41,90,0.456,0.684
2013-14,202706,Jordan Hamilton,1610612745,HOU,60,31,29,1020.0,57,152,0.375,168,54,143,0.378,0.553
2013-14,201941,Jordan Hill,1610612747,LAL,72,24,48,1500.0,40,92,0.435,80,0,1,0.0,0.435
2013-14,203268,Jorge Gutierrez,1610612751,BKN,15,8,7,244.0,9,22,0.409,21,3,12,0.25,0.477
2013-14,101181,Jose Calderon,1610612742,DAL,81,49,32,2468.0,167,363,0.46,491,157,338,0.464,0.676
2013-14,2735,Josh Childress,1610612740,NOP,4,2,2,24.0,0,0,,0,,,,
2013-14,202725,Josh Harrellson,1610612765,DET,32,12,20,317.0,14,38,0.368,40,12,31,0.387,0.526
2013-14,201177,Josh McRoberts,1610612766,CHA,78,39,39,2360.0,120,318,0.377,340,100,268,0.373,0.535
2013-14,2694,Josh Powell,1610612745,HOU,1,0,1,19.0,2,4,0.5,4,,,,0.5
2013-14,2746,Josh Smith,1610612765,DET,77,28,49,2730.0,134,406,0.33,335,67,241,0.278,0.413
2013-14,201950,Jrue Holiday,1610612740,NOP,34,15,19,1143.0,14,35,0.4,39,11,26,0.423,0.557
2013-14,202933,Julyan Stone,1610612761,TOR,21,9,12,120.0,2,8,0.25,6,2,8,0.25,0.375
2013-14,203120,Justin Hamilton,1610612748,MIA,8,4,4,72.0,3,12,0.25,9,3,9,0.333,0.375
2013-14,202695,Kawhi Leonard,1610612759,SAS,66,54,12,1923.0,72,171,0.421,201,57,148,0.385,0.588
2013-14,2586,Keith Bogans,1610612738,BOS,6,1,5,55.0,3,5,0.6,9,3,5,0.6,0.9
2013-14,203482,Kelly Olynyk,1610612738,BOS,70,18,52,1400.0,69,187,0.369,175,37,107,0.346,0.468
2013-14,202689,Kemba Walker,1610612766,CHA,73,38,35,2614.0,86,239,0.36,240,68,204,0.333,0.502
2013-14,203088,Kendall Marshall,1610612747,LAL,54,14,40,1564.0,60,149,0.403,176,56,137,0.409,0.591
2013-14,2570,Kendrick Perkins,1610612760,OKC,62,48,14,1207.0,11,19,0.579,22,0,0,,0.579
2013-14,202702,Kenneth Faried,1610612743,DEN,80,36,44,2178.0,27,66,0.409,54,0,2,0.0,0.409
2013-14,203145,Kent Bazemore,1610612747,LAL,67,35,32,911.0,26,72,0.361,73,21,63,0.333,0.507
2013-14,203484,Kentavious Caldwell-Pope,1610612765,DET,80,28,52,1583.0,68,210,0.324,191,55,168,0.327,0.455
2013-14,2030,Kenyon Martin,1610612752,NYK,32,13,19,633.0,12,35,0.343,24,0,1,0.0,0.343
2013-14,201142,Kevin Durant,1610612760,OKC,81,58,23,3122.0,149,376,0.396,395,97,253,0.383,0.525
2013-14,708,Kevin Garnett,1610612751,BKN,54,27,27,1109.0,61,129,0.473,122,0,2,0.0,0.473
2013-14,201567,Kevin Love,1610612750,MIN,77,39,38,2796.0,200,475,0.421,553,153,380,0.403,0.582
2013-14,2755,Kevin Martin,1610612750,MIN,68,32,36,2177.0,125,314,0.398,343,93,228,0.408,0.546
2013-14,202338,Kevin Seraphin,1610612764,WAS,53,25,28,578.0,17,49,0.347,34,,,,0.347
2013-14,203114,Khris Middleton,1610612749,MIL,82,15,67,2460.0,167,370,0.451,444,110,258,0.426,0.6
2013-14,2550,Kirk Hinrich,1610612741,CHI,73,45,28,2116.0,84,204,0.412,235,67,174,0.385,0.576
2013-14,202691,Klay Thompson,1610612744,GSW,81,51,30,2868.0,270,610,0.443,741,201,454,0.443,0.607
2013-14,977,Kobe Bryant,1610612747,LAL,6,2,4,177.0,2,10,0.2,5,1,8,0.125,0.25
2013-14,201585,Kosta Koufos,1610612763,MEM,80,48,32,1349.0,20,48,0.417,40,,,,0.417
2013-14,2743,Kris Humphries,1610612738,BOS,69,22,47,1376.0,95,197,0.482,190,0,1,0.0,0.482
2013-14,2594,Kyle Korver,1610612737,ATL,71,37,34,2408.0,208,409,0.509,584,168,336,0.5,0.714
2013-14,200768,Kyle Lowry,1610612761,TOR,79,45,34,2862.0,109,247,0.441,321,103,235,0.438,0.65
2013-14,203124,Kyle O'Quinn,1610612753,ORL,69,20,49,1188.0,66,150,0.44,132,0,2,0.0,0.44
2013-14,202713,Kyle Singler,1610612765,DET,82,29,53,2337.0,108,271,0.399,307,91,227,0.401,0.566
2013-14,202681,Kyrie Irving,1610612739,CLE,71,28,43,2496.0,72,221,0.326,192,48,157,0.306,0.434
2013-14,200746,LaMarcus Aldridge,1610612757,POR,69,46,23,2499.0,217,480,0.452,436,2,9,0.222,0.454
2013-14,202362,Lance Stephenson,1610612754,IND,78,53,25,2752.0,68,210,0.324,200,64,189,0.339,0.476
2013-14,202498,Lance Thomas,1610612740,NOP,5,3,2,42.0,0,2,0.0,0,,,,0.0
2013-14,202361,Landry Fields,1610612761,TOR,30,14,16,322.0,1,5,0.2,2,0,3,0.0,0.2
2013-14,202336,Larry Sanders,1610612749,MIL,23,3,20,584.0,3,7,0.429,6,0,1,0.0,0.429
2013-14,202730,Lavoy Allen,1610612754,IND,65,18,47,1071.0,39,114,0.342,80,2,13,0.154,0.351
2013-14,2544,LeBron James,1610612748,MIA,77,52,25,2902.0,72,163,0.442,198,54,122,0.443,0.607
2013-14,2571,Leandro Barbosa,1610612756,PHX,20,12,8,368.0,7,28,0.25,21,7,23,0.304,0.375
2013-14,203485,Lorenzo Brown,1610612755,PHI,26,2,24,224.0,2,20,0.1,6,2,19,0.105,0.15
2013-14,200811,Lou Amundson,1610612741,CHI,19,11,8,185.0,0,3,0.0,0,,,,0.0
2013-14,101150,Lou Williams,1610612737,ATL,60,26,34,1445.0,50,134,0.373,143,43,121,0.355,0.534
2013-14,201601,Luc Mbah a Moute,1610612750,MIN,64,31,33,1003.0,18,56,0.321,40,4,17,0.235,0.357
2013-14,2449,Luis Scola,1610612754,IND,82,56,26,1399.0,135,296,0.456,271,1,5,0.2,0.458
2013-14,202337,Luke Babbitt,1610612740,NOP,27,9,18,473.0,35,91,0.385,103,33,87,0.379,0.566
2013-14,2557,Luke Ridnour,1610612766,CHA,61,22,39,1141.0,33,86,0.384,89,23,65,0.354,0.517
2013-14,2736,Luol Deng,1610612739,CLE,63,29,34,2213.0,82,260,0.315,212,48,164,0.293,0.408
2013-14,203146,Maalik Wayns,1610612746,LAC,2,2,0,9.0,0,0,,0,,,,
2013-14,202952,Malcolm Thomas,1610612762,UTA,8,2,6,63.0,1,7,0.143,3,1,4,0.25,0.214
2013-14,202412,Manny Harris,1610612747,LAL,9,2,7,180.0,6,18,0.333,17,5,16,0.313,0.472
2013-14,1938,Manu Ginobili,1610612759,SAS,68,52,16,1550.0,80,210,0.381,231,71,183,0.388,0.55
2013-14,202705,MarShon Brooks,1610612747,LAL,35,13,22,317.0,7,15,0.467,21,7,13,0.538,0.7
2013-14,201188,Marc Gasol,1610612763,MEM,59,40,19,1970.0,111,273,0.407,223,1,5,0.2,0.408
2013-14,101162,Marcin Gortat,1610612764,WAS,81,44,37,2655.0,79,173,0.457,159,1,1,1.0,0.46
2013-14,201158,Marco Belinelli,1610612759,SAS,80,61,19,2016.0,162,351,0.462,437,113,245,0.461,0.623
2013-14,202694,Marcus Morris Sr.,1610612756,PHX,82,48,34,1800.0,112,275,0.407,317,93,233,0.399,0.576
2013-14,201977,Marcus Thornton,1610612751,BKN,72,33,39,1741.0,100,287,0.348,286,86,243,0.354,0.498
2013-14,201596,Mario Chalmers,1610612748,MIA,73,49,24,2178.0,75,195,0.385,225,75,191,0.393,0.577
2013-14,202693,Markieff Morris,1610612756,PHX,81,47,34,2153.0,83,222,0.374,197,31,99,0.313,0.444
2013-14,203104,Marquis Teague,1610612751,BKN,40,20,20,442.0,6,14,0.429,15,3,9,0.333,0.536
2013-14,201578,Marreese Speights,1610612744,GSW,79,48,31,982.0,40,121,0.331,88,8,29,0.276,0.364
2013-14,101110,Martell Webster,1610612764,WAS,78,42,36,2157.0,159,376,0.423,459,141,341,0.413,0.61
2013-14,101107,Marvin Williams,1610612762,UTA,66,24,42,1674.0,111,306,0.363,301,79,220,0.359,0.492
2013-14,203486,Mason Plumlee,1610612751,BKN,70,37,33,1275.0,2,7,0.286,4,0,1,0.0,0.286
2013-14,2440,Matt Barnes,1610612746,LAC,63,45,18,1735.0,98,286,0.343,288,92,260,0.354,0.503
2013-14,2588,Matt Bonner,1610612759,SAS,61,43,18,690.0,47,104,0.452,135,41,95,0.432,0.649
2013-14,203521,Matthew Dellavedova,1610612739,CLE,72,29,43,1271.0,59,147,0.401,168,50,131,0.382,0.571
2013-14,203090,Maurice Harkless,1610612753,ORL,80,22,58,1950.0,54,138,0.391,159,51,132,0.386,0.576
2013-14,2408,Melvin Ely,1610612740,NOP,2,2,0,27.0,0,1,0.0,0,,,,0.0
2013-14,1897,Metta World Peace,1610612752,NYK,29,10,19,388.0,14,49,0.286,40,12,39,0.308,0.408
2013-14,203086,Meyers Leonard,1610612757,POR,40,20,20,355.0,13,40,0.325,26,0,4,0.0,0.325
2013-14,201563,Michael Beasley,1610612748,MIA,55,36,19,831.0,40,91,0.44,100,20,48,0.417,0.549
2013-14,203487,Michael Carter-Williams,1610612755,PHI,70,18,52,2414.0,44,149,0.295,122,34,127,0.268,0.409
2013-14,203077,Michael Kidd-Gilchrist,1610612766,CHA,62,35,27,1502.0,25,85,0.294,51,1,9,0.111,0.3
2013-14,201144,Mike Conley,1610612763,MEM,73,46,27,2446.0,79,220,0.359,229,71,189,0.376,0.52
2013-14,2399,Mike Dunleavy,1610612741,CHI,82,48,34,2584.0,174,444,0.392,454,106,290,0.366,0.511
2013-14,200839,Mike Harris,1610612762,UTA,20,1,19,225.0,9,29,0.31,18,0,2,0.0,0.31
2013-14,2229,Mike James,1610612741,CHI,11,3,8,77.0,1,6,0.167,3,1,5,0.2,0.25
2013-14,2034,Mike Miller,1610612763,MEM,82,50,32,1706.0,132,291,0.454,365,101,223,0.453,0.627
2013-14,203488,Mike Muscala,1610612737,ATL,20,10,10,215.0,14,34,0.412,28,0,3,0.0,0.412
2013-14,203118,Mike Scott,1610612737,ATL,80,36,44,1482.0,99,267,0.371,259,61,190,0.321,0.485
2013-14,203101,Miles Plumlee,1610612756,PHX,80,47,33,1964.0,10,20,0.5,20,,,,0.5
2013-14,203545,Miroslav Raduljica,1610612749,MIL,48,7,41,465.0,1,10,0.1,2,,,,0.1
2013-14,203141,Mirza Teletovic,1610612751,BKN,72,41,31,1396.0,137,347,0.395,400,126,324,0.389,0.576
2013-14,2590,Mo Williams,1610612757,POR,74,49,25,1833.0,69,168,0.411,197,59,142,0.415,0.586
2013-14,101145,Monta Ellis,1610612742,DAL,82,49,33,3023.0,72,192,0.375,198,54,136,0.397,0.516
2013-14,201203,Mustafa Shakur,1610612760,OKC,3,2,1,11.0,0,2,0.0,0,0,1,0.0,0.0
2013-14,201986,Nando De Colo,1610612761,TOR,47,36,11,494.0,15,44,0.341,44,14,41,0.341,0.5
2013-14,101126,Nate Robinson,1610612743,DEN,44,22,22,866.0,38,93,0.409,109,33,84,0.393,0.586
2013-14,203489,Nate Wolters,1610612749,MIL,58,10,48,1309.0,16,52,0.308,45,13,41,0.317,0.433
2013-14,1737,Nazr Mohammed,1610612741,CHI,80,47,33,562.0,8,33,0.242,16,,,,0.242
2013-14,203517,Nemanja Nedovic,1610612744,GSW,24,17,7,142.0,2,12,0.167,6,2,11,0.182,0.25
2013-14,2403,Nene,1610612764,WAS,53,30,23,1560.0,71,162,0.438,143,1,4,0.25,0.441
2013-14,201979,Nick Calathes,1610612763,MEM,71,42,29,1173.0,20,55,0.364,56,16,46,0.348,0.509
2013-14,2555,Nick Collison,1610612760,OKC,81,58,23,1353.0,23,58,0.397,50,4,17,0.235,0.431
2013-14,201156,Nick Young,1610612747,LAL,64,21,43,1809.0,107,261,0.41,307,93,229,0.406,0.588
2013-14,201587,Nicolas Batum,1610612757,POR,82,54,28,2956.0,148,372,0.398,418,122,316,0.386,0.562
2013-14,201593,Nikola Pekovic,1610612750,MIN,54,27,27,1663.0,11,19,0.579,22,,,,0.579
2013-14,202696,Nikola Vučević,1610612753,ORL,57,19,38,1812.0,99,214,0.463,198,,,,0.463
2013-14,202708,Norris Cole,1610612748,MIA,82,54,28,2014.0,64,178,0.36,186,58,160,0.363,0.522
2013-14,201564,O.J. Mayo,1610612749,MIL,52,10,42,1346.0,78,206,0.379,215,59,159,0.371,0.522
2013-14,203136,Ognjen Kuzmic,1610612744,GSW,21,16,5,92.0,0,0,,0,,,,
2013-14,201600,Omer Asik,1610612745,HOU,48,32,16,968.0,3,8,0.375,6,,,,0.375
2013-14,201956,Omri Casspi,1610612745,HOU,71,46,25,1283.0,61,176,0.347,178,56,160,0.35,0.506
2013-14,203111,Orlando Johnson,1610612758,SAC,45,34,11,392.0,11,46,0.239,31,9,43,0.209,0.337
2013-14,201785,Othyus Jeffers,1610612750,MIN,6,2,4,47.0,0,3,0.0,0,0,2,0.0,0.0
2013-14,203490,Otto Porter Jr.,1610612764,WAS,37,20,17,319.0,12,41,0.293,27,3,19,0.158,0.329
2013-14,200782,P.J. Tucker,1610612756,PHX,81,48,33,2490.0,78,205,0.38,225,69,176,0.392,0.549
2013-14,203143,Pablo Prigioni,1610612752,NYK,66,29,37,1283.0,41,91,0.451,122,40,88,0.455,0.67
2013-14,201976,Patrick Beverley,1610612745,HOU,56,39,17,1751.0,89,230,0.387,263,85,221,0.385,0.572
2013-14,202335,Patrick Patterson,1610612761,TOR,65,37,28,1532.0,110,272,0.404,272,52,145,0.359,0.5
2013-14,201988,Patty Mills,1610612759,SAS,81,62,19,1527.0,95,237,0.401,280,90,221,0.407,0.591
2013-14,2200,Pau Gasol,1610612747,LAL,60,21,39,1884.0,101,233,0.433,206,4,13,0.308,0.442
2013-14,202331,Paul George,1610612754,IND,80,54,26,2898.0,180,420,0.429,501,141,331,0.426,0.596
2013-14,200794,Paul Millsap,1610612737,ATL,74,36,38,2482.0,101,286,0.353,274,72,196,0.367,0.479
2013-14,1718,Paul Pierce,1610612751,BKN,75,42,33,2098.0,115,294,0.391,334,104,265,0.392,0.568
2013-14,203544,Pero Antic,1610612737,ATL,50,23,27,925.0,63,180,0.35,179,53,159,0.333,0.497
2013-14,203103,Perry Jones III,1610612760,OKC,62,45,17,764.0,29,81,0.358,79,21,57,0.368,0.488
2013-14,203491,Peyton Siva,1610612765,DET,24,9,15,224.0,1,9,0.111,3,1,8,0.125,0.167
2013-14,203515,Phil Pressey,1610612738,BOS,75,23,52,1132.0,25,87,0.287,74,24,82,0.293,0.425
2013-14,203112,Quincy Acy,1610612758,SAC,63,22,41,848.0,12,37,0.324,28,4,14,0.286,0.378
2013-14,203113,Quincy Miller,1610612743,DEN,52,21,31,789.0,29,89,0.326,85,27,81,0.333,0.478
2013-14,202347,Quincy Pondexter,1610612763,MEM,15,7,8,270.0,10,30,0.333,30,10,29,0.345,0.5
2013-14,200765,Rajon Rondo,1610612738,BOS,30,6,24,998.0,11,38,0.289,30,8,32,0.25,0.395
2013-14,201196,Ramon Sessions,1610612749,MIL,83,30,53,2214.0,43,125,0.344,110,24,81,0.296,0.44
2013-14,200751,Randy Foye,1610612743,DEN,81,36,45,2485.0,145,373,0.389,424,134,346,0.387,0.568
2013-14,1740,Rashard Lewis,1610612748,MIA,60,41,19,971.0,51,143,0.357,147,45,131,0.344,0.514
2013-14,2446,Rasual Butler,1610612754,IND,50,30,20,378.0,22,63,0.349,64,20,54,0.37,0.508
2013-14,951,Ray Allen,1610612748,MIA,73,47,26,1936.0,125,314,0.398,360,110,282,0.39,0.573
2013-14,203492,Ray McCallum,1610612758,SAC,45,16,29,897.0,28,69,0.406,75,19,49,0.388,0.543
2013-14,101109,Raymond Felton,1610612752,NYK,65,31,34,2017.0,58,167,0.347,161,45,126,0.357,0.482
2013-14,203493,Reggie Bullock Jr.,1610612746,LAC,43,30,13,396.0,22,76,0.289,63,19,62,0.306,0.414
2013-14,2501,Reggie Evans,1610612758,SAC,54,18,36,899.0,1,4,0.25,2,,,,0.25
2013-14,202704,Reggie Jackson,1610612760,OKC,80,57,23,2277.0,58,170,0.341,171,55,157,0.35,0.503
2013-14,202130,Reggie Williams,1610612760,OKC,3,3,0,17.0,1,2,0.5,3,1,2,0.5,0.75
2013-14,2210,Richard Jefferson,1610612762,UTA,82,25,57,2213.0,128,318,0.403,370,114,275,0.415,0.582
2013-14,203495,Ricky Ledo,1610612742,DAL,11,5,6,33.0,2,6,0.333,6,2,6,0.333,0.5
2013-14,201937,Ricky Rubio,1610612750,MIN,82,40,42,2638.0,49,140,0.35,139,41,116,0.353,0.496
2013-14,203133,Robbie Hummel,1610612750,MIN,53,26,27,655.0,47,121,0.388,126,32,82,0.39,0.521
2013-14,203496,Robert Covington,1610612745,HOU,7,4,3,34.0,5,12,0.417,14,4,11,0.364,0.583
2013-14,203135,Robert Sacre,1610612747,LAL,65,20,45,1089.0,28,73,0.384,56,,,,0.384
2013-14,201577,Robin Lopez,1610612757,POR,82,54,28,2604.0,34,81,0.42,68,0,0,,0.42
2013-14,201155,Rodney Stuckey,1610612765,DET,73,27,46,1950.0,48,142,0.338,120,24,78,0.308,0.423
2013-14,2427,Roger Mason Jr.,1610612748,MIA,25,18,7,260.0,16,46,0.348,45,13,41,0.317,0.489
2013-14,200758,Ronnie Brewer,1610612741,CHI,24,17,7,160.0,1,9,0.111,3,1,8,0.125,0.167
2013-14,101179,Ronnie Price,1610612753,ORL,31,9,22,377.0,7,30,0.233,20,6,28,0.214,0.333
2013-14,101142,Ronny Turiaf,1610612750,MIN,31,16,15,606.0,1,2,0.5,2,,,,0.5
2013-14,201579,Roy Hibbert,1610612754,IND,81,55,26,2409.0,52,142,0.366,105,1,4,0.25,0.37
2013-14,2767,Royal Ivey,1610612760,OKC,2,2,0,5.0,0,0,,0,0,0,,
2013-14,203091,Royce White,1610612758,SAC,3,1,2,9.0,0,0,,0,,,,
2013-14,200752,Rudy Gay,1610612758,SAC,73,27,46,2531.0,62,181,0.343,167,43,127,0.339,0.461
2013-14,203497,Rudy Gobert,1610612762,UTA,45,7,38,434.0,1,2,0.5,2,,,,0.5
2013-14,201566,Russell Westbrook,1610612760,OKC,46,34,12,1412.0,20,67,0.299,57,17,62,0.274,0.425
2013-14,201583,Ryan Anderson,1610612740,NOP,22,12,10,795.0,73,171,0.427,211,65,155,0.419,0.617
2013-14,101155,Ryan Gomes,1610612760,OKC,5,3,2,34.0,0,2,0.0,0,0,2,0.0,0.0
2013-14,200797,Ryan Hollins,1610612746,LAC,61,43,18,482.0,2,4,0.5,4,,,,0.5
2013-14,203527,Ryan Kelly,1610612747,LAL,59,15,44,1312.0,56,157,0.357,159,47,135,0.348,0.506
2013-14,2223,Samuel Dalembert,1610612742,DAL,80,48,32,1614.0,20,49,0.408,40,0,0,,0.408
2013-14,2756,Sasha Vujacic,1610612746,LAC,2,1,1,10.0,2,4,0.5,5,1,2,0.5,0.625
2013-14,203816,Scotty Hopson,1610612739,CLE,2,2,0,7.0,0,1,0.0,0,0,1,0.0,0.0
2013-14,201586,Serge Ibaka,1610612760,OKC,81,59,22,2666.0,204,427,0.478,430,22,57,0.386,0.504
2013-14,203508,Sergey Karasev,1610612739,CLE,22,7,15,156.0,5,22,0.227,14,4,19,0.211,0.318
2013-14,203552,Seth Curry,1610612739,CLE,2,1,1,13.0,1,1,1.0,3,1,1,1.0,1.5
2013-14,203498,Shabazz Muhammad,1610612750,MIN,37,21,16,290.0,5,16,0.313,13,3,10,0.3,0.406
2013-14,2203,Shane Battier,1610612748,MIA,73,49,24,1468.0,71,201,0.353,213,71,199,0.357,0.53
2013-14,202197,Shane Edwards,1610612739,CLE,2,0,2,12.0,0,0,,0,,,,
2013-14,203499,Shane Larkin,1610612742,DAL,48,26,22,489.0,10,31,0.323,29,9,26,0.346,0.468
2013-14,200769,Shannon Brown,1610612752,NYK,29,19,10,251.0,0,9,0.0,0,0,1,0.0,0.0
2013-14,2733,Shaun Livingston,1610612751,BKN,76,42,34,1974.0,4,12,0.333,9,1,4,0.25,0.375
2013-14,101183,Shavlik Randolph,1610612756,PHX,14,8,6,95.0,0,0,,0,,,,
2013-14,1890,Shawn Marion,1610612742,DAL,76,44,32,2409.0,79,197,0.401,215,57,154,0.37,0.546
2013-14,200761,Shawne Williams,1610612747,LAL,36,14,22,751.0,50,137,0.365,141,41,123,0.333,0.515
2013-14,202714,Shelvin Mack,1610612737,ATL,73,33,40,1490.0,45,119,0.378,128,38,111,0.342,0.538
2013-14,203524,Solomon Hill,1610612754,IND,28,17,11,226.0,4,20,0.2,12,4,20,0.2,0.3
2013-14,200780,Solomon Jones,1610612753,ORL,11,2,9,85.0,4,9,0.444,8,,,,0.444
2013-14,201150,Spencer Hawes,1610612739,CLE,80,26,54,2470.0,146,350,0.417,413,121,290,0.417,0.59
2013-14,201939,Stephen Curry,1610612744,GSW,78,50,28,2846.0,110,236,0.466,313,93,203,0.458,0.663
2013-14,1536,Stephen Jackson,1610612746,LAC,9,6,3,107.0,1,14,0.071,3,1,12,0.083,0.107
2013-14,2581,Steve Blake,1610612744,GSW,55,31,24,1498.0,69,172,0.401,200,62,152,0.408,0.581
2013-14,959,Steve Nash,1610612747,LAL,15,4,11,313.0,7,17,0.412,20,6,13,0.462,0.588
2013-14,200779,Steve Novak,1610612761,TOR,54,28,26,540.0,49,109,0.45,144,46,105,0.438,0.661
2013-14,203500,Steven Adams,1610612760,OKC,81,59,22,1197.0,3,9,0.333,6,,,,0.333
2013-14,201959,Taj Gibson,1610612741,CHI,82,48,34,2351.0,117,261,0.448,234,0,7,0.0,0.448
2013-14,2419,Tayshaun Prince,1610612763,MEM,76,46,30,1948.0,76,219,0.347,172,20,67,0.299,0.393
2013-14,203093,Terrence Jones,1610612745,HOU,76,51,25,2078.0,39,119,0.328,107,29,91,0.319,0.45
2013-14,203082,Terrence Ross,1610612761,TOR,81,47,34,2159.0,158,381,0.415,462,146,349,0.418,0.606
2013-14,200757,Thabo Sefolosha,1610612760,OKC,61,44,17,1584.0,51,162,0.315,146,44,139,0.317,0.451
2013-14,201152,Thaddeus Young,1610612755,PHI,79,18,61,2718.0,101,312,0.324,280,78,246,0.317,0.449
2013-14,203080,Thomas Robinson,1610612757,POR,70,47,23,873.0,21,63,0.333,42,0,1,0.0,0.333
2013-14,201168,Tiago Splitter,1610612759,SAS,59,46,13,1271.0,5,11,0.455,10,0,1,0.0,0.455
2013-14,1495,Tim Duncan,1610612759,SAS,74,56,18,2158.0,102,277,0.368,204,0,5,0.0,0.368
2013-14,203501,Tim Hardaway Jr.,1610612752,NYK,81,37,44,1875.0,128,345,0.371,370,114,306,0.373,0.536
2013-14,202389,Timofey Mozgov,1610612743,DEN,82,36,46,1770.0,20,66,0.303,44,4,23,0.174,0.333
2013-14,202699,Tobias Harris,1610612753,ORL,61,16,45,1850.0,67,211,0.318,163,29,112,0.259,0.386
2013-14,201962,Toney Douglas,1610612748,MIA,51,33,18,675.0,22,62,0.355,65,21,58,0.362,0.524
2013-14,2754,Tony Allen,1610612763,MEM,55,31,24,1278.0,24,86,0.279,58,10,42,0.238,0.337
2013-14,203502,Tony Mitchell,1610612765,DET,21,6,15,79.0,1,3,0.333,3,1,1,1.0,0.5
2013-14,203183,Tony Mitchell,1610612749,MIL,3,0,3,10.0,0,0,,0,0,0,,
2013-14,2225,Tony Parker,1610612759,SAS,68,51,17,1997.0,41,102,0.402,105,23,60,0.383,0.515
2013-14,203503,Tony Snell,1610612741,CHI,77,46,31,1231.0,65,185,0.351,184,54,158,0.342,0.497
2013-14,203100,Tony Wroten,1610612755,PHI,72,18,54,1765.0,27,112,0.241,80,26,107,0.243,0.357
2013-14,203129,Tornike Shengelia,1610612741,CHI,26,14,12,155.0,0,6,0.0,0,0,6,0.0,0.0
2013-14,203315,Toure' Murry,1610612752,NYK,51,26,25,372.0,7,18,0.389,16,2,7,0.286,0.444
2013-14,2566,Travis Outlaw,1610612758,SAC,63,22,41,1065.0,52,146,0.356,141,37,102,0.363,0.483
2013-14,2772,Trevor Ariza,1610612764,WAS,77,41,36,2723.0,179,425,0.421,523,165,396,0.417,0.615
2013-14,202344,Trevor Booker,1610612764,WAS,72,36,36,1553.0,30,71,0.423,60,0,1,0.0,0.423
2013-14,203504,Trey Burke,1610612762,UTA,70,24,46,2262.0,110,314,0.35,310,90,267,0.337,0.494
2013-14,202684,Tristan Thompson,1610612739,CLE,82,33,49,2594.0,27,59,0.458,54,0,1,0.0,0.458
2013-14,203584,Troy Daniels,1610612745,HOU,5,3,2,75.0,8,18,0.444,24,8,18,0.444,0.667
2013-14,201951,Ty Lawson,1610612743,DEN,62,29,33,2222.0,49,132,0.371,139,41,113,0.363,0.527
2013-14,201946,Tyler Hansbrough,1610612761,TOR,64,38,26,978.0,4,22,0.182,8,0,1,0.0,0.182
2013-14,203092,Tyler Zeller,1610612739,CLE,70,27,43,1049.0,31,62,0.5,62,0,1,0.0,0.5
2013-14,201936,Tyreke Evans,1610612740,NOP,72,32,40,2028.0,19,64,0.297,52,14,51,0.275,0.406
2013-14,203116,Tyshawn Taylor,1610612751,BKN,23,11,12,270.0,2,7,0.286,6,2,6,0.333,0.429
2013-14,2199,Tyson Chandler,1610612752,NYK,55,24,31,1662.0,9,29,0.31,18,0,1,0.0,0.31
2013-14,2617,Udonis Haslem,1610612748,MIA,46,30,16,653.0,24,63,0.381,48,,,,0.381
2013-14,203505,Vander Blue,1610612738,BOS,3,1,2,15.0,0,1,0.0,0,0,1,0.0,0.0
2013-14,203139,Viacheslav Kravtsov,1610612756,PHX,20,13,7,59.0,0,0,,0,,,,
2013-14,201964,Victor Claver,1610612757,POR,21,13,8,184.0,4,17,0.235,11,3,14,0.214,0.324
2013-14,203506,Victor Oladipo,1610612753,ORL,80,23,57,2486.0,60,174,0.345,175,55,162,0.34,0.503
2013-14,1713,Vince Carter,1610612742,DAL,81,49,32,1973.0,113,287,0.394,329,103,260,0.396,0.573
2013-14,203543,Vitor Faverani,1610612738,BOS,37,13,24,488.0,20,53,0.377,52,12,38,0.316,0.491
2013-14,201961,Wayne Ellington,1610612742,DAL,45,23,22,393.0,28,69,0.406,77,21,47,0.447,0.558
2013-14,202325,Wesley Johnson,1610612747,LAL,79,27,52,2240.0,125,325,0.385,342,92,246,0.374,0.526
2013-14,202083,Wesley Matthews,1610612757,POR,82,54,28,2780.0,187,454,0.412,547,173,420,0.412,0.602
2013-14,203115,Will Barton,1610612757,POR,41,27,14,387.0,9,26,0.346,24,6,22,0.273,0.462
2013-14,101198,Will Bynum,1610612765,DET,56,17,39,1054.0,14,48,0.292,38,10,35,0.286,0.396
2013-14,2584,Willie Green,1610612746,LAC,55,38,17,869.0,50,150,0.333,138,38,104,0.365,0.46
2013-14,201163,Wilson Chandler,1610612743,DEN,62,27,35,1927.0,134,357,0.375,385,117,322,0.363,0.539
2013-14,202333,Xavier Henry,1610612747,LAL,43,16,27,908.0,33,85,0.388,90,24,61,0.393,0.529
2013-14,2216,Zach Randolph,1610612763,MEM,79,49,30,2705.0,41,125,0.328,83,1,14,0.071,0.332
2013-14,2585,Zaza Pachulia,1610612749,MIL,53,10,43,1325.0,39,99,0.394,78,0,1,0.0,0.394
