Season,PLAYER_ID,PLAYER_NAME,TEAM_ID,TEAM_ABBREVIATION,GP,W,L,MIN,POINTS,TOUCHES,FRONT_CT_TOUCHES,TIME_OF_POSS,AVG_SEC_PER_TOUCH,AVG_DRIB_PER_TOUCH,PTS_PER_TOUCH,ELBOW_TOUCHES,POST_TOUCHES,PAINT_TOUCHES,PTS_PER_ELBOW_TOUCH,PTS_PER_POST_TOUCH,PTS_PER_PAINT_TOUCH
2025-26,1630639,A.J. Lawson,1610612761,TOR,2,0,2,16.0,12,25,18,0.6,1.47,0.64,0.48,0,0,3,0.0,0.0,1.333
2025-26,1631260,AJ Green,1610612749,MIL,24,10,14,684.0,263,1078,514,33.7,1.88,0.9,0.244,2,0,6,0.0,0.0,1.0
2025-26,1642358,AJ Johnson,1610612764,WAS,11,0,11,48.0,7,85,36,6.5,4.56,3.97,0.082,0,0,1,0.0,0.0,0.0
2025-26,203932,Aaron Gordon,1610612743,DEN,13,10,3,368.0,244,593,283,37.2,3.76,2.64,0.411,14,19,59,0.857,0.947,1.237
2025-26,1628988,Aaron Holiday,1610612745,HOU,19,14,5,311.0,164,453,213,28.7,3.8,3.53,0.362,3,0,1,0.667,0.0,0.0
2025-26,1630174,Aaron Nesmith,1610612754,IND,11,1,10,335.0,170,620,375,19.6,1.9,1.18,0.274,10,0,15,0.0,0.0,0.2
2025-26,1630598,Aaron Wiggins,1610612760,OKC,16,14,2,386.0,190,540,311,25.9,2.87,2.41,0.352,9,0,19,0.444,0.0,0.895
2025-26,1642846,Ace Bailey,1610612762,UTA,26,10,16,616.0,270,644,474,21.0,1.96,1.2,0.419,12,1,49,0.5,0.0,0.796
2025-26,1641737,Adem Bona,1610612755,PHI,17,11,6,273.0,59,233,130,5.3,1.36,0.38,0.253,6,1,43,0.333,2.0,0.814
2025-26,1642876,Adou Thiero,1610612747,LAL,10,7,3,55.0,10,61,24,1.8,1.75,0.58,0.164,0,0,6,0.0,0.0,0.333
2025-26,1642349,Ajay Mitchell,1610612760,OKC,27,25,2,711.0,380,1274,562,101.3,4.77,4.85,0.298,18,0,29,0.889,0.0,0.828
2025-26,201143,Al Horford,1610612744,GSW,13,7,6,279.0,73,533,335,12.3,1.38,0.45,0.137,14,12,26,0.143,0.333,0.308
2025-26,1627936,Alex Caruso,1610612760,OKC,18,17,1,335.0,103,525,249,22.3,2.55,1.84,0.196,21,0,19,0.286,0.0,0.526
2025-26,1642259,Alex Sarr,1610612764,WAS,17,2,15,499.0,323,1048,637,35.1,2.01,1.01,0.308,92,13,107,0.707,1.0,0.972
2025-26,1642918,Alijah Martin,1610612761,TOR,2,0,2,7.0,0,4,2,0.1,1.74,1.5,0.0,0,0,1,0.0,0.0,0.0
2025-26,1630578,Alperen Sengun,1610612745,HOU,22,15,7,796.0,521,1750,1087,95.0,3.26,2.12,0.298,106,127,134,0.566,0.583,0.672
2025-26,1642873,Amari Williams,1610612738,BOS,6,4,2,31.0,3,28,14,0.6,1.32,0.39,0.107,2,0,4,0.0,0.0,0.5
2025-26,1641708,Amen Thompson,1610612745,HOU,24,16,8,880.0,422,1800,669,136.5,4.55,3.9,0.234,30,0,164,0.6,0.0,0.841
2025-26,1629599,Amir Coffey,1610612749,MIL,20,9,11,158.0,30,134,96,4.0,1.77,0.94,0.224,0,0,1,0.0,0.0,2.0
2025-26,203083,Andre Drummond,1610612755,PHI,24,14,10,514.0,174,541,320,13.1,1.45,0.35,0.322,18,7,130,0.222,1.143,0.854
2025-26,1641748,Andre Jackson Jr.,1610612749,MIL,13,4,9,92.0,17,188,90,7.8,2.49,1.57,0.09,5,0,11,0.0,0.0,0.545
2025-26,1629614,Andrew Nembhard,1610612754,IND,19,4,15,599.0,342,1617,661,119.7,4.44,4.09,0.212,6,4,13,0.667,0.0,0.769
2025-26,203952,Andrew Wiggins,1610612748,MIA,22,11,11,721.0,349,968,652,43.4,2.69,1.96,0.361,10,31,45,1.3,0.548,0.911
2025-26,1629014,Anfernee Simons,1610612738,BOS,26,15,11,617.0,337,1084,515,80.1,4.43,3.99,0.311,4,0,8,0.0,0.0,0.5
2025-26,1641710,Anthony Black,1610612753,ORL,27,15,12,779.0,360,1471,738,82.8,3.38,2.79,0.245,10,5,37,0.9,0.8,1.162
2025-26,203076,Anthony Davis,1610612742,DAL,12,7,5,363.0,235,742,473,31.6,2.56,1.27,0.317,51,39,92,0.588,0.308,1.076
2025-26,1630162,Anthony Edwards,1610612750,MIN,20,13,7,687.0,573,1464,673,127.0,5.21,5.2,0.391,10,23,24,1.5,0.435,0.875
2025-26,1630264,Anthony Gill,1610612764,WAS,10,0,10,32.0,17,33,24,1.2,2.17,0.88,0.515,2,0,3,1.0,0.0,1.333
2025-26,1641810,Antonio Reeves,1610612766,CHA,6,1,5,53.0,21,50,34,1.6,1.87,1.42,0.42,0,0,1,0.0,0.0,0.0
2025-26,1630574,Ariel Hukporti,1610612752,NYK,17,13,4,153.0,23,143,104,4.4,1.86,0.48,0.161,20,2,37,0.15,0.0,0.432
2025-26,1642854,Asa Newell,1610612737,ATL,18,12,6,168.0,91,224,135,5.6,1.51,0.65,0.406,8,1,26,0.75,0.0,0.923
2025-26,1641709,Ausar Thompson,1610612765,DET,22,16,6,582.0,253,1017,492,59.4,3.5,2.81,0.249,34,6,92,0.647,0.5,0.685
2025-26,1630559,Austin Reaves,1610612747,LAL,21,15,6,775.0,583,1680,654,132.9,4.75,4.29,0.347,10,0,14,0.9,0.0,1.0
2025-26,1630245,Ayo Dosunmu,1610612741,CHI,20,8,12,556.0,304,1001,548,52.8,3.16,2.76,0.304,7,0,18,0.857,0.0,0.889
2025-26,1628389,Bam Adebayo,1610612748,MIA,19,10,9,587.0,360,1006,555,40.2,2.4,1.53,0.358,49,31,79,0.898,0.419,0.911
2025-26,1631248,Baylor Scheierman,1610612738,BOS,22,14,8,265.0,68,279,164,10.1,2.16,0.99,0.244,0,0,6,0.0,0.0,0.667
2025-26,1642879,Ben Saraf,1610612751,BKN,12,3,9,203.0,65,461,187,34.6,4.5,4.18,0.141,0,0,10,0.0,0.0,0.4
2025-26,1641767,Ben Sheppard,1610612754,IND,22,4,18,549.0,143,925,492,34.9,2.26,1.62,0.155,5,0,18,0.0,0.0,0.444
2025-26,1631097,Bennedict Mathurin,1610612754,IND,16,5,11,527.0,317,938,571,41.1,2.63,1.86,0.338,17,4,36,0.706,0.5,1.028
2025-26,1641731,Bilal Coulibaly,1610612764,WAS,13,2,11,348.0,109,511,232,25.4,2.98,2.39,0.213,5,0,17,0.4,0.0,1.059
2025-26,202687,Bismack Biyombo,1610612759,SAS,9,6,3,61.0,7,72,34,2.5,2.05,0.46,0.097,4,0,8,0.0,0.0,0.75
2025-26,1631104,Blake Wesley,1610612757,POR,6,4,2,98.0,36,223,97,13.5,3.62,3.17,0.161,1,0,4,0.0,0.0,0.5
2025-26,1626171,Bobby Portis,1610612749,MIL,27,11,16,604.0,336,1157,646,35.4,1.84,0.95,0.29,27,50,63,0.593,0.66,0.857
2025-26,1641752,Bobi Klintman,1610612765,DET,6,5,1,53.0,17,79,45,2.1,1.6,0.66,0.215,2,0,7,0.0,0.0,0.0
2025-26,203992,Bogdan Bogdanović,1610612746,LAC,13,2,11,321.0,123,558,251,36.7,3.94,3.43,0.22,4,0,3,0.0,0.0,0.667
2025-26,1630538,Bones Hyland,1610612750,MIN,18,12,6,210.0,98,484,230,31.5,3.9,3.08,0.202,3,0,5,0.667,0.0,0.4
2025-26,203078,Bradley Beal,1610612746,LAC,6,2,4,121.0,49,177,109,8.6,2.92,2.54,0.277,1,0,7,0.0,0.0,1.143
2025-26,1642382,Branden Carlson,1610612760,OKC,18,17,1,186.0,89,252,139,5.3,1.27,0.21,0.353,11,1,41,0.909,0.0,1.049
2025-26,1641764,Brandin Podziemski,1610612744,GSW,28,13,15,776.0,345,1619,762,94.6,3.51,2.82,0.213,23,5,36,0.913,0.4,0.694
2025-26,1629634,Brandon Clarke,1610612763,MEM,1,1,0,17.0,6,22,16,0.8,2.28,0.91,0.273,4,0,4,0.5,0.0,0.5
2025-26,1627742,Brandon Ingram,1610612761,TOR,28,17,11,959.0,617,1605,1084,85.1,3.18,2.15,0.384,35,43,48,0.543,0.558,1.083
2025-26,1641706,Brandon Miller,1610612766,CHA,11,6,5,318.0,200,648,358,36.1,3.34,2.57,0.309,15,4,14,1.133,0.25,0.857
2025-26,1630314,Brandon Williams,1610612742,DAL,25,10,15,555.0,272,1263,485,104.3,4.95,5.23,0.215,5,0,14,0.0,0.0,0.214
2025-26,1641729,Brice Sensabaugh,1610612762,UTA,25,9,16,401.0,219,563,367,20.8,2.21,1.6,0.389,4,0,14,0.5,0.0,0.357
2025-26,1642355,Bronny James,1610612747,LAL,14,8,6,125.0,26,208,103,13.5,3.9,3.39,0.125,0,0,7,0.0,0.0,0.571
2025-26,201572,Brook Lopez,1610612746,LAC,20,5,15,283.0,116,345,249,9.7,1.69,0.62,0.336,14,23,31,0.286,0.826,0.645
2025-26,1642964,Brooks Barnhizer,1610612760,OKC,17,16,1,132.0,29,159,69,7.0,2.65,2.16,0.182,3,0,9,0.0,0.0,0.889
2025-26,1628971,Bruce Brown,1610612743,DEN,26,20,6,628.0,175,927,402,54.0,3.49,2.89,0.189,18,0,61,0.722,0.0,0.738
2025-26,1631121,Bryce McGowens,1610612740,NOP,18,4,14,310.0,145,398,189,16.8,2.53,1.89,0.364,3,0,8,0.333,0.0,1.375
2025-26,1642267,Bub Carrington,1610612764,WAS,25,4,21,676.0,206,1401,491,95.4,4.09,3.74,0.147,3,0,10,0.0,0.0,0.2
2025-26,1627741,Buddy Hield,1610612744,GSW,28,13,15,517.0,220,913,541,29.1,1.91,1.17,0.241,16,1,29,1.25,0.0,1.034
2025-26,203468,CJ McCollum,1610612764,WAS,25,4,21,760.0,465,1415,604,109.6,4.65,4.24,0.329,16,0,11,0.75,0.0,0.818
2025-26,1630595,Cade Cunningham,1610612765,DET,23,17,6,830.0,624,2242,981,183.0,4.9,4.43,0.278,32,25,39,0.625,0.48,0.59
2025-26,1631216,Caleb Houstan,1610612737,ATL,8,5,3,43.0,20,54,43,1.2,1.31,0.47,0.37,2,0,4,1.0,0.0,0.0
2025-26,1631126,Caleb Love,1610612757,POR,18,6,12,322.0,145,599,294,33.0,3.3,2.95,0.242,4,0,4,0.5,0.0,1.0
2025-26,1628997,Caleb Martin,1610612742,DAL,22,8,14,200.0,27,227,109,10.5,2.78,2.15,0.119,2,0,10,0.0,0.0,0.0
2025-26,1642353,Cam Christie,1610612746,LAC,17,3,14,188.0,74,315,162,15.3,2.91,2.33,0.235,2,0,12,1.0,0.0,0.75
2025-26,1642285,Cam Spencer,1610612763,MEM,26,12,14,565.0,313,1301,705,76.4,3.52,3.18,0.241,9,0,18,0.667,0.0,0.944
2025-26,1630560,Cam Thomas,1610612751,BKN,8,1,7,226.0,171,444,277,30.6,4.14,3.67,0.385,2,2,2,0.0,0.0,1.0
2025-26,1641715,Cam Whitmore,1610612764,WAS,21,3,18,354.0,193,432,244,19.8,2.75,2.35,0.447,8,2,48,1.25,2.0,1.0
2025-26,1629661,Cameron Johnson,1610612743,DEN,25,19,6,772.0,293,949,608,34.4,2.18,1.45,0.309,14,0,28,1.143,0.0,1.143
2025-26,1627747,Caris LeVert,1610612765,DET,21,16,5,436.0,197,772,433,49.3,3.83,3.33,0.255,10,1,15,0.8,0.0,1.067
2025-26,1642868,Carter Bryant,1610612759,SAS,19,15,4,151.0,50,162,88,6.2,2.28,1.33,0.309,4,0,12,0.0,0.0,0.667
2025-26,1641717,Cason Wallace,1610612760,OKC,26,24,2,722.0,215,996,479,48.5,2.92,2.4,0.216,16,0,20,0.5,0.0,0.3
2025-26,1642907,Cedric Coward,1610612763,MEM,27,13,14,731.0,362,1486,735,64.8,2.62,1.88,0.244,12,4,70,0.917,1.25,0.914
2025-26,1629646,Charles Bassey,1610612763,MEM,2,0,2,31.0,7,34,15,0.7,1.24,0.41,0.206,3,0,10,0.333,0.0,0.5
2025-26,1642404,Chaz Lanier,1610612765,DET,13,12,1,133.0,43,125,109,3.7,1.78,0.96,0.344,1,0,1,0.0,0.0,0.0
2025-26,1631096,Chet Holmgren,1610612760,OKC,23,22,1,664.0,434,1004,558,37.2,2.22,1.12,0.432,52,24,124,0.654,0.75,1.073
2025-26,1628449,Chris Boucher,1610612738,BOS,8,3,5,91.0,18,105,57,2.9,1.68,0.48,0.171,2,0,7,1.0,0.0,1.143
2025-26,1641753,Chris Livingston,1610612739,CLE,3,2,1,17.0,9,21,13,0.7,2.08,1.86,0.429,0,0,0,0.0,0.0,0.0
2025-26,1643024,Chris Mañon,1610612747,LAL,2,1,1,7.0,0,6,1,0.3,3.0,2.5,0.0,0,0,0,0.0,0.0,0.0
2025-26,101108,Chris Paul,1610612746,LAC,16,4,12,228.0,47,510,207,42.1,4.96,4.26,0.092,6,3,4,0.0,0.0,0.0
2025-26,1642959,Chris Youngblood,1610612760,OKC,19,19,0,107.0,35,97,64,2.8,1.76,0.96,0.361,1,0,2,3.0,0.0,1.0
2025-26,1631128,Christian Braun,1610612743,DEN,11,9,2,325.0,125,489,279,19.2,2.35,1.5,0.256,19,0,47,0.947,0.0,0.979
2025-26,1631132,Christian Koloko,1610612747,LAL,2,1,1,6.0,0,8,4,0.3,2.44,1.13,0.0,0,0,1,0.0,0.0,0.0
2025-26,1642935,Chucky Hepburn,1610612761,TOR,2,0,2,13.0,0,31,12,1.7,3.37,3.58,0.0,0,0,0,0.0,0.0,0.0
2025-26,203991,Clint Capela,1610612745,HOU,23,15,8,258.0,84,340,200,8.4,1.48,0.38,0.247,22,2,100,0.455,0.0,0.72
2025-26,1629632,Coby White,1610612741,CHI,10,4,6,293.0,220,570,274,38.3,4.03,3.51,0.386,1,1,2,3.0,0.0,1.5
2025-26,1628998,Cody Martin,1610612754,IND,4,0,4,55.0,7,73,33,2.9,2.37,1.88,0.096,1,0,2,0.0,0.0,0.0
2025-26,1642262,Cody Williams,1610612762,UTA,14,5,9,180.0,40,160,92,5.4,2.02,1.26,0.25,3,0,5,1.333,0.0,1.2
2025-26,1641732,Colby Jones,1610612765,DET,1,0,1,7.0,2,11,4,0.5,2.87,2.18,0.182,0,0,0,0.0,0.0,0.0
2025-26,1630175,Cole Anthony,1610612749,MIL,24,10,14,388.0,171,919,288,83.7,5.46,5.26,0.186,1,0,9,0.0,0.0,0.444
2025-26,1631221,Collin Gillespie,1610612756,PHX,27,15,12,747.0,354,1561,680,102.9,3.96,3.88,0.227,11,0,26,0.182,0.0,0.308
2025-26,1642867,Collin Murray-Boyles,1610612761,TOR,23,13,10,402.0,154,610,388,15.4,1.52,0.55,0.252,42,1,93,0.5,0.0,0.559
2025-26,1629012,Collin Sexton,1610612766,CHA,21,6,15,530.0,326,1152,475,99.0,5.15,5.0,0.283,8,0,13,0.625,0.0,1.154
2025-26,1642843,Cooper Flagg,1610612742,DAL,27,11,16,924.0,502,1754,814,99.3,3.4,2.66,0.286,29,14,53,0.586,0.429,0.792
2025-26,1630557,Corey Kispert,1610612764,WAS,17,2,15,338.0,152,418,237,11.8,1.7,1.0,0.364,2,0,9,0.0,0.0,1.222
2025-26,1641854,Craig Porter Jr.,1610612739,CLE,25,14,11,411.0,126,783,343,39.1,3.0,2.36,0.161,16,0,36,0.5,0.0,0.389
2025-26,1642938,Curtis Jones,1610612743,DEN,2,2,0,3.0,2,6,3,0.7,6.62,6.83,0.333,0,0,1,0.0,0.0,2.0
2025-26,1626156,D'Angelo Russell,1610612742,DAL,22,8,14,437.0,240,1087,442,76.4,4.21,3.65,0.221,1,1,10,0.0,2.0,0.6
2025-26,1641747,DaRon Holmes II,1610612743,DEN,2,2,0,4.0,3,5,1,0.1,1.37,0.0,0.6,0,0,0,0.0,0.0,0.0
2025-26,1631342,Daeqwon Plowden,1610612758,SAC,1,0,1,14.0,2,14,10,0.2,1.05,0.21,0.143,0,0,2,0.0,0.0,1.0
2025-26,1631207,Dalen Terry,1610612741,CHI,16,7,9,173.0,51,292,157,12.0,2.47,2.27,0.175,4,0,13,0.5,0.0,0.462
2025-26,1642261,Dalton Knecht,1610612747,LAL,21,15,6,306.0,127,361,216,13.8,2.29,1.36,0.352,9,0,12,0.444,0.0,0.833
2025-26,1629655,Daniel Gafford,1610612742,DAL,17,5,12,372.0,145,445,273,13.5,1.82,0.57,0.326,31,14,86,0.806,0.571,1.14
2025-26,1642450,Daniss Jenkins,1610612765,DET,21,16,5,362.0,168,790,353,60.8,4.62,4.33,0.213,6,0,12,0.667,0.0,1.167
2025-26,1642874,Danny Wolf,1610612751,BKN,12,4,8,211.0,105,395,244,20.3,3.08,2.31,0.266,8,3,14,0.25,0.0,0.643
2025-26,203967,Dario Šarić,1610612758,SAC,3,1,2,28.0,5,27,16,0.6,1.23,0.41,0.185,0,0,3,0.0,0.0,0.0
2025-26,1629636,Darius Garland,1610612739,CLE,12,5,7,360.0,185,777,312,61.9,4.78,4.48,0.238,3,0,8,0.0,0.0,0.0
2025-26,1642357,David Jones Garcia,1610612759,SAS,10,6,4,67.0,32,131,53,9.1,4.17,3.38,0.244,1,0,2,0.0,0.0,1.0
2025-26,1630558,Davion Mitchell,1610612748,MIA,24,14,10,730.0,248,1713,676,96.7,3.39,3.24,0.145,7,0,6,0.571,0.0,0.333
2025-26,1630549,Day'Ron Sharpe,1610612751,BKN,25,7,18,400.0,174,706,476,24.5,2.08,1.0,0.246,56,12,117,0.321,0.75,1.017
2025-26,1628368,De'Aaron Fox,1610612759,SAS,18,13,5,584.0,412,1380,492,110.8,4.82,4.4,0.299,5,1,13,1.4,2.0,1.231
2025-26,1629631,De'Andre Hunter,1610612739,CLE,24,13,11,686.0,366,1103,610,45.5,2.48,1.78,0.332,25,3,39,0.72,0.0,0.923
2025-26,1629001,De'Anthony Melton,1610612744,GSW,5,1,4,92.0,38,211,88,13.4,3.81,3.23,0.18,2,0,2,1.0,0.0,1.0
2025-26,201599,DeAndre Jordan,1610612740,NOP,2,0,2,23.0,9,35,27,0.8,1.38,0.23,0.257,3,0,6,0.667,0.0,1.5
2025-26,201942,DeMar DeRozan,1610612758,SAC,26,6,20,854.0,459,1047,717,63.8,3.65,2.93,0.438,42,56,22,0.595,0.786,1.182
2025-26,1629731,Dean Wade,1610612739,CLE,26,14,12,586.0,140,708,411,18.4,1.56,0.66,0.198,17,0,37,0.765,0.0,0.568
2025-26,1629028,Deandre Ayton,1610612747,LAL,23,16,7,676.0,352,966,491,25.2,1.56,0.46,0.364,97,26,229,0.588,0.846,1.096
2025-26,1630166,Deni Avdija,1610612757,POR,26,10,16,888.0,662,2246,953,145.7,3.89,3.35,0.295,28,17,38,0.464,0.353,0.658
2025-26,203471,Dennis Schröder,1610612758,SAC,19,5,14,550.0,240,1345,495,105.3,4.7,4.23,0.178,2,1,5,1.0,0.0,0.8
2025-26,1641726,Dereck Lively II,1610612742,DAL,7,3,4,115.0,30,170,103,4.8,1.7,0.42,0.176,14,0,33,0.143,0.0,0.848
2025-26,1642852,Derik Queen,1610612740,NOP,28,6,22,717.0,359,1479,799,70.5,2.86,1.72,0.243,46,36,90,0.63,0.472,1.089
2025-26,1627884,Derrick Jones Jr.,1610612746,LAC,13,4,9,324.0,136,388,191,14.3,2.22,1.44,0.351,7,0,26,1.429,0.0,1.346
2025-26,1628401,Derrick White,1610612738,BOS,25,14,11,830.0,444,1989,843,134.0,4.04,3.46,0.223,5,0,21,1.2,0.0,0.667
2025-26,1630217,Desmond Bane,1610612753,ORL,27,15,12,905.0,499,1676,911,91.9,3.29,2.33,0.298,15,0,35,0.8,0.0,0.771
2025-26,1626164,Devin Booker,1610612756,PHX,24,14,10,827.0,602,1637,973,121.8,4.46,3.88,0.368,16,20,43,0.688,0.3,0.651
2025-26,1642269,Devin Carter,1610612758,SAC,9,1,8,86.0,32,146,72,7.9,3.26,2.84,0.219,1,0,7,2.0,0.0,0.571
2025-26,1630170,Devin Vassell,1610612759,SAS,26,19,7,836.0,411,1256,749,53.6,2.56,1.89,0.327,8,1,7,0.25,0.0,0.286
2025-26,1628415,Dillon Brooks,1610612756,PHX,21,12,9,648.0,455,995,559,54.0,3.26,2.55,0.457,9,22,25,1.222,0.818,1.0
2025-26,1627734,Domantas Sabonis,1610612758,SAC,11,2,9,365.0,189,793,471,24.2,1.83,0.87,0.238,103,20,128,0.66,0.45,0.891
2025-26,1631230,Dominick Barlow,1610612755,PHI,16,9,7,430.0,131,551,331,14.1,1.54,0.76,0.238,14,0,61,0.429,0.0,0.754
2025-26,1642270,Donovan Clingan,1610612757,POR,22,10,12,552.0,213,765,486,20.1,1.58,0.35,0.278,28,7,197,0.571,0.571,0.766
2025-26,1628378,Donovan Mitchell,1610612739,CLE,26,14,12,895.0,799,1978,830,147.9,4.49,4.08,0.404,7,0,27,0.857,0.0,0.63
2025-26,1628978,Donte DiVincenzo,1610612750,MIN,27,17,10,853.0,374,1576,935,54.0,2.06,1.33,0.237,7,0,25,0.571,0.0,0.4
2025-26,203926,Doug McDermott,1610612758,SAC,2,0,2,11.0,6,14,9,0.3,1.27,0.14,0.429,0,0,0,0.0,0.0,0.0
2025-26,1642962,Drake Powell,1610612751,BKN,19,6,13,337.0,114,506,246,30.6,3.62,3.09,0.225,3,0,2,1.333,0.0,2.0
2025-26,203110,Draymond Green,1610612744,GSW,22,10,12,623.0,181,1601,817,55.4,2.08,1.21,0.113,37,2,50,0.081,0.0,0.44
2025-26,1629234,Drew Eubanks,1610612758,SAC,25,6,19,360.0,133,403,259,11.2,1.67,0.65,0.33,48,5,93,0.604,0.4,0.892
2025-26,1641809,Drew Peterson,1610612766,CHA,6,1,5,64.0,5,78,48,2.5,1.9,1.09,0.064,2,0,3,0.0,0.0,0.0
2025-26,1631166,Drew Timme,1610612747,LAL,2,1,1,8.0,2,14,8,0.5,2.08,0.71,0.143,0,0,2,0.0,0.0,1.0
2025-26,1630696,Dru Smith,1610612748,MIA,25,14,11,429.0,153,909,413,48.4,3.19,2.84,0.168,18,1,23,0.722,0.0,0.652
2025-26,1629130,Duncan Robinson,1610612765,DET,24,19,5,727.0,279,877,637,24.1,1.65,0.62,0.318,4,0,11,1.5,0.0,0.727
2025-26,1641871,Duop Reath,1610612757,POR,20,9,11,169.0,75,199,124,5.2,1.57,0.51,0.377,6,2,11,1.0,1.5,0.818
2025-26,203939,Dwight Powell,1610612742,DAL,22,8,14,256.0,61,290,188,7.7,1.58,0.68,0.21,33,0,52,0.485,0.0,0.635
2025-26,1642928,Dylan Cardwell,1610612758,SAC,3,1,2,33.0,5,28,19,0.6,1.28,0.39,0.179,2,1,8,0.0,0.0,0.5
2025-26,1642844,Dylan Harper,1610612759,SAS,16,13,3,351.0,220,751,330,58.0,4.64,4.12,0.293,3,0,16,0.667,0.0,0.438
2025-26,1630700,Dyson Daniels,1610612737,ATL,28,15,13,953.0,327,1903,864,109.1,3.44,2.87,0.172,46,1,129,0.891,0.0,0.705
2025-26,1630604,E.J. Liddell,1610612751,BKN,7,1,6,32.0,14,40,27,1.3,1.95,1.22,0.35,2,0,3,0.5,0.0,1.667
2025-26,1642856,Egor Dëmin,1610612751,BKN,24,7,17,554.0,209,1269,506,77.0,3.64,3.23,0.165,9,0,12,0.667,0.0,0.333
2025-26,1641989,Elijah Harkless,1610612762,UTA,7,2,5,66.0,17,57,30,2.0,2.15,1.76,0.298,1,0,1,0.0,0.0,3.0
2025-26,1641801,Emanuel Miller,1610612741,CHI,5,0,5,33.0,15,44,31,1.1,1.45,0.84,0.341,1,0,3,2.0,0.0,1.333
2025-26,201569,Eric Gordon,1610612755,PHI,5,3,2,57.0,21,77,51,2.6,2.01,0.95,0.273,0,0,1,0.0,0.0,0.0
2025-26,1630679,Ethan Thompson,1610612754,IND,7,2,5,132.0,33,140,76,5.8,2.48,1.69,0.236,1,0,5,0.0,0.0,0.4
2025-26,1630596,Evan Mobley,1610612739,CLE,25,14,11,854.0,477,1763,940,71.1,2.42,1.53,0.271,93,36,187,0.484,0.306,0.872
2025-26,1630532,Franz Wagner,1610612753,ORL,24,14,10,801.0,545,1443,803,75.8,3.15,2.44,0.378,50,14,70,0.52,0.929,0.857
2025-26,1641713,GG Jackson,1610612763,MEM,8,4,4,54.0,20,95,56,3.5,2.23,1.43,0.211,1,0,6,0.0,0.0,0.333
2025-26,1629216,Gabe Vincent,1610612747,LAL,14,10,4,301.0,66,339,163,18.6,3.29,2.78,0.195,3,0,2,0.0,0.0,0.0
2025-26,202066,Garrett Temple,1610612761,TOR,5,3,2,19.0,4,38,15,2.1,3.28,2.76,0.105,0,0,0,0.0,0.0,0.0
2025-26,1629726,Garrison Mathews,1610612754,IND,12,4,8,173.0,63,226,139,5.0,1.32,0.42,0.279,3,0,1,1.333,0.0,0.0
2025-26,203914,Gary Harris,1610612749,MIL,18,6,12,254.0,43,255,165,8.0,1.89,1.14,0.169,3,0,9,0.0,0.0,0.667
2025-26,1627780,Gary Payton II,1610612744,GSW,26,12,14,302.0,97,580,327,17.5,1.81,1.03,0.167,17,0,60,0.529,0.0,0.75
2025-26,1629018,Gary Trent Jr.,1610612749,MIL,27,11,16,746.0,262,672,508,24.5,2.18,1.67,0.39,0,0,4,0.0,0.0,1.0
2025-26,203507,Giannis Antetokounmpo,1610612749,MIL,17,9,8,495.0,492,1220,566,82.8,4.07,2.82,0.403,81,84,122,0.617,0.488,1.123
2025-26,1629048,Goga Bitadze,1610612753,ORL,26,15,11,438.0,158,603,342,15.4,1.54,0.49,0.262,21,4,114,0.571,1.25,1.088
2025-26,1641711,Gradey Dick,1610612761,TOR,28,17,11,443.0,179,472,332,12.5,1.59,0.99,0.379,9,0,18,1.111,0.0,0.778
2025-26,1628960,Grayson Allen,1610612756,PHX,18,9,9,559.0,294,1023,528,56.1,3.29,2.55,0.287,9,0,7,0.889,0.0,0.857
2025-26,1627824,Guerschon Yabusele,1610612752,NYK,25,19,6,246.0,74,302,196,8.7,1.73,0.7,0.245,7,3,21,0.286,0.667,0.524
2025-26,1630611,Gui Santos,1610612744,GSW,21,9,12,194.0,70,354,214,10.9,1.85,0.87,0.198,6,3,30,0.667,0.667,0.667
2025-26,203084,Harrison Barnes,1610612759,SAS,26,19,7,792.0,332,1002,585,38.0,2.28,1.18,0.331,18,7,23,0.333,0.714,0.652
2025-26,1631127,Harrison Ingram,1610612759,SAS,3,2,1,11.0,5,13,7,0.3,1.55,0.61,0.385,0,0,3,0.0,0.0,0.667
2025-26,1630529,Herbert Jones,1610612740,NOP,20,5,15,582.0,201,898,518,37.9,2.53,1.43,0.224,11,0,31,0.273,0.0,0.613
2025-26,1642864,Hugo González,1610612738,BOS,21,12,9,247.0,76,284,156,9.5,2.01,1.2,0.268,5,0,19,0.8,0.0,0.737
2025-26,1630621,Hunter Dickinson,1610612740,NOP,1,0,1,5.0,2,7,7,0.1,1.25,0.57,0.286,1,0,1,0.0,0.0,0.0
2025-26,1642282,Hunter Sallis,1610612755,PHI,6,3,3,25.0,7,61,20,4.3,4.28,3.97,0.115,0,0,0,0.0,0.0,0.0
2025-26,1641816,Hunter Tyson,1610612743,DEN,9,8,1,35.0,10,62,34,2.5,2.45,1.37,0.161,2,0,2,0.0,0.0,0.0
2025-26,1630193,Immanuel Quickley,1610612761,TOR,27,17,10,869.0,437,1973,732,149.9,4.56,4.0,0.221,12,0,23,0.333,0.0,0.957
2025-26,1642403,Isaac Jones,1610612765,DET,4,2,2,18.0,5,10,5,0.2,1.1,0.1,0.5,0,0,2,0.0,0.0,1.0
2025-26,1630171,Isaac Okoro,1610612741,CHI,18,10,8,453.0,155,457,287,12.8,1.68,1.02,0.339,11,0,50,0.364,0.0,0.84
2025-26,1642268,Isaiah Collier,1610612762,UTA,18,7,11,389.0,144,1051,336,90.5,5.17,4.89,0.137,2,0,5,1.0,0.0,1.2
2025-26,1642384,Isaiah Crawford,1610612745,HOU,2,1,1,5.0,0,2,1,0.0,1.18,0.0,0.0,0,0,0,0.0,0.0,0.0
2025-26,1628392,Isaiah Hartenstein,1610612760,OKC,20,18,2,548.0,242,1028,601,28.4,1.66,0.45,0.235,73,7,208,0.466,0.571,0.856
2025-26,1630543,Isaiah Jackson,1610612754,IND,27,6,21,515.0,208,675,417,17.9,1.6,0.62,0.308,43,10,166,0.488,1.4,0.783
2025-26,1630198,Isaiah Joe,1610612760,OKC,18,17,1,419.0,233,533,343,19.6,2.21,1.62,0.437,9,0,14,0.222,0.0,0.571
2025-26,1630587,Isaiah Livers,1610612756,PHX,13,7,6,158.0,32,171,93,4.8,1.68,1.02,0.187,4,0,11,0.5,0.0,0.182
2025-26,1630191,Isaiah Stewart,1610612765,DET,23,17,6,518.0,240,623,403,17.0,1.64,0.71,0.385,56,22,116,0.518,0.727,1.009
2025-26,1627826,Ivica Zubac,1610612746,LAC,27,6,21,885.0,432,1478,923,45.6,1.85,0.7,0.292,137,155,323,0.577,0.542,0.876
2025-26,1631120,JD Davison,1610612745,HOU,11,10,1,74.0,20,121,53,9.7,4.81,4.02,0.165,0,0,2,0.0,0.0,0.0
2025-26,1629630,Ja Morant,1610612763,MEM,14,5,9,392.0,248,973,328,85.5,5.28,4.73,0.255,3,6,9,1.333,0.333,1.111
2025-26,1642266,Ja'Kobe Walter,1610612761,TOR,25,16,9,414.0,130,502,256,17.4,2.08,1.35,0.259,10,0,23,0.8,0.0,0.522
2025-26,1631095,Jabari Smith Jr.,1610612745,HOU,23,15,8,791.0,351,1119,532,42.8,2.29,1.41,0.314,28,18,63,0.607,0.556,0.905
2025-26,1631133,Jabari Walker,1610612755,PHI,24,14,10,332.0,111,406,243,10.0,1.48,0.52,0.273,13,1,55,0.615,0.0,0.909
2025-26,1631210,Jacob Toppin,1610612737,ATL,5,3,2,17.0,8,35,19,1.2,2.01,1.09,0.229,1,0,3,0.0,0.0,2.0
2025-26,1630702,Jaden Hardy,1610612742,DAL,21,6,15,220.0,121,326,145,17.4,3.2,2.97,0.371,1,0,1,0.0,0.0,2.0
2025-26,1631093,Jaden Ivey,1610612765,DET,11,7,4,165.0,87,301,168,17.0,3.38,3.0,0.289,3,0,9,1.667,0.0,1.333
2025-26,1630183,Jaden McDaniels,1610612750,MIN,26,16,10,857.0,408,1322,720,49.5,2.25,1.58,0.309,12,3,51,1.0,1.333,1.039
2025-26,1630256,Jae'Sean Tate,1610612745,HOU,14,11,3,116.0,41,161,79,7.2,2.69,1.81,0.255,4,2,12,1.75,1.0,0.833
2025-26,1642942,Jahmai Mashack,1610612763,MEM,4,4,0,15.0,6,22,14,1.2,3.22,2.91,0.273,0,0,1,0.0,0.0,0.0
2025-26,1642443,Jahmir Young,1610612748,MIA,5,4,1,24.0,10,61,26,3.1,3.07,2.98,0.164,1,0,1,0.0,0.0,0.0
2025-26,1643141,Jahmyl Telfort,1610612746,LAC,8,2,6,32.0,1,30,11,1.7,3.37,2.4,0.033,0,0,0,0.0,0.0,0.0
2025-26,1631170,Jaime Jaquez Jr.,1610612748,MIA,25,14,11,743.0,393,1768,788,91.9,3.12,2.87,0.222,22,11,62,0.955,0.727,1.081
2025-26,1631222,Jake LaRavia,1610612747,LAL,26,19,7,638.0,222,1001,513,36.9,2.21,1.41,0.222,17,1,57,1.059,0.0,1.175
2025-26,1627751,Jakob Poeltl,1610612761,TOR,20,13,7,524.0,202,772,464,20.3,1.58,0.36,0.262,74,9,155,0.608,0.333,0.845
2025-26,1628973,Jalen Brunson,1610612752,NYK,24,18,6,841.0,688,2217,876,190.2,5.15,4.83,0.31,11,19,16,0.727,0.684,0.75
2025-26,1631105,Jalen Duren,1610612765,DET,24,18,6,701.0,432,1184,619,39.5,2.0,1.09,0.365,99,28,252,0.677,0.786,0.964
2025-26,1630224,Jalen Green,1610612756,PHX,2,2,0,30.0,31,61,32,4.3,4.21,4.11,0.508,0,0,2,0.0,0.0,0.0
2025-26,1630552,Jalen Johnson,1610612737,ATL,25,14,11,882.0,589,2254,972,118.8,3.16,2.23,0.261,64,18,81,0.781,0.667,1.16
2025-26,1629618,Jalen Pickett,1610612743,DEN,12,11,1,121.0,38,217,106,14.9,4.11,3.6,0.175,4,1,7,0.5,0.0,0.571
2025-26,1630188,Jalen Smith,1610612741,CHI,21,11,10,352.0,195,693,444,16.3,1.41,0.54,0.281,31,5,76,0.516,0.4,0.737
2025-26,1630591,Jalen Suggs,1610612753,ORL,21,13,8,538.0,324,1255,509,77.0,3.68,3.02,0.258,5,4,19,0.0,0.5,1.368
2025-26,1631114,Jalen Williams,1610612760,OKC,8,7,1,230.0,141,436,159,31.6,4.35,4.22,0.323,2,0,9,1.0,0.0,0.889
2025-26,1630592,Jalen Wilson,1610612751,BKN,20,4,16,279.0,103,375,208,18.0,2.89,1.99,0.275,2,0,5,0.0,0.0,0.0
2025-26,1631288,Jamal Cain,1610612753,ORL,5,4,1,31.0,8,37,18,1.5,2.37,1.33,0.216,0,0,3,0.0,0.0,0.0
2025-26,1627750,Jamal Murray,1610612743,DEN,25,19,6,876.0,629,1913,836,162.8,5.1,4.71,0.329,19,5,23,1.474,0.8,1.435
2025-26,1642347,Jamal Shead,1610612761,TOR,28,17,11,562.0,180,1337,510,101.4,4.55,3.95,0.135,5,0,15,0.0,0.0,0.267
2025-26,1631123,Jamaree Bouyea,1610612756,PHX,11,5,6,156.0,79,293,146,17.6,3.61,2.84,0.27,1,0,2,0.0,0.0,1.0
2025-26,201935,James Harden,1610612746,LAC,25,6,19,885.0,651,1973,818,188.4,5.73,5.09,0.33,14,8,7,0.714,1.0,0.857
2025-26,1630164,James Wiseman,1610612754,IND,1,0,1,20.0,4,19,14,0.6,1.87,0.95,0.211,0,1,5,0.0,0.0,0.8
2025-26,1642364,Jamir Watkins,1610612764,WAS,10,2,8,120.0,34,132,62,3.1,1.43,0.51,0.258,4,0,9,1.0,0.0,0.667
2025-26,1642419,Jamison Battle,1610612761,TOR,18,12,6,142.0,67,160,95,3.7,1.38,0.61,0.419,3,0,9,2.0,0.0,1.0
2025-26,1641716,Jarace Walker,1610612754,IND,27,6,21,682.0,257,1109,599,43.0,2.33,1.68,0.232,12,3,26,0.75,0.0,0.5
2025-26,1642272,Jared McCain,1610612755,PHI,16,8,8,284.0,110,564,264,30.7,3.27,3.19,0.195,4,0,3,0.0,0.0,0.0
2025-26,1628991,Jaren Jackson Jr.,1610612763,MEM,25,11,14,738.0,445,1110,706,43.7,2.36,1.56,0.401,12,83,46,0.75,0.687,0.804
2025-26,1629020,Jarred Vanderbilt,1610612747,LAL,17,13,4,300.0,78,449,201,15.6,2.08,1.12,0.174,11,0,47,0.273,0.0,0.638
2025-26,1628386,Jarrett Allen,1610612739,CLE,17,9,8,442.0,238,622,411,16.5,1.6,0.55,0.383,68,20,145,0.794,0.7,0.986
2025-26,1642859,Jase Richardson,1610612753,ORL,16,7,9,120.0,65,214,117,12.4,3.48,3.11,0.304,0,0,3,0.0,0.0,0.667
2025-26,1642914,Javon Small,1610612763,MEM,8,4,4,99.0,34,200,94,15.6,4.68,4.61,0.17,2,0,2,0.0,0.0,1.0
2025-26,1631451,Javonte Cooke,1610612757,POR,5,1,4,31.0,7,62,24,3.9,3.78,3.05,0.113,1,0,1,0.0,0.0,2.0
2025-26,1629750,Javonte Green,1610612765,DET,26,20,6,488.0,173,709,383,18.7,1.58,0.65,0.244,18,0,45,0.5,0.0,0.8
2025-26,1629637,Jaxson Hayes,1610612747,LAL,23,17,6,393.0,137,454,267,10.7,1.42,0.44,0.302,33,4,110,0.636,0.0,0.964
2025-26,1630643,Jay Huff,1610612754,IND,27,6,21,522.0,217,661,502,14.9,1.36,0.37,0.328,18,10,62,0.778,0.4,0.774
2025-26,1627759,Jaylen Brown,1610612738,BOS,25,14,11,843.0,733,1693,942,118.0,4.18,3.51,0.433,17,36,38,0.412,0.5,0.711
2025-26,1641740,Jaylen Clark,1610612750,MIN,25,17,8,368.0,111,302,212,7.2,1.44,0.8,0.368,6,0,33,0.0,0.0,0.818
2025-26,1642377,Jaylen Wells,1610612763,MEM,27,13,14,729.0,344,845,564,39.0,2.77,2.25,0.407,12,0,32,0.833,0.0,1.0
2025-26,1631119,Jaylin Williams,1610612760,OKC,25,23,2,458.0,137,927,471,23.6,1.53,0.38,0.148,19,3,25,0.842,0.0,0.36
2025-26,1642281,Jaylon Tyson,1610612739,CLE,23,12,11,652.0,310,877,482,27.9,1.91,1.25,0.353,35,1,71,0.857,0.0,0.887
2025-26,201145,Jeff Green,1610612745,HOU,10,9,1,48.0,21,39,30,1.2,1.87,0.51,0.538,2,3,2,1.0,0.667,1.0
2025-26,203924,Jerami Grant,1610612757,POR,25,10,15,749.0,499,1251,736,63.1,3.03,2.23,0.399,23,15,33,0.435,0.4,1.091
2025-26,1642847,Jeremiah Fears,1610612740,NOP,28,6,22,766.0,432,1714,566,133.6,4.68,4.86,0.252,11,3,24,0.727,0.0,0.625
2025-26,1630526,Jeremiah Robinson-Earl,1610612754,IND,17,4,13,300.0,79,391,187,9.4,1.45,0.78,0.202,4,0,34,1.0,0.0,0.735
2025-26,1631110,Jeremy Sochan,1610612759,SAS,18,12,6,292.0,104,447,252,16.7,2.24,1.35,0.233,25,3,63,0.8,1.667,0.683
2025-26,1630579,Jericho Sims,1610612749,MIL,21,7,14,321.0,62,436,204,11.0,1.52,0.57,0.142,22,0,70,0.364,0.0,0.614
2025-26,1641724,Jett Howard,1610612753,ORL,18,9,9,206.0,104,231,166,9.1,2.36,1.88,0.45,1,0,2,0.0,0.0,2.0
2025-26,1628975,Jevon Carter,1610612741,CHI,14,3,11,200.0,96,312,181,13.1,2.52,2.06,0.308,1,0,2,2.0,0.0,0.0
2025-26,202710,Jimmy Butler III,1610612744,GSW,24,12,12,751.0,471,1553,1000,94.1,3.64,2.48,0.303,45,47,160,0.756,0.383,0.75
2025-26,1642866,Joan Beringer,1610612750,MIN,9,6,3,37.0,18,55,30,1.0,1.14,0.38,0.327,2,1,16,2.0,2.0,1.0
2025-26,1629111,Jock Landale,1610612763,MEM,27,13,14,599.0,298,834,568,18.4,1.32,0.36,0.357,53,44,209,0.66,0.659,0.761
2025-26,204060,Joe Ingles,1610612750,MIN,8,4,4,23.0,0,39,27,1.5,2.24,0.82,0.0,0,0,0,0.0,0.0,0.0
2025-26,203954,Joel Embiid,1610612755,PHI,11,6,5,288.0,225,735,558,27.4,2.24,0.97,0.306,35,53,43,0.886,0.434,1.093
2025-26,1628381,John Collins,1610612746,LAC,27,6,21,728.0,332,1001,490,31.8,1.91,0.85,0.332,32,28,86,1.125,0.964,1.14
2025-26,1629723,John Konchar,1610612763,MEM,22,11,11,286.0,67,444,231,11.6,1.57,0.78,0.151,5,0,22,1.0,0.0,1.0
2025-26,1641780,Johni Broome,1610612755,PHI,6,3,3,39.0,10,76,49,1.9,1.53,0.74,0.132,5,3,10,0.0,0.667,0.4
2025-26,1642277,Johnny Furphy,1610612754,IND,9,3,6,101.0,18,142,70,3.7,1.56,0.85,0.127,1,0,9,2.0,0.0,0.444
2025-26,1630548,Johnny Juzang,1610612750,MIN,8,6,2,22.0,9,31,20,1.9,3.73,3.26,0.29,0,0,0,0.0,0.0,0.0
2025-26,202685,Jonas Valančiūnas,1610612743,DEN,26,20,6,333.0,221,673,419,24.0,2.14,0.63,0.328,69,63,97,0.58,0.857,1.062
2025-26,1628371,Jonathan Isaac,1610612753,ORL,23,13,10,236.0,67,257,115,5.1,1.19,0.24,0.261,6,0,39,0.0,0.0,0.846
2025-26,1630228,Jonathan Kuminga,1610612744,GSW,18,9,9,446.0,212,836,479,46.3,3.32,2.48,0.254,22,17,47,0.364,0.471,0.915
2025-26,1642367,Jonathan Mogbo,1610612761,TOR,11,3,8,50.0,13,70,37,2.4,2.05,1.12,0.186,5,0,13,0.0,0.0,0.692
2025-26,203903,Jordan Clarkson,1610612752,NYK,26,19,7,525.0,258,706,433,33.8,2.87,2.17,0.365,6,0,20,1.0,0.0,0.95
2025-26,1630692,Jordan Goodwin,1610612756,PHX,24,14,10,499.0,207,868,420,41.6,2.87,2.31,0.238,6,0,36,0.0,0.0,0.75
2025-26,1641722,Jordan Hawkins,1610612740,NOP,22,3,19,316.0,113,410,257,13.6,1.99,1.54,0.276,5,0,9,0.0,0.0,0.778
2025-26,1629162,Jordan McLaughlin,1610612759,SAS,10,8,2,79.0,29,156,73,9.9,3.81,3.45,0.186,1,0,1,0.0,0.0,2.0
2025-26,1641757,Jordan Miller,1610612746,LAC,6,1,5,97.0,47,164,89,7.0,2.55,2.14,0.287,0,0,9,0.0,0.0,1.111
2025-26,1629673,Jordan Poole,1610612740,NOP,10,4,6,290.0,174,519,277,31.6,3.66,3.07,0.335,1,0,6,2.0,0.0,1.0
2025-26,1641775,Jordan Walsh,1610612738,BOS,22,14,8,469.0,169,518,278,15.5,1.8,0.9,0.326,8,0,51,0.0,0.0,1.118
2025-26,1630631,Jose Alvarado,1610612740,NOP,27,6,21,610.0,233,1296,464,97.5,4.52,4.6,0.18,9,0,11,1.111,0.0,0.727
2025-26,1630581,Josh Giddey,1610612741,CHI,24,11,13,809.0,486,2341,966,142.9,3.66,3.27,0.208,25,2,50,0.48,0.0,0.7
2025-26,1630182,Josh Green,1610612766,CHA,3,2,1,43.0,13,47,26,1.7,2.17,1.21,0.277,1,0,1,0.0,0.0,0.0
2025-26,1628404,Josh Hart,1610612752,NYK,24,17,7,713.0,298,1469,677,63.2,2.58,1.87,0.203,15,1,50,0.133,0.0,0.62
2025-26,1631169,Josh Minott,1610612738,BOS,25,15,10,475.0,175,486,279,13.8,1.71,0.8,0.36,10,0,55,0.3,0.0,0.982
2025-26,1629006,Josh Okogie,1610612745,HOU,24,16,8,517.0,171,553,333,18.3,1.98,1.21,0.309,17,0,46,0.353,0.0,0.565
2025-26,201950,Jrue Holiday,1610612757,POR,12,6,6,401.0,200,935,369,57.1,3.67,3.45,0.214,23,5,36,0.435,0.8,0.528
2025-26,1630577,Julian Champagnie,1610612759,SAS,26,19,7,744.0,288,981,519,24.1,1.48,0.62,0.294,7,0,25,1.143,0.0,0.88
2025-26,1641763,Julian Phillips,1610612741,CHI,22,9,13,222.0,62,183,112,4.3,1.42,0.53,0.339,3,0,30,0.667,0.0,0.933
2025-26,1631124,Julian Strawther,1610612743,DEN,10,10,0,77.0,35,135,64,8.3,3.71,3.01,0.259,2,0,2,1.5,0.0,1.5
2025-26,203944,Julius Randle,1610612750,MIN,27,17,10,915.0,621,1773,1130,99.3,3.36,2.28,0.35,58,67,80,0.586,0.522,0.988
2025-26,1630551,Justin Champagnie,1610612764,WAS,23,3,20,330.0,114,443,195,11.0,1.49,0.59,0.257,4,0,50,1.5,0.0,1.12
2025-26,1642348,Justin Edwards,1610612755,PHI,22,14,8,372.0,123,540,363,14.5,1.61,0.95,0.228,6,0,17,0.167,0.0,0.353
2025-26,203994,Jusuf Nurkić,1610612762,UTA,24,8,16,589.0,208,1246,730,37.8,1.82,0.69,0.167,60,15,129,0.65,0.8,0.806
2025-26,1642354,KJ Simpson,1610612766,CHA,14,5,9,223.0,84,496,221,37.2,4.49,4.32,0.169,4,0,6,0.5,0.0,1.0
2025-26,1626157,Karl-Anthony Towns,1610612752,NYK,24,17,7,797.0,537,1302,929,48.2,2.22,0.89,0.412,47,70,111,0.596,0.557,0.991
2025-26,1631255,Karlo Matković,1610612740,NOP,18,5,13,198.0,83,261,164,6.5,1.5,0.54,0.318,10,3,41,0.5,0.667,1.122
2025-26,1642857,Kasparas Jakučionis,1610612748,MIA,2,2,0,9.0,3,14,8,0.7,3.1,3.0,0.214,1,0,1,0.0,0.0,0.0
2025-26,202695,Kawhi Leonard,1610612746,LAC,17,4,13,554.0,422,899,546,63.6,4.24,3.65,0.469,30,20,31,1.167,0.9,0.903
2025-26,1630811,Keaton Wallace,1610612737,ATL,25,14,11,349.0,106,832,327,56.5,4.07,3.87,0.127,1,0,1,0.0,0.0,0.0
2025-26,1631099,Keegan Murray,1610612758,SAC,11,3,8,407.0,164,549,296,20.9,2.28,1.56,0.299,7,3,25,0.857,1.333,0.72
2025-26,1642276,Kel'el Ware,1610612748,MIA,25,14,11,604.0,287,846,399,17.5,1.24,0.29,0.339,15,8,165,0.733,0.5,1.085
2025-26,1629640,Keldon Johnson,1610612759,SAS,26,19,7,611.0,327,1041,487,39.2,2.26,1.31,0.314,8,4,63,1.25,1.5,1.048
2025-26,203482,Kelly Olynyk,1610612759,SAS,14,10,4,156.0,63,286,181,10.7,2.25,0.88,0.22,15,3,19,0.4,0.667,0.737
2025-26,1626162,Kelly Oubre Jr.,1610612755,PHI,12,7,5,418.0,201,678,405,27.1,2.4,1.4,0.296,3,2,24,1.333,1.0,1.333
2025-26,1629026,Kenrich Williams,1610612760,OKC,7,7,0,112.0,42,145,77,6.6,2.75,1.76,0.29,3,0,10,0.0,0.0,1.0
2025-26,203484,Kentavious Caldwell-Pope,1610612763,MEM,27,13,14,595.0,206,1124,642,53.6,2.86,2.04,0.183,10,1,11,0.2,0.0,0.909
2025-26,1631165,Keon Ellis,1610612758,SAC,24,5,19,407.0,128,528,244,19.3,2.19,1.5,0.242,5,0,13,0.4,0.0,0.308
2025-26,1642352,Keshad Johnson,1610612748,MIA,10,6,4,119.0,39,198,111,6.7,2.02,1.2,0.197,5,1,16,0.4,0.0,0.875
2025-26,201142,Kevin Durant,1610612745,HOU,22,14,8,794.0,553,1397,916,91.5,3.93,2.59,0.396,34,39,20,0.941,0.795,1.6
2025-26,1628989,Kevin Huerter,1610612741,CHI,21,10,11,508.0,254,821,526,29.0,2.12,1.44,0.309,10,0,41,1.4,0.0,1.171
2025-26,201567,Kevin Love,1610612762,UTA,16,5,11,241.0,102,457,259,12.8,1.68,0.39,0.223,5,1,20,0.6,1.0,1.2
2025-26,1641755,Kevin McCullar Jr.,1610612752,NYK,2,2,0,1.0,3,4,2,0.5,7.73,6.5,0.75,0,0,0,0.0,0.0,0.0
2025-26,1629645,Kevin Porter Jr.,1610612749,MIL,9,4,5,275.0,176,674,263,57.4,5.11,5.08,0.261,4,1,6,0.5,2.0,0.0
2025-26,1626172,Kevon Looney,1610612740,NOP,12,2,10,155.0,32,264,176,7.5,1.7,0.67,0.121,10,0,27,0.4,0.0,0.815
2025-26,1641718,Keyonte George,1610612762,UTA,26,10,16,882.0,621,2157,928,167.2,4.65,4.02,0.288,13,0,18,0.846,0.0,1.111
2025-26,1642863,Khaman Maluach,1610612756,PHX,12,6,6,59.0,17,89,46,2.9,1.96,0.74,0.191,1,2,12,2.0,0.0,0.833
2025-26,203114,Khris Middleton,1610612764,WAS,16,3,13,413.0,167,564,366,28.3,3.01,2.12,0.296,6,38,25,0.333,0.526,0.64
2025-26,202691,Klay Thompson,1610612742,DAL,26,9,17,563.0,282,692,509,24.5,2.12,1.4,0.408,5,2,9,0.0,0.0,1.111
2025-26,1641738,Kobe Brown,1610612746,LAC,18,3,15,221.0,70,334,167,14.8,2.66,1.92,0.21,5,2,16,0.4,0.0,0.688
2025-26,1642920,Kobe Sanders,1610612746,LAC,19,4,15,371.0,120,489,251,25.6,3.14,2.69,0.245,10,0,8,0.4,0.0,0.875
2025-26,1642886,Koby Brea,1610612756,PHX,2,1,1,8.0,4,15,8,1.1,4.28,4.14,0.267,0,0,0,0.0,0.0,0.0
2025-26,1642851,Kon Knueppel,1610612766,CHA,27,9,18,918.0,523,1566,954,64.8,2.48,1.89,0.334,18,0,26,0.833,0.0,0.731
2025-26,1627739,Kris Dunn,1610612746,LAC,27,6,21,716.0,224,1328,545,79.0,3.57,2.93,0.169,28,1,56,0.393,0.0,0.75
2025-26,1631200,Kris Murray,1610612757,POR,24,8,16,599.0,132,527,333,17.6,2.01,1.23,0.25,15,0,68,0.333,0.0,0.5
2025-26,204001,Kristaps Porziņģis,1610612737,ATL,13,6,7,337.0,249,500,365,15.1,1.82,0.65,0.498,41,50,72,0.683,1.0,1.069
2025-26,203937,Kyle Anderson,1610612762,UTA,9,2,7,161.0,60,281,165,13.0,2.78,1.49,0.214,12,1,20,0.667,2.0,0.8
2025-26,1642271,Kyle Filipowski,1610612762,UTA,25,10,15,581.0,245,957,474,33.3,2.09,1.0,0.256,35,15,77,0.714,0.533,0.792
2025-26,1628398,Kyle Kuzma,1610612749,MIL,25,11,14,651.0,342,1029,578,40.7,2.37,1.27,0.332,32,7,58,0.688,0.286,0.983
2025-26,200768,Kyle Lowry,1610612755,PHI,4,3,1,32.0,6,56,29,2.0,2.11,1.37,0.107,1,0,0,0.0,0.0,0.0
2025-26,1642273,Kyshawn George,1610612764,WAS,23,3,20,727.0,338,1532,723,87.5,3.43,2.66,0.221,8,11,16,0.5,0.182,0.625
2025-26,1630163,LaMelo Ball,1610612766,CHA,17,6,11,492.0,338,1317,573,99.6,4.54,4.37,0.257,9,1,24,0.667,2.0,0.833
2025-26,1642950,Lachlan Olbrich,1610612741,CHI,5,0,5,36.0,2,67,40,1.8,1.64,0.82,0.03,2,0,4,0.0,0.0,0.5
2025-26,1629013,Landry Shamet,1610612752,NYK,15,9,6,314.0,139,390,233,15.3,2.35,1.91,0.356,2,0,9,1.5,0.0,0.556
2025-26,1626204,Larry Nance Jr.,1610612739,CLE,16,10,6,240.0,57,295,206,8.4,1.71,0.83,0.193,13,3,38,0.0,0.0,0.421
2025-26,1628374,Lauri Markkanen,1610612762,UTA,24,10,14,848.0,667,1327,850,42.4,1.92,0.95,0.503,66,24,147,0.955,0.792,1.129
2025-26,2544,LeBron James,1610612747,LAL,10,8,2,337.0,186,676,403,30.6,2.72,1.74,0.275,30,25,30,0.467,0.4,0.6
2025-26,1631159,Leonard Miller,1610612750,MIN,9,6,3,38.0,15,73,33,2.7,2.26,1.25,0.205,0,2,3,0.0,1.0,0.667
2025-26,1642862,Liam McNeeley,1610612766,CHA,18,6,12,254.0,89,318,164,11.0,2.07,1.38,0.28,3,0,7,0.0,0.0,0.0
2025-26,1630322,Lindy Waters III,1610612759,SAS,13,9,4,87.0,25,129,72,4.4,2.05,1.46,0.194,0,0,2,0.0,0.0,0.0
2025-26,1628366,Lonzo Ball,1610612739,CLE,21,11,10,497.0,114,1176,477,55.0,2.81,2.06,0.097,12,0,28,0.167,0.0,0.357
2025-26,1629652,Luguentz Dort,1610612760,OKC,18,17,1,498.0,135,528,311,20.6,2.34,1.69,0.256,9,0,22,0.889,0.0,0.455
2025-26,1629029,Luka Dončić,1610612747,LAL,20,15,5,748.0,704,1906,744,164.0,5.16,4.24,0.369,16,53,21,1.063,0.774,0.952
2025-26,1630568,Luka Garza,1610612738,BOS,19,11,8,249.0,115,345,202,8.2,1.42,0.39,0.333,16,2,71,1.188,1.0,0.845
2025-26,1628379,Luke Kennard,1610612737,ATL,25,13,12,506.0,177,668,485,24.7,2.22,1.6,0.265,6,0,15,0.333,0.0,0.667
2025-26,1628436,Luke Kornet,1610612759,SAS,18,14,4,455.0,135,584,387,15.0,1.55,0.39,0.231,44,3,139,0.386,0.667,0.82
2025-26,1631247,Luke Travers,1610612739,CLE,11,6,5,97.0,24,150,78,4.4,1.76,1.13,0.16,5,0,10,0.8,0.0,0.4
2025-26,1630644,Mac McClung,1610612754,IND,3,0,3,34.0,19,74,42,3.7,3.01,2.66,0.257,1,0,1,4.0,0.0,4.0
2025-26,1631103,Malaki Branham,1610612764,WAS,11,1,10,88.0,40,144,60,7.7,3.19,2.63,0.278,2,0,5,1.0,0.0,1.6
2025-26,1628370,Malik Monk,1610612758,SAC,23,5,18,551.0,299,916,465,53.9,3.53,3.07,0.326,5,0,16,0.8,0.0,0.625
2025-26,1631204,Marcus Sasser,1610612765,DET,3,2,1,16.0,7,25,15,1.6,3.73,2.72,0.28,0,0,0,0.0,0.0,0.0
2025-26,203935,Marcus Smart,1610612747,LAL,17,13,4,463.0,181,730,329,38.3,3.15,2.41,0.248,8,4,14,0.25,1.25,0.857
2025-26,1641813,Mark Sears,1610612749,MIL,7,1,6,26.0,22,54,26,4.6,5.11,5.11,0.407,0,0,0,0.0,0.0,0.0
2025-26,1631109,Mark Williams,1610612756,PHX,23,14,9,570.0,299,834,487,20.4,1.46,0.35,0.359,61,8,194,0.934,0.875,1.149
2025-26,1628963,Marvin Bagley III,1610612764,WAS,21,3,18,405.0,204,624,386,18.3,1.76,0.56,0.327,57,11,115,0.491,0.545,1.043
2025-26,203486,Mason Plumlee,1610612766,CHA,12,6,6,107.0,21,158,85,5.4,2.06,0.59,0.133,9,0,24,0.222,0.0,0.625
2025-26,1641824,Matas Buzelis,1610612741,CHI,26,11,15,726.0,349,1207,600,49.1,2.44,1.67,0.289,19,2,59,0.947,0.0,0.797
2025-26,1629680,Matisse Thybulle,1610612757,POR,4,2,2,49.0,20,58,30,1.7,1.73,1.1,0.345,1,0,1,0.0,0.0,0.0
2025-26,1631108,Max Christie,1610612742,DAL,28,11,17,803.0,330,1055,590,42.6,2.42,1.77,0.313,4,1,13,1.0,0.0,0.462
2025-26,1628467,Maxi Kleber,1610612747,LAL,11,7,4,140.0,23,159,85,3.5,1.32,0.27,0.145,7,0,12,0.429,0.0,0.25
2025-26,1642875,Maxime Raynaud,1610612758,SAC,18,5,13,332.0,153,517,281,13.3,1.54,0.5,0.296,42,15,99,0.548,0.8,1.0
2025-26,1642877,Micah Peavy,1610612740,NOP,22,3,19,354.0,107,388,268,12.9,2.0,1.14,0.276,7,0,43,0.286,0.0,0.907
2025-26,1629008,Michael Porter Jr.,1610612751,BKN,22,7,15,718.0,565,1334,801,47.4,2.13,1.13,0.424,25,6,78,1.16,0.333,1.436
2025-26,1628969,Mikal Bridges,1610612752,NYK,26,19,7,906.0,432,1580,842,71.5,2.71,2.05,0.273,25,4,56,1.04,1.0,1.107
2025-26,201144,Mike Conley,1610612750,MIN,24,15,9,459.0,127,991,472,61.7,3.74,3.41,0.128,3,0,6,0.0,0.0,0.0
2025-26,1628970,Miles Bridges,1610612766,CHA,27,9,18,939.0,571,1655,978,74.3,2.69,2.07,0.345,17,21,60,0.588,0.381,0.933
2025-26,1642939,Miles Kelly,1610612742,DAL,2,1,1,11.0,2,10,4,0.3,1.82,1.3,0.2,0,0,0,0.0,0.0,0.0
2025-26,1630540,Miles McBride,1610612752,NYK,20,16,4,539.0,232,924,471,45.5,2.95,2.6,0.251,7,1,16,0.857,0.0,0.688
2025-26,1629011,Mitchell Robinson,1610612752,NYK,17,12,5,297.0,62,284,193,6.4,1.34,0.34,0.218,11,0,92,0.182,0.0,0.641
2025-26,1642885,Mohamed Diawara,1610612752,NYK,18,13,5,74.0,17,126,63,5.9,2.8,1.92,0.135,0,0,5,0.0,0.0,0.4
2025-26,1628420,Monte Morris,1610612754,IND,6,0,6,65.0,18,152,71,9.2,3.64,3.07,0.118,3,0,3,0.667,0.0,1.333
2025-26,1630541,Moses Moody,1610612744,GSW,26,11,15,648.0,296,847,611,34.1,2.41,1.66,0.349,13,0,37,0.615,0.0,0.622
2025-26,1631243,Mouhamed Gueye,1610612737,ATL,28,15,13,467.0,158,573,325,14.7,1.54,0.63,0.276,20,5,82,0.4,0.0,0.841
2025-26,1630619,Moussa Cisse,1610612742,DAL,19,5,14,194.0,59,187,117,5.0,1.59,0.47,0.316,17,2,63,0.0,1.0,0.778
2025-26,1631217,Moussa Diabaté,1610612766,CHA,26,9,17,568.0,212,803,430,24.8,1.85,0.53,0.264,68,5,183,0.544,0.0,0.743
2025-26,1626167,Myles Turner,1610612749,MIL,27,11,16,770.0,326,899,644,22.7,1.52,0.68,0.363,30,18,75,0.733,0.444,0.827
2025-26,1642066,Myron Gardner,1610612748,MIA,4,4,0,9.0,6,18,9,0.7,2.22,1.17,0.333,0,0,0,0.0,0.0,0.0
2025-26,1642368,N'Faly Dante,1610612737,ATL,4,3,1,15.0,3,20,10,0.4,1.3,0.75,0.15,4,0,3,0.0,0.0,0.0
2025-26,1641772,Nae'Qwan Tomlin,1610612739,CLE,19,10,9,304.0,124,323,203,9.5,1.77,1.1,0.384,8,0,60,0.5,0.0,1.017
2025-26,1630230,Naji Marshall,1610612742,DAL,28,11,17,789.0,362,1100,543,55.7,3.04,2.49,0.329,30,2,38,0.6,1.0,1.158
2025-26,1629675,Naz Reid,1610612750,MIN,27,17,10,715.0,377,1420,693,40.4,1.71,0.95,0.265,20,23,47,0.5,1.0,0.83
2025-26,1629674,Neemias Queta,1610612738,BOS,24,13,11,593.0,238,808,509,21.4,1.59,0.52,0.295,58,1,201,0.569,0.0,1.015
2025-26,1629651,Nic Claxton,1610612751,BKN,26,7,19,789.0,352,1417,997,57.7,2.44,1.11,0.248,137,9,205,0.38,0.111,0.844
2025-26,1630208,Nick Richards,1610612756,PHX,24,12,12,225.0,81,331,157,8.2,1.49,0.48,0.245,20,3,74,0.85,0.667,0.77
2025-26,1641733,Nick Smith Jr.,1610612747,LAL,10,6,4,139.0,70,264,97,20.8,4.72,4.45,0.265,2,0,2,1.0,0.0,1.0
2025-26,1629638,Nickeil Alexander-Walker,1610612737,ATL,26,13,13,851.0,537,1627,744,93.5,3.45,3.04,0.33,11,0,34,0.818,0.0,1.118
2025-26,201587,Nicolas Batum,1610612746,LAC,26,6,20,513.0,118,714,351,14.6,1.22,0.22,0.165,8,0,7,0.25,0.0,0.0
2025-26,1628502,Nigel Hayes-Davis,1610612756,PHX,18,8,10,164.0,26,176,93,6.0,2.04,1.39,0.148,12,3,10,0.333,1.0,0.8
2025-26,203999,Nikola Jokić,1610612743,DEN,26,20,6,912.0,769,2583,1422,121.2,2.82,1.39,0.298,254,209,212,0.587,0.727,1.137
2025-26,1631107,Nikola Jović,1610612748,MIA,18,9,9,337.0,135,626,322,23.6,2.26,1.55,0.216,4,12,21,0.5,0.583,0.381
2025-26,202696,Nikola Vučević,1610612741,CHI,25,11,14,751.0,394,1728,1266,39.6,1.38,0.5,0.228,115,89,180,0.435,0.326,0.678
2025-26,1642363,Nique Clifford,1610612758,SAC,22,5,17,365.0,91,503,228,20.7,2.47,1.73,0.181,5,0,17,1.2,0.0,1.0
2025-26,1642855,Noa Essengue,1610612741,CHI,2,1,1,6.0,0,9,7,0.1,0.68,0.11,0.0,0,0,1,0.0,0.0,0.0
2025-26,1641730,Noah Clowney,1610612751,BKN,26,7,19,727.0,342,1054,584,36.6,2.09,1.2,0.324,15,1,28,0.4,2.0,0.607
2025-26,1642869,Noah Penda,1610612753,ORL,14,6,8,125.0,50,233,117,6.8,1.75,1.05,0.215,4,3,23,0.0,0.667,0.565
2025-26,1642849,Nolan Traore,1610612751,BKN,6,1,5,53.0,7,110,46,7.5,4.11,3.47,0.064,0,0,0,0.0,0.0,0.0
2025-26,1626181,Norman Powell,1610612748,MIA,20,12,8,618.0,497,920,623,36.3,2.37,1.98,0.54,9,2,11,0.667,1.0,1.182
2025-26,1628384,OG Anunoby,1610612752,NYK,17,13,4,533.0,275,766,470,26.7,2.09,1.4,0.359,16,8,38,0.563,0.25,0.868
2025-26,1630167,Obi Toppin,1610612754,IND,3,0,3,82.0,42,180,96,6.0,2.0,1.18,0.233,3,5,13,0.667,0.0,1.077
2025-26,1630534,Ochai Agbaji,1610612761,TOR,20,11,9,306.0,77,362,185,8.7,1.44,0.66,0.213,4,0,23,0.5,0.0,1.043
2025-26,1641765,Olivier-Maxence Prosper,1610612763,MEM,15,8,7,139.0,60,212,115,7.2,2.04,1.44,0.283,6,1,21,0.5,2.0,0.476
2025-26,1630168,Onyeka Okongwu,1610612737,ATL,27,14,13,838.0,431,1382,931,34.1,1.48,0.61,0.312,56,30,160,0.643,0.667,0.931
2025-26,1631115,Orlando Robinson,1610612753,ORL,3,2,1,22.0,7,41,26,1.2,1.75,0.73,0.171,0,1,4,0.0,0.0,1.0
2025-26,1642345,Oso Ighodaro,1610612756,PHX,27,15,12,482.0,128,715,383,29.1,2.44,1.48,0.179,53,4,85,0.585,0.75,0.765
2025-26,1631172,Ousmane Dieng,1610612760,OKC,17,16,1,213.0,74,269,130,17.7,3.95,3.38,0.275,7,0,13,0.286,0.0,0.308
2025-26,1629023,P.J. Washington,1610612742,DAL,23,8,15,739.0,369,1312,588,48.8,2.23,1.4,0.281,57,22,82,0.649,0.636,0.976
2025-26,1641790,PJ Hall,1610612763,MEM,7,2,5,27.0,13,34,19,0.8,1.33,0.3,0.382,3,2,12,0.667,0.0,0.833
2025-26,1642359,Pacôme Dadiet,1610612752,NYK,10,8,2,25.0,4,42,20,1.3,1.84,1.14,0.095,1,0,2,2.0,0.0,1.0
2025-26,1631094,Paolo Banchero,1610612753,ORL,17,8,9,544.0,354,1171,573,70.3,3.6,2.78,0.302,30,30,35,0.567,0.4,1.029
2025-26,1627783,Pascal Siakam,1610612754,IND,26,6,20,886.0,620,1889,1025,90.5,2.88,2.17,0.328,48,72,71,0.625,0.597,0.859
2025-26,1626192,Pat Connaughton,1610612766,CHA,12,3,9,116.0,51,188,102,6.3,2.0,1.13,0.271,3,0,4,1.333,0.0,0.0
2025-26,1630311,Pat Spencer,1610612744,GSW,19,9,10,303.0,140,795,367,53.3,4.02,3.64,0.176,12,3,29,0.667,0.0,0.483
2025-26,1630172,Patrick Williams,1610612741,CHI,25,10,15,521.0,184,816,458,26.0,1.91,1.26,0.225,12,7,27,0.25,0.286,0.481
2025-26,202331,Paul George,1610612755,PHI,10,6,4,262.0,171,606,294,31.3,3.1,2.33,0.282,8,14,4,0.875,0.429,0.5
2025-26,1630194,Paul Reed,1610612765,DET,19,14,5,208.0,115,363,212,11.5,1.89,0.81,0.317,37,0,64,0.811,0.0,0.766
2025-26,1630202,Payton Pritchard,1610612738,BOS,26,15,11,843.0,433,1732,796,116.4,4.03,4.04,0.25,13,0,23,0.846,0.0,0.522
2025-26,1641796,Pelle Larsson,1610612748,MIA,22,13,9,480.0,194,732,453,25.0,2.05,1.19,0.265,4,0,28,1.0,0.0,0.857
2025-26,1631250,Pete Nance,1610612749,MIL,7,1,6,27.0,18,61,34,2.0,1.98,1.08,0.295,3,0,5,0.667,0.0,0.8
2025-26,1631212,Peyton Watson,1610612743,DEN,25,19,6,655.0,263,1026,446,46.3,2.71,1.39,0.256,43,1,81,0.93,0.0,0.79
2025-26,1630173,Precious Achiuwa,1610612758,SAC,19,4,15,385.0,151,480,252,16.8,2.09,1.04,0.315,32,5,71,0.813,0.4,1.028
2025-26,1629656,Quentin Grimes,1610612755,PHI,24,13,11,802.0,388,1477,885,71.0,2.88,2.44,0.263,14,1,18,0.714,2.0,1.0
2025-26,1631245,Quenton Jackson,1610612754,IND,7,1,6,136.0,70,299,145,14.9,2.99,2.48,0.234,0,0,4,0.0,0.0,1.0
2025-26,1642366,Quinten Post,1610612744,GSW,28,13,15,516.0,220,940,609,23.8,1.52,0.57,0.234,24,14,65,0.333,0.5,0.723
2025-26,1629628,RJ Barrett,1610612761,TOR,17,12,5,526.0,329,962,492,39.6,2.47,1.73,0.342,16,7,41,0.938,0.571,1.171
2025-26,1642853,Rasheer Fleming,1610612756,PHX,13,7,6,77.0,31,79,58,2.3,1.71,1.05,0.392,1,0,11,0.0,0.0,0.727
2025-26,1642484,RayJ Dennis,1610612746,LAC,14,2,12,172.0,64,464,196,30.3,3.92,3.31,0.138,4,0,6,0.5,0.0,0.0
2025-26,1641712,Rayan Rupert,1610612757,POR,19,9,10,160.0,38,220,97,7.2,1.97,1.52,0.173,2,0,13,0.0,0.0,0.769
2025-26,1642263,Reed Sheppard,1610612745,HOU,24,16,8,607.0,308,1186,494,76.6,3.87,4.06,0.26,9,0,3,1.0,0.0,0.667
2025-26,1642434,Riley Minix,1610612759,SAS,3,2,1,8.0,9,18,9,0.8,2.6,1.39,0.5,0,0,2,0.0,0.0,2.0
2025-26,1642265,Rob Dillingham,1610612750,MIN,24,15,9,253.0,93,577,239,44.3,4.6,4.66,0.161,3,0,3,0.667,0.0,0.667
2025-26,1629057,Robert Williams III,1610612757,POR,16,6,10,249.0,95,331,184,6.5,1.17,0.29,0.287,10,0,77,1.0,0.0,0.909
2025-26,1631199,Ron Harper Jr.,1610612738,BOS,4,3,1,20.0,8,51,26,3.0,3.48,2.77,0.157,1,0,1,2.0,0.0,2.0
2025-26,1641842,Ronald Holland II,1610612765,DET,26,20,6,541.0,215,883,436,31.9,2.17,1.42,0.243,10,0,29,0.5,0.0,1.172
2025-26,1626220,Royce O'Neale,1610612756,PHX,27,15,12,799.0,284,1545,716,57.7,2.24,1.35,0.184,9,0,26,0.0,0.0,0.385
2025-26,203497,Rudy Gobert,1610612750,MIN,27,17,10,843.0,314,1171,647,25.7,1.32,0.24,0.268,73,8,230,0.74,0.5,1.096
2025-26,1629060,Rui Hachimura,1610612747,LAL,25,18,7,823.0,332,829,462,25.1,1.82,0.91,0.4,23,16,60,0.957,0.5,1.15
2025-26,201566,Russell Westbrook,1610612758,SAC,26,6,20,747.0,358,1731,673,128.8,4.46,4.02,0.207,9,14,49,1.111,0.643,0.714
2025-26,1642346,Ryan Dunn,1610612756,PHX,22,13,9,498.0,159,671,320,24.5,2.19,1.57,0.237,11,0,67,0.727,0.0,0.806
2025-26,1641750,Ryan Kalkbrenner,1610612766,CHA,25,9,16,641.0,222,689,408,20.3,1.77,0.4,0.322,36,7,189,0.556,0.714,1.021
2025-26,1642948,Ryan Nembhard,1610612742,DAL,15,8,7,303.0,127,710,248,64.0,5.41,5.14,0.179,3,0,4,0.0,0.0,0.5
2025-26,1631157,Ryan Rollins,1610612749,MIL,27,11,16,843.0,450,1872,753,144.3,4.62,4.12,0.24,5,0,16,0.8,0.0,0.313
2025-26,1630180,Saddiq Bey,1610612740,NOP,27,6,21,793.0,397,1155,754,45.3,2.35,1.51,0.344,18,42,64,0.444,0.738,0.969
2025-26,1630573,Sam Hauser,1610612738,BOS,26,15,11,562.0,172,824,416,21.6,1.57,0.57,0.209,10,0,17,0.9,0.0,0.765
2025-26,1630241,Sam Merrill,1610612739,CLE,12,9,3,311.0,167,511,304,14.5,1.71,1.13,0.327,9,1,10,0.0,0.0,0.4
2025-26,1630572,Sandro Mamukelashvili,1610612761,TOR,27,16,11,543.0,272,877,552,25.3,1.73,0.77,0.31,42,8,102,0.548,0.5,0.824
2025-26,1630583,Santi Aldama,1610612763,MEM,27,13,14,726.0,348,1359,773,40.8,1.8,0.9,0.256,36,16,83,0.667,0.75,0.988
2025-26,1630567,Scottie Barnes,1610612761,TOR,28,17,11,950.0,554,1936,1032,82.6,2.56,1.7,0.286,79,52,163,0.785,0.346,0.816
2025-26,203552,Seth Curry,1610612744,GSW,2,0,2,32.0,14,33,24,1.2,2.27,1.21,0.424,0,0,1,0.0,0.0,2.0
2025-26,1631101,Shaedon Sharpe,1610612757,POR,22,8,14,627.0,478,1189,605,70.9,3.58,3.14,0.402,34,2,40,0.706,0.0,1.025
2025-26,1628983,Shai Gilgeous-Alexander,1610612760,OKC,26,24,2,859.0,843,1726,617,161.0,5.6,5.52,0.488,21,29,27,1.048,0.69,0.926
2025-26,1630536,Sharife Cooper,1610612764,WAS,4,1,3,10.0,0,17,5,2.2,7.93,6.12,0.0,0,0,1,0.0,0.0,0.0
2025-26,1631321,Sidy Cissoko,1610612757,POR,21,7,14,410.0,119,578,323,24.3,2.52,1.78,0.206,10,0,18,0.9,0.0,0.389
2025-26,1631323,Simone Fontecchio,1610612748,MIA,25,14,11,489.0,244,725,471,20.7,1.72,1.08,0.337,15,0,24,0.667,0.0,0.625
2025-26,1642883,Sion James,1610612766,CHA,27,9,18,710.0,186,948,482,41.3,2.61,1.75,0.196,16,0,22,0.75,0.0,0.727
2025-26,1642461,Spencer Jones,1610612743,DEN,22,17,5,385.0,108,294,196,6.6,1.36,0.52,0.367,6,0,43,0.667,0.0,0.814
2025-26,201939,Stephen Curry,1610612744,GSW,19,9,10,597.0,548,1235,554,84.7,4.11,4.15,0.444,17,0,21,1.059,0.0,1.143
2025-26,1642264,Stephon Castle,1610612759,SAS,17,13,4,524.0,312,1271,474,95.4,4.5,3.83,0.245,19,5,42,0.737,0.8,1.19
2025-26,203500,Steven Adams,1610612745,HOU,20,14,6,433.0,125,535,314,14.3,1.61,0.41,0.234,49,6,153,0.388,0.667,0.641
2025-26,1629004,Svi Mykhailiuk,1610612762,UTA,25,9,16,640.0,224,792,446,28.3,2.15,1.36,0.283,11,0,19,0.364,0.0,0.737
2025-26,204456,T.J. McConnell,1610612754,IND,17,5,12,283.0,155,808,261,70.3,5.22,5.06,0.192,7,0,12,1.143,0.0,1.167
2025-26,1643007,Taelon Peter,1610612754,IND,15,3,12,106.0,24,208,117,7.8,2.24,1.79,0.115,2,0,2,0.0,0.0,0.0
2025-26,1631106,Tari Eason,1610612745,HOU,11,8,3,255.0,126,384,171,15.4,2.41,1.64,0.328,2,0,17,0.0,0.0,1.059
2025-26,1627752,Taurean Prince,1610612749,MIL,8,5,3,169.0,49,181,110,5.8,1.93,0.89,0.271,0,0,0,0.0,0.0,0.0
2025-26,1641707,Taylor Hendricks,1610612762,UTA,15,5,10,230.0,81,247,141,6.9,1.68,0.84,0.328,13,3,31,0.615,0.667,0.548
2025-26,1629611,Terance Mann,1610612751,BKN,24,5,19,631.0,206,1101,498,75.5,4.11,3.63,0.187,17,3,42,0.647,0.0,0.643
2025-26,1630545,Terrence Shannon Jr.,1610612750,MIN,18,11,7,249.0,87,317,176,14.8,2.8,2.18,0.274,1,0,4,2.0,0.0,1.0
2025-26,203648,Thanasis Antetokounmpo,1610612749,MIL,10,4,6,25.0,18,35,23,0.9,1.56,1.0,0.514,0,1,5,0.0,1.0,1.6
2025-26,1628418,Thomas Bryant,1610612739,CLE,21,11,10,180.0,79,274,169,8.1,1.78,0.46,0.288,9,7,36,0.222,0.571,1.194
2025-26,1642275,Tidjane Salaün,1610612766,CHA,14,6,8,209.0,92,281,143,7.3,1.56,0.67,0.327,7,0,15,0.286,0.0,0.733
2025-26,203501,Tim Hardaway Jr.,1610612743,DEN,26,20,6,664.0,317,766,492,22.4,1.76,0.88,0.414,13,0,14,1.0,0.0,1.571
2025-26,202699,Tobias Harris,1610612765,DET,16,10,6,456.0,202,700,443,29.6,2.54,1.58,0.289,19,41,32,0.421,0.732,0.906
2025-26,1642449,Tolu Smith,1610612765,DET,2,1,1,22.0,17,39,27,1.2,1.81,0.8,0.436,3,2,13,1.333,0.0,0.923
2025-26,1628396,Tony Bradley,1610612754,IND,23,4,19,260.0,107,281,192,6.3,1.34,0.49,0.381,21,5,77,0.905,1.2,0.818
2025-26,1641787,Tosan Evbuomwan,1610612752,NYK,4,4,0,7.0,0,7,4,0.2,1.98,1.43,0.0,0,0,0,0.0,0.0,0.0
2025-26,1641739,Toumani Camara,1610612757,POR,26,10,16,861.0,320,1523,819,50.9,2.0,1.18,0.21,27,1,91,0.889,0.0,0.78
2025-26,1629027,Trae Young,1610612737,ATL,6,2,4,159.0,97,365,115,32.9,5.41,5.18,0.266,1,0,0,0.0,0.0,0.0
2025-26,1631218,Trayce Jackson-Davis,1610612744,GSW,18,8,10,228.0,78,388,238,10.6,1.64,0.62,0.201,14,10,64,0.143,0.2,0.891
2025-26,1642848,Tre Johnson,1610612764,WAS,18,2,16,420.0,198,511,299,23.0,2.7,2.31,0.387,4,1,10,0.5,0.0,0.0
2025-26,1630200,Tre Jones,1610612741,CHI,20,9,11,559.0,248,1234,554,75.6,3.68,3.32,0.201,6,0,19,0.667,0.0,1.105
2025-26,1630544,Tre Mann,1610612766,CHA,18,6,12,370.0,165,782,375,57.5,4.41,4.01,0.211,3,0,6,0.0,0.0,0.333
2025-26,1630570,Trendon Watford,1610612755,PHI,14,6,8,286.0,125,683,316,32.4,2.84,2.06,0.183,23,14,23,0.087,0.143,0.739
2025-26,1642280,Trentyn Flowers,1610612741,CHI,2,0,2,6.0,4,8,7,0.3,2.59,1.62,0.5,0,0,2,0.0,0.0,2.0
2025-26,1641725,Trey Alexander,1610612740,NOP,3,0,3,37.0,14,44,20,2.2,2.96,1.95,0.318,0,0,0,0.0,0.0,0.0
2025-26,1641998,Trey Jemison III,1610612752,NYK,4,4,0,29.0,5,24,15,0.9,2.35,1.04,0.208,2,0,5,0.0,0.0,0.4
2025-26,1630530,Trey Murphy III,1610612740,NOP,26,6,20,925.0,555,1605,878,69.2,2.59,2.06,0.346,21,0,79,1.095,0.0,1.38
2025-26,1641774,Tristan Vukcevic,1610612764,WAS,22,4,18,258.0,150,424,284,11.9,1.69,0.69,0.354,31,1,53,0.71,2.0,1.132
2025-26,1641783,Tristan da Silva,1610612753,ORL,26,15,11,602.0,252,777,414,27.4,2.12,1.3,0.324,15,1,47,0.533,2.0,0.851
2025-26,1629639,Tyler Herro,1610612748,MIA,4,2,2,126.0,86,219,113,10.0,2.74,2.18,0.393,2,0,2,0.0,0.0,2.0
2025-26,1642278,Tyler Kolek,1610612752,NYK,22,16,6,240.0,92,609,240,41.5,4.09,4.02,0.151,5,0,6,0.4,0.0,0.667
2025-26,1631213,Tyrese Martin,1610612751,BKN,25,6,19,520.0,204,1061,470,71.6,4.05,3.28,0.192,13,0,27,1.0,0.0,0.556
2025-26,1630178,Tyrese Maxey,1610612755,PHI,23,13,10,917.0,724,2377,1049,169.5,4.28,3.75,0.305,5,4,12,0.4,0.5,0.667
2025-26,1642878,Tyrese Proctor,1610612739,CLE,20,11,9,236.0,101,394,199,25.9,3.95,3.78,0.256,3,0,11,0.667,0.0,0.182
2025-26,1630623,Tyson Etienne,1610612751,BKN,8,1,7,34.0,12,42,28,1.7,2.48,2.09,0.286,0,0,0,0.0,0.0,0.0
2025-26,1626145,Tyus Jones,1610612753,ORL,27,15,12,381.0,67,822,339,54.2,3.95,3.55,0.082,0,0,3,0.0,0.0,0.0
2025-26,1642845,VJ Edgecombe,1610612755,PHI,22,13,9,770.0,335,1593,788,84.2,3.17,2.51,0.21,15,2,42,0.8,0.0,0.738
2025-26,1641705,Victor Wembanyama,1610612759,SAS,14,10,4,454.0,351,928,595,38.8,2.51,1.38,0.378,72,66,93,0.5,0.409,0.946
2025-26,1631246,Vince Williams Jr.,1610612763,MEM,22,10,12,481.0,162,1143,487,72.9,3.83,3.01,0.142,7,2,25,0.857,0.0,0.8
2025-26,1630249,Vít Krejčí,1610612737,ATL,24,13,11,572.0,245,831,533,29.5,2.13,1.29,0.295,5,0,17,1.4,0.0,0.588
2025-26,1631117,Walker Kessler,1610612762,UTA,5,2,3,154.0,72,265,175,8.4,1.9,0.59,0.272,13,0,46,0.462,0.0,0.935
2025-26,1642383,Walter Clayton Jr.,1610612762,UTA,22,9,13,362.0,140,873,314,65.7,4.51,3.95,0.16,5,0,10,1.2,0.0,0.6
2025-26,1628976,Wendell Carter Jr.,1610612753,ORL,26,15,11,776.0,320,1056,714,26.2,1.49,0.41,0.303,73,8,151,0.356,0.5,0.815
2025-26,1631111,Wendell Moore Jr.,1610612765,DET,3,3,0,43.0,6,48,22,2.6,3.29,2.4,0.125,1,0,0,2.0,0.0,0.0
2025-26,1642954,Will Richard,1610612744,GSW,23,12,11,440.0,183,582,363,19.1,1.97,1.25,0.314,7,0,56,0.714,0.0,1.089
2025-26,1642860,Will Riley,1610612764,WAS,19,3,16,224.0,84,305,172,14.1,2.77,2.07,0.275,7,0,16,1.0,0.0,1.188
2025-26,1630214,Xavier Tillman,1610612738,BOS,11,7,4,103.0,31,134,83,3.5,1.55,0.67,0.231,2,0,13,0.0,0.0,1.0
2025-26,1642905,Yang Hansen,1610612757,POR,13,5,8,100.0,34,136,89,5.3,2.32,0.89,0.25,7,13,23,1.0,0.615,0.826
2025-26,1642949,Yanic Konan Niederhäuser,1610612746,LAC,12,3,9,60.0,33,77,48,2.3,1.79,0.66,0.429,6,3,23,1.0,0.667,0.913
2025-26,1642274,Yves Missi,1610612740,NOP,21,4,17,383.0,112,509,323,13.9,1.64,0.7,0.22,39,5,100,0.179,0.4,0.67
2025-26,1642258,Zaccharie Risacher,1610612737,ATL,25,14,11,612.0,274,706,474,22.7,1.93,1.12,0.388,15,1,50,1.267,0.0,1.36
2025-26,1628380,Zach Collins,1610612741,CHI,5,2,3,87.0,39,141,93,3.6,1.53,0.67,0.277,7,3,20,0.857,1.333,1.1
2025-26,1641744,Zach Edey,1610612763,MEM,11,7,4,284.0,150,401,250,8.7,1.3,0.22,0.374,28,47,144,0.25,0.809,0.882
2025-26,203897,Zach LaVine,1610612758,SAC,23,5,18,754.0,464,1263,707,63.3,3.01,2.25,0.367,7,5,27,1.429,0.4,0.741
2025-26,1630192,Zeke Nnaji,1610612743,DEN,16,14,2,132.0,34,131,73,3.2,1.46,0.41,0.26,7,2,18,0.857,0.0,1.167
2025-26,1630533,Ziaire Williams,1610612751,BKN,23,7,16,524.0,207,609,358,21.8,2.15,1.4,0.34,8,0,13,1.0,0.0,1.462
2025-26,1629627,Zion Williamson,1610612740,NOP,12,3,9,357.0,248,684,399,42.6,3.74,3.26,0.363,36,34,44,0.5,0.529,0.841
