Season,PLAYER_ID,PLAYER_NAME,TEAM_ID,TEAM_ABBREVIATION,GP,W,L,MIN,STL,BLK,DREB,DEF_RIM_FGM,DEF_RIM_FGA,DEF_RIM_FG_PCT
2023-24,1630639,A.J. Lawson,1610612742,DAL,41,26,15,7.5,0.2,0.1,0.9,0.4,0.6,0.75
2023-24,1631260,AJ Green,1610612749,MIL,56,35,21,11.0,0.2,0.1,1.0,0.6,0.7,0.78
2023-24,1631100,AJ Griffin,1610612737,ATL,20,8,12,8.5,0.1,0.1,0.8,0.6,0.9,0.706
2023-24,203932,Aaron Gordon,1610612743,DEN,71,47,24,31.6,0.7,0.6,4.1,1.8,3.1,0.566
2023-24,1628988,Aaron Holiday,1610612745,HOU,78,39,39,16.3,0.5,0.1,1.3,0.9,1.3,0.725
2023-24,1630174,Aaron Nesmith,1610612754,IND,72,41,31,27.7,0.9,0.7,2.9,2.1,3.8,0.558
2023-24,1630598,Aaron Wiggins,1610612760,OKC,78,55,23,15.7,0.7,0.2,1.6,1.2,2.0,0.611
2023-24,1641745,Adam Flagler,1610612760,OKC,2,2,0,7.0,0.0,0.0,0.0,0.0,0.0,0.0
2023-24,1641766,Adama Sanogo,1610612741,CHI,9,3,6,7.3,0.1,0.0,1.9,0.7,0.7,1.0
2023-24,1629678,Admiral Schofield,1610612753,ORL,23,15,8,3.7,0.0,0.0,0.6,0.1,0.1,0.667
2023-24,201143,Al Horford,1610612738,BOS,64,50,14,26.7,0.6,1.0,5.0,2.6,4.0,0.654
2023-24,202692,Alec Burks,1610612752,NYK,66,18,48,18.4,0.4,0.2,1.9,1.1,1.6,0.68
2023-24,1630197,Aleksej Pokusevski,1610612766,CHA,27,13,14,14.7,0.5,0.4,2.6,1.6,2.1,0.786
2023-24,1627936,Alex Caruso,1610612741,CHI,70,34,36,28.6,1.7,1.0,3.0,1.5,2.2,0.679
2023-24,1641788,Alex Fudge,1610612742,DAL,6,1,5,6.7,0.5,0.0,0.2,0.5,0.5,1.0
2023-24,203458,Alex Len,1610612758,SAC,48,24,24,9.3,0.2,0.7,1.7,1.0,1.9,0.516
2023-24,1631214,Alondes Williams,1610612748,MIA,7,5,2,2.2,0.0,0.1,0.1,0.0,0.0,0.0
2023-24,1630578,Alperen Sengun,1610612745,HOU,63,29,34,32.5,1.2,0.7,6.4,4.7,7.8,0.611
2023-24,1641735,Amari Bailey,1610612766,CHA,10,1,9,6.5,0.3,0.0,0.3,0.1,0.2,0.5
2023-24,1641708,Amen Thompson,1610612745,HOU,62,30,32,22.4,1.3,0.6,4.2,1.3,2.1,0.629
2023-24,1629599,Amir Coffey,1610612746,LAC,69,45,24,20.9,0.6,0.2,1.7,1.0,1.4,0.67
2023-24,203083,Andre Drummond,1610612741,CHI,78,37,41,17.2,0.9,0.6,5.6,1.7,2.7,0.615
2023-24,1641748,Andre Jackson Jr.,1610612749,MIL,57,33,24,10.0,0.3,0.1,1.2,0.6,0.9,0.648
2023-24,1641847,Andrew Funk,1610612741,CHI,5,3,2,2.7,0.2,0.2,0.0,0.0,0.2,0.0
2023-24,1629614,Andrew Nembhard,1610612754,IND,68,41,27,25.0,0.9,0.1,1.5,1.2,1.9,0.667
2023-24,203952,Andrew Wiggins,1610612744,GSW,70,38,32,27.1,0.6,0.6,3.0,1.8,2.4,0.759
2023-24,1629014,Anfernee Simons,1610612757,POR,45,10,35,34.2,0.5,0.1,3.2,2.5,3.0,0.831
2023-24,1641710,Anthony Black,1610612753,ORL,69,39,30,16.9,0.5,0.3,1.5,0.9,1.5,0.619
2023-24,203076,Anthony Davis,1610612747,LAL,75,44,31,35.6,1.2,2.3,9.5,4.0,7.4,0.54
2023-24,1630162,Anthony Edwards,1610612750,MIN,79,54,25,35.1,1.3,0.5,4.8,1.6,2.4,0.658
2023-24,1630264,Anthony Gill,1610612764,WAS,50,9,41,9.3,0.3,0.2,1.1,0.9,1.2,0.741
2023-24,1629717,Armoni Brooks,1610612751,BKN,10,3,7,10.4,0.1,0.1,1.1,0.6,0.8,0.75
2023-24,1630204,Ashton Hagans,1610612757,POR,19,3,16,16.6,0.6,0.5,1.6,0.7,1.1,0.619
2023-24,1641709,Ausar Thompson,1610612765,DET,62,10,52,25.3,1.1,1.0,4.4,1.6,2.7,0.601
2023-24,1630559,Austin Reaves,1610612747,LAL,81,46,35,32.2,0.8,0.3,3.6,2.0,2.5,0.775
2023-24,1630245,Ayo Dosunmu,1610612741,CHI,75,37,38,29.0,0.9,0.5,2.1,1.4,2.3,0.635
2023-24,1628389,Bam Adebayo,1610612748,MIA,71,40,31,34.0,1.1,0.9,8.1,2.5,4.3,0.586
2023-24,1641767,Ben Sheppard,1610612754,IND,57,32,25,14.3,0.6,0.0,1.3,1.0,1.4,0.707
2023-24,1627732,Ben Simmons,1610612751,BKN,15,7,8,23.9,0.8,0.6,5.9,2.3,2.7,0.829
2023-24,1631097,Bennedict Mathurin,1610612754,IND,59,33,26,26.1,0.6,0.2,2.9,2.2,2.9,0.734
2023-24,1641731,Bilal Coulibaly,1610612764,WAS,63,11,52,27.2,0.9,0.8,3.2,2.4,3.6,0.659
2023-24,202687,Bismack Biyombo,1610612760,OKC,40,20,20,19.8,0.3,0.9,3.7,2.5,4.4,0.574
2023-24,1631104,Blake Wesley,1610612759,SAS,60,18,42,14.3,0.5,0.1,1.2,0.8,1.0,0.787
2023-24,1626246,Boban Marjanovic,1610612745,HOU,14,9,5,5.1,0.1,0.1,1.8,0.1,0.5,0.286
2023-24,1626171,Bobby Portis,1610612749,MIL,82,49,33,24.5,0.8,0.4,5.7,2.2,3.3,0.657
2023-24,203992,Bogdan Bogdanovic,1610612737,ATL,79,35,44,30.4,1.2,0.3,2.8,2.5,3.5,0.726
2023-24,202711,Bojan Bogdanovic,1610612752,NYK,57,20,37,25.9,0.5,0.1,2.3,1.6,2.0,0.81
2023-24,1629626,Bol Bol,1610612756,PHX,42,28,14,10.9,0.2,0.6,2.4,0.7,1.5,0.452
2023-24,1630538,Bones Hyland,1610612746,LAC,36,19,17,14.6,0.6,0.1,1.3,1.0,1.1,0.878
2023-24,203078,Bradley Beal,1610612756,PHX,52,33,19,33.3,0.9,0.5,3.4,1.9,2.5,0.735
2023-24,1641764,Brandin Podziemski,1610612744,GSW,73,41,32,26.5,0.8,0.2,4.2,1.3,1.8,0.681
2023-24,1630527,Brandon Boston Jr.,1610612746,LAC,32,17,15,10.8,0.3,0.3,1.0,0.9,1.2,0.744
2023-24,1629634,Brandon Clarke,1610612763,MEM,6,2,4,22.4,0.8,1.0,3.2,1.8,2.8,0.647
2023-24,1627742,Brandon Ingram,1610612740,NOP,63,38,25,32.9,0.8,0.6,4.4,1.6,2.6,0.624
2023-24,1641706,Brandon Miller,1610612766,CHA,73,17,56,32.1,0.9,0.6,3.4,3.3,4.7,0.688
2023-24,1630314,Brandon Williams,1610612742,DAL,17,10,7,6.6,0.1,0.1,0.5,0.6,0.8,0.846
2023-24,1630296,Braxton Key,1610612743,DEN,20,14,6,3.0,0.1,0.1,0.8,0.1,0.2,0.667
2023-24,1641729,Brice Sensabaugh,1610612762,UTA,31,8,23,17.8,0.3,0.2,2.7,1.3,1.8,0.719
2023-24,201572,Brook Lopez,1610612749,MIL,79,48,31,30.5,0.5,2.4,3.7,4.9,9.1,0.532
2023-24,1628971,Bruce Brown,1610612761,TOR,67,26,41,27.8,0.9,0.3,3.4,2.5,3.2,0.769
2023-24,1628981,Bruno Fernando,1610612737,ATL,45,20,25,15.2,0.6,0.6,3.0,2.2,3.4,0.645
2023-24,1631121,Bryce McGowens,1610612766,CHA,59,11,48,14.9,0.4,0.2,1.4,0.9,1.4,0.647
2023-24,1631205,Buddy Boeheim,1610612765,DET,10,0,10,8.4,0.0,0.1,0.7,0.6,0.8,0.75
2023-24,1627741,Buddy Hield,1610612755,PHI,83,45,38,25.8,0.8,0.5,2.4,2.1,3.0,0.696
2023-24,203468,CJ McCollum,1610612740,NOP,65,42,23,32.8,0.9,0.6,3.8,2.0,2.6,0.743
2023-24,1630595,Cade Cunningham,1610612765,DET,61,9,52,33.5,0.9,0.4,3.8,2.4,3.6,0.664
2023-24,1631216,Caleb Houstan,1610612753,ORL,59,31,28,13.8,0.3,0.1,0.9,0.6,0.9,0.679
2023-24,1628997,Caleb Martin,1610612748,MIA,64,36,28,27.4,0.7,0.5,3.2,1.7,2.7,0.645
2023-24,1629629,Cam Reddish,1610612747,LAL,47,26,21,20.4,1.0,0.3,1.5,0.9,1.2,0.737
2023-24,1630560,Cam Thomas,1610612751,BKN,63,23,40,31.5,0.7,0.3,2.9,2.0,2.8,0.721
2023-24,1641715,Cam Whitmore,1610612745,HOU,47,19,28,18.7,0.6,0.4,2.9,0.9,1.4,0.632
2023-24,1629661,Cameron Johnson,1610612751,BKN,57,21,36,27.6,0.8,0.3,3.4,1.7,2.5,0.683
2023-24,1626166,Cameron Payne,1610612755,PHI,77,45,32,16.6,0.5,0.1,1.2,0.7,0.9,0.754
2023-24,1627747,Caris LeVert,1610612739,CLE,68,38,30,28.8,1.1,0.5,3.5,1.5,2.1,0.697
2023-24,1641717,Cason Wallace,1610612760,OKC,82,57,25,20.6,0.9,0.5,1.6,1.0,1.3,0.764
2023-24,1626224,Cedi Osman,1610612759,SAS,72,17,55,17.6,0.5,0.2,2.2,1.2,1.7,0.702
2023-24,1629646,Charles Bassey,1610612759,SAS,19,3,16,10.8,0.4,0.9,2.8,1.4,2.1,0.65
2023-24,1629718,Charlie Brown Jr.,1610612752,NYK,8,2,6,4.7,0.0,0.3,0.1,0.1,0.1,1.0
2023-24,1631096,Chet Holmgren,1610612760,OKC,82,57,25,29.4,0.6,2.3,6.3,4.5,8.6,0.524
2023-24,1629002,Chimezie Metu,1610612765,DET,51,24,27,16.8,0.8,0.3,3.0,1.5,2.2,0.7
2023-24,1628449,Chris Boucher,1610612761,TOR,49,16,33,13.7,0.3,0.4,2.8,1.1,1.7,0.612
2023-24,1630537,Chris Duarte,1610612758,SAC,59,35,24,12.2,0.5,0.1,1.4,0.9,1.4,0.651
2023-24,1641753,Chris Livingston,1610612749,MIL,21,13,8,4.3,0.1,0.0,0.9,0.2,0.4,0.625
2023-24,101108,Chris Paul,1610612744,GSW,57,33,24,26.3,1.2,0.1,3.6,1.4,1.9,0.755
2023-24,1631128,Christian Braun,1610612743,DEN,80,55,25,20.3,0.5,0.4,2.8,1.1,1.8,0.614
2023-24,1626174,Christian Wood,1610612747,LAL,49,27,22,17.6,0.3,0.7,4.3,1.5,2.7,0.56
2023-24,1629643,Chuma Okeke,1610612753,ORL,47,24,23,9.2,0.2,0.1,1.3,0.9,1.1,0.774
2023-24,203991,Clint Capela,1610612737,ATL,73,33,40,25.8,0.6,1.5,6.0,3.4,6.1,0.557
2023-24,1629632,Coby White,1610612741,CHI,78,37,41,36.4,0.7,0.2,4.0,2.3,3.2,0.73
2023-24,1628998,Cody Martin,1610612766,CHA,28,7,21,26.9,1.1,0.6,3.2,1.6,2.4,0.657
2023-24,203469,Cody Zeller,1610612740,NOP,42,26,16,7.3,0.2,0.1,1.5,1.0,1.5,0.631
2023-24,1641732,Colby Jones,1610612758,SAC,30,15,15,6.4,0.2,0.2,0.8,0.2,0.4,0.636
2023-24,1630175,Cole Anthony,1610612753,ORL,81,47,34,22.4,0.8,0.5,3.0,1.2,1.7,0.709
2023-24,1631306,Cole Swider,1610612748,MIA,18,8,10,4.8,0.1,0.1,0.3,0.2,0.6,0.4
2023-24,1630658,Colin Castleton,1610612747,LAL,16,9,7,3.7,0.1,0.0,0.4,0.6,0.7,0.818
2023-24,1631221,Collin Gillespie,1610612743,DEN,24,15,9,9.4,0.5,0.0,0.8,0.4,0.8,0.526
2023-24,1629012,Collin Sexton,1610612762,UTA,77,29,48,26.5,0.8,0.2,1.7,1.2,1.6,0.756
2023-24,1630557,Corey Kispert,1610612764,WAS,80,15,65,25.8,0.5,0.2,2.4,2.2,3.1,0.699
2023-24,202709,Cory Joseph,1610612744,GSW,26,10,16,11.4,0.2,0.1,0.9,0.6,0.9,0.667
2023-24,1641854,Craig Porter Jr.,1610612739,CLE,51,30,21,12.7,0.4,0.3,1.7,0.8,1.2,0.729
2023-24,1626156,D'Angelo Russell,1610612747,LAL,75,45,30,32.8,0.9,0.5,2.7,1.5,2.1,0.729
2023-24,1641793,D'Moi Hodge,1610612747,LAL,7,1,6,5.9,0.1,0.1,0.0,0.3,0.3,1.0
2023-24,1630618,D.J. Carton,1610612761,TOR,4,2,2,8.9,0.3,0.0,0.5,0.5,1.3,0.4
2023-24,1628391,D.J. Wilson,1610612755,PHI,2,1,1,7.7,0.0,1.0,0.5,1.5,2.5,0.6
2023-24,1629610,DaQuan Jeffries,1610612752,NYK,17,11,6,2.7,0.0,0.1,0.3,0.1,0.2,0.5
2023-24,1630227,Daishen Nix,1610612750,MIN,15,11,4,3.3,0.3,0.0,0.1,0.1,0.2,0.667
2023-24,1630625,Dalano Banton,1610612757,POR,53,23,30,19.0,0.6,0.4,2.5,1.1,1.5,0.713
2023-24,1631207,Dalen Terry,1610612741,CHI,58,27,31,11.7,0.5,0.3,1.4,0.6,1.0,0.552
2023-24,1627745,Damian Jones,1610612739,CLE,39,24,15,6.9,0.2,0.3,1.1,0.6,1.1,0.545
2023-24,203081,Damian Lillard,1610612749,MIL,73,48,25,35.3,1.0,0.2,3.9,1.6,2.0,0.813
2023-24,1629655,Daniel Gafford,1610612742,DAL,73,29,44,24.5,0.9,2.0,4.9,4.4,8.0,0.554
2023-24,1628464,Daniel Theis,1610612746,LAC,59,37,22,16.8,0.4,0.8,2.7,2.7,4.3,0.618
2023-24,201568,Danilo Gallinari,1610612749,MIL,49,15,34,12.8,0.3,0.1,1.8,1.5,2.1,0.735
2023-24,201980,Danny Green,1610612755,PHI,2,1,1,9.2,0.5,0.0,1.0,1.0,1.0,1.0
2023-24,203957,Dante Exum,1610612742,DAL,54,35,19,19.8,0.4,0.1,2.3,1.1,1.5,0.772
2023-24,1627863,Danuel House Jr.,1610612755,PHI,34,21,13,15.0,0.4,0.1,1.2,0.9,1.2,0.732
2023-24,203967,Dario Saric,1610612744,GSW,63,35,28,17.4,0.5,0.2,3.3,2.4,3.7,0.645
2023-24,1641727,Dariq Whitehead,1610612751,BKN,2,1,1,12.0,0.0,0.5,2.0,1.5,1.5,1.0
2023-24,1629647,Darius Bazley,1610612762,UTA,9,2,7,16.9,0.7,0.8,2.2,1.7,3.3,0.5
2023-24,1629636,Darius Garland,1610612739,CLE,57,31,26,33.3,1.3,0.1,2.1,1.1,1.4,0.756
2023-24,1630561,David Duke Jr.,1610612759,SAS,4,3,1,12.8,0.5,0.0,2.0,0.3,0.3,1.0
2023-24,1631223,David Roddy,1610612756,PHX,64,25,39,18.3,0.4,0.2,2.5,1.2,1.8,0.661
2023-24,1630558,Davion Mitchell,1610612758,SAC,72,41,31,15.3,0.2,0.0,1.1,0.8,0.9,0.833
2023-24,202722,Davis Bertans,1610612766,CHA,42,19,23,15.4,0.6,0.3,1.2,0.9,1.3,0.673
2023-24,1630549,Day'Ron Sharpe,1610612751,BKN,59,25,34,15.1,0.4,0.7,3.8,1.8,3.1,0.575
2023-24,1628368,De'Aaron Fox,1610612758,SAC,74,42,32,35.9,2.0,0.4,3.7,1.8,2.4,0.75
2023-24,1629631,De'Andre Hunter,1610612737,ATL,57,26,31,29.5,0.7,0.3,3.4,2.2,2.8,0.765
2023-24,1629001,De'Anthony Melton,1610612755,PHI,38,25,13,26.9,1.6,0.4,3.0,1.9,2.5,0.758
2023-24,201599,DeAndre Jordan,1610612743,DEN,35,23,12,11.1,0.2,0.5,2.9,1.0,1.6,0.643
2023-24,1630610,DeJon Jarreau,1610612763,MEM,9,2,7,16.6,0.7,0.2,4.0,1.0,1.6,0.643
2023-24,201942,DeMar DeRozan,1610612741,CHI,78,37,41,37.8,1.2,0.6,3.7,2.2,3.1,0.717
2023-24,1629731,Dean Wade,1610612739,CLE,54,36,18,20.5,0.7,0.5,3.4,1.9,3.0,0.648
2023-24,1629028,Deandre Ayton,1610612757,POR,54,13,41,32.3,1.0,0.8,7.8,3.4,5.4,0.632
2023-24,1627749,Dejounte Murray,1610612737,ATL,78,34,44,35.7,1.4,0.3,4.5,2.8,3.7,0.766
2023-24,1626153,Delon Wright,1610612748,MIA,47,16,31,15.8,1.1,0.2,1.4,0.8,1.2,0.638
2023-24,1630166,Deni Avdija,1610612764,WAS,75,14,61,30.1,0.8,0.5,6.1,3.9,5.6,0.697
2023-24,203471,Dennis Schroder,1610612751,BKN,79,30,49,31.0,0.8,0.2,2.5,1.3,1.9,0.684
2023-24,1628372,Dennis Smith Jr.,1610612751,BKN,54,19,35,19.0,1.2,0.2,2.0,1.1,1.4,0.76
2023-24,1641726,Dereck Lively II,1610612742,DAL,55,35,20,23.5,0.7,1.4,4.4,3.8,6.5,0.585
2023-24,1631220,Dereon Seabron,1610612740,NOP,6,3,3,9.2,0.3,0.2,1.0,0.0,0.0,0.0
2023-24,1627884,Derrick Jones Jr.,1610612742,DAL,75,46,29,23.5,0.7,0.7,2.2,1.1,1.9,0.589
2023-24,201565,Derrick Rose,1610612763,MEM,24,6,18,16.6,0.3,0.1,1.6,0.7,0.9,0.773
2023-24,1628401,Derrick White,1610612738,BOS,72,57,15,32.6,1.0,1.2,3.6,2.2,3.8,0.574
2023-24,1630217,Desmond Bane,1610612763,MEM,42,14,28,34.4,1.0,0.5,3.5,1.3,2.1,0.625
2023-24,1626164,Devin Booker,1610612756,PHX,68,43,25,36.0,0.9,0.4,3.7,2.3,3.2,0.705
2023-24,1630170,Devin Vassell,1610612759,SAS,68,17,51,33.1,1.1,0.3,3.4,1.6,2.4,0.652
2023-24,1628984,Devonte' Graham,1610612759,SAS,22,7,15,13.7,0.4,0.1,1.3,0.6,0.9,0.65
2023-24,1641926,Dexter Dennis,1610612742,DAL,4,1,3,7.5,0.0,0.3,2.0,0.8,0.8,1.0
2023-24,1628415,Dillon Brooks,1610612745,HOU,72,36,36,30.9,0.9,0.1,2.7,1.7,2.4,0.699
2023-24,1631376,Dmytro Skapintsev,1610612752,NYK,2,0,2,1.1,0.0,0.0,0.0,0.0,0.0,0.0
2023-24,1627734,Domantas Sabonis,1610612758,SAC,82,46,36,35.7,0.9,0.6,10.1,4.4,6.9,0.635
2023-24,1631230,Dominick Barlow,1610612759,SAS,32,6,26,12.2,0.3,0.4,2.0,2.3,3.7,0.641
2023-24,1628378,Donovan Mitchell,1610612739,CLE,55,36,19,35.3,1.8,0.5,4.3,1.4,2.1,0.681
2023-24,1628978,Donte DiVincenzo,1610612752,NYK,81,50,31,29.1,1.3,0.4,2.9,1.8,2.6,0.684
2023-24,1627827,Dorian Finney-Smith,1610612751,BKN,66,28,38,28.3,0.8,0.6,3.1,2.4,3.9,0.627
2023-24,203926,Doug McDermott,1610612754,IND,64,22,42,14.1,0.3,0.0,0.8,0.8,1.3,0.667
2023-24,203110,Draymond Green,1610612744,GSW,54,33,21,27.1,1.0,0.9,5.9,2.3,3.8,0.603
2023-24,1629234,Drew Eubanks,1610612756,PHX,74,42,32,15.6,0.4,0.8,2.9,1.8,3.1,0.575
2023-24,1641809,Drew Peterson,1610612738,BOS,3,3,0,7.6,0.7,0.0,0.3,0.0,0.0,0.0
2023-24,1630696,Dru Smith,1610612748,MIA,9,7,2,14.5,1.0,0.3,0.9,0.8,1.3,0.583
2023-24,1629130,Duncan Robinson,1610612748,MIA,68,38,30,28.0,0.7,0.2,2.3,1.5,2.0,0.746
2023-24,1641871,Duop Reath,1610612757,POR,67,16,51,17.9,0.5,0.6,2.3,2.9,4.3,0.662
2023-24,203939,Dwight Powell,1610612742,DAL,62,37,25,13.3,0.4,0.3,1.9,1.7,2.6,0.638
2023-24,1629685,Dylan Windler,1610612737,ATL,17,9,8,6.4,0.1,0.0,0.8,0.6,0.8,0.786
2023-24,1630700,Dyson Daniels,1610612740,NOP,60,34,26,22.4,1.4,0.4,2.8,1.8,2.9,0.637
2023-24,1630604,E.J. Liddell,1610612740,NOP,8,3,5,2.9,0.3,0.3,0.6,0.3,0.6,0.4
2023-24,1641734,Emoni Bates,1610612739,CLE,15,8,7,8.9,0.1,0.1,0.9,0.4,0.5,0.75
2023-24,201569,Eric Gordon,1610612756,PHX,67,41,26,27.8,1.0,0.4,1.6,1.0,1.1,0.918
2023-24,1630647,Eugene Omoruyi,1610612764,WAS,43,5,38,9.1,0.6,0.1,1.2,0.7,1.1,0.653
2023-24,203095,Evan Fournier,1610612765,DET,31,8,23,18.4,0.9,0.2,1.6,1.1,1.4,0.75
2023-24,1630596,Evan Mobley,1610612739,CLE,50,29,21,30.6,0.9,1.4,7.1,4.2,7.2,0.584
2023-24,1630196,Filip Petrusev,1610612758,SAC,3,2,1,3.1,0.0,0.0,0.3,0.0,0.3,0.0
2023-24,1628373,Frank Ntilikina,1610612766,CHA,5,0,5,8.6,0.0,0.0,1.0,0.0,0.6,0.0
2023-24,1630532,Franz Wagner,1610612753,ORL,72,44,28,32.5,1.1,0.4,4.3,1.7,2.5,0.706
2023-24,1627832,Fred VanVleet,1610612745,HOU,73,38,35,36.8,1.4,0.8,3.4,1.4,2.1,0.66
2023-24,1627788,Furkan Korkmaz,1610612755,PHI,35,22,13,8.6,0.4,0.1,0.7,0.4,0.6,0.714
2023-24,1641713,GG Jackson,1610612763,MEM,48,14,34,25.7,0.6,0.5,3.0,1.6,2.4,0.655
2023-24,1629216,Gabe Vincent,1610612747,LAL,11,7,4,19.8,0.8,0.0,0.5,0.5,0.6,0.714
2023-24,202066,Garrett Temple,1610612761,TOR,27,5,22,10.7,0.4,0.1,1.0,1.1,1.6,0.659
2023-24,1629726,Garrison Mathews,1610612737,ATL,66,29,37,15.0,0.3,0.1,1.1,0.7,1.0,0.766
2023-24,203914,Gary Harris,1610612753,ORL,54,35,19,24.0,0.9,0.3,1.2,1.0,1.4,0.767
2023-24,1627780,Gary Payton II,1610612744,GSW,44,27,17,15.5,0.9,0.4,1.5,1.1,1.7,0.662
2023-24,1629018,Gary Trent Jr.,1610612761,TOR,70,24,46,27.9,1.1,0.1,2.3,0.9,1.2,0.771
2023-24,1627777,Georges Niang,1610612739,CLE,82,48,34,22.3,0.4,0.2,3.1,1.7,2.6,0.678
2023-24,203507,Giannis Antetokounmpo,1610612749,MIL,73,45,28,35.2,1.2,1.1,8.8,2.5,4.6,0.553
2023-24,1629048,Goga Bitadze,1610612753,ORL,62,34,28,15.4,0.5,1.2,2.9,2.2,3.9,0.551
2023-24,202330,Gordon Hayward,1610612760,OKC,51,25,26,24.4,0.8,0.3,2.8,1.3,1.8,0.744
2023-24,1641711,Gradey Dick,1610612761,TOR,59,18,41,20.8,0.6,0.0,1.7,1.2,1.6,0.732
2023-24,1629684,Grant Williams,1610612766,CHA,75,33,42,27.9,0.5,0.5,3.0,2.3,3.1,0.738
2023-24,1628960,Grayson Allen,1610612756,PHX,74,45,29,33.4,0.9,0.6,3.3,1.9,2.8,0.671
2023-24,1630535,Greg Brown III,1610612742,DAL,6,3,3,6.6,0.0,0.7,1.0,0.7,1.0,0.667
2023-24,1630611,Gui Santos,1610612744,GSW,22,17,5,8.5,0.2,0.1,1.4,0.7,1.1,0.625
2023-24,1628977,Hamidou Diallo,1610612764,WAS,2,1,1,2.4,1.0,0.0,0.0,0.0,0.0,0.0
2023-24,203084,Harrison Barnes,1610612758,SAC,82,46,36,29.0,0.7,0.1,2.2,1.5,2.5,0.615
2023-24,1628385,Harry Giles III,1610612747,LAL,23,11,12,4.3,0.1,0.1,0.8,0.6,0.9,0.667
2023-24,1629312,Haywood Highsmith,1610612748,MIA,66,39,27,20.7,0.8,0.5,2.2,1.5,2.4,0.635
2023-24,1630929,Henri Drell,1610612741,CHI,4,2,2,7.5,0.5,0.3,0.8,0.0,0.3,0.0
2023-24,1630529,Herbert Jones,1610612740,NOP,75,46,29,30.6,1.4,0.8,2.6,1.9,2.9,0.67
2023-24,1641816,Hunter Tyson,1610612743,DEN,17,13,4,2.7,0.1,0.0,0.4,0.2,0.2,1.0
2023-24,1630641,Ibou Badji,1610612757,POR,22,5,17,10.3,0.1,0.9,1.4,1.6,2.7,0.583
2023-24,1630193,Immanuel Quickley,1610612761,TOR,67,28,39,29.0,0.7,0.1,3.6,1.9,2.6,0.741
2023-24,1630171,Isaac Okoro,1610612739,CLE,69,41,28,27.3,0.8,0.5,2.0,1.2,1.8,0.68
2023-24,1628392,Isaiah Hartenstein,1610612752,NYK,75,47,28,25.3,1.2,1.1,5.1,3.1,5.8,0.525
2023-24,1630543,Isaiah Jackson,1610612754,IND,60,37,23,12.8,0.6,1.0,2.4,1.9,3.3,0.571
2023-24,1630198,Isaiah Joe,1610612760,OKC,78,54,24,18.5,0.6,0.3,1.9,0.8,1.3,0.61
2023-24,1630587,Isaiah Livers,1610612765,DET,23,1,22,20.4,0.6,0.2,1.4,1.3,1.8,0.707
2023-24,1630600,Isaiah Mobley,1610612739,CLE,10,2,8,7.2,0.2,0.0,0.7,0.7,0.7,1.0
2023-24,1630191,Isaiah Stewart,1610612765,DET,45,9,36,30.9,0.3,0.8,5.0,2.3,4.3,0.539
2023-24,202738,Isaiah Thomas,1610612756,PHX,6,4,2,3.2,0.0,0.0,0.0,0.2,0.3,0.5
2023-24,1631209,Isaiah Wong,1610612754,IND,1,1,0,4.3,0.0,0.0,0.0,0.0,0.0,0.0
2023-24,202397,Ish Smith,1610612766,CHA,43,6,37,17.2,0.4,0.1,1.5,0.9,1.1,0.796
2023-24,1630688,Ish Wainright,1610612756,PHX,11,2,9,5.7,0.4,0.1,1.0,0.0,0.0,0.0
2023-24,1627826,Ivica Zubac,1610612746,LAC,67,41,26,26.4,0.3,1.2,6.3,2.8,5.7,0.496
2023-24,1631167,Izaiah Brockington,1610612740,NOP,1,1,0,3.4,0.0,0.0,1.0,1.0,1.0,1.0
2023-24,1631120,JD Davison,1610612738,BOS,7,7,0,5.5,0.1,0.1,1.1,0.9,0.9,1.0
2023-24,1630550,JT Thor,1610612766,CHA,62,15,47,12.4,0.2,0.4,1.6,1.2,1.8,0.637
2023-24,1629630,Ja Morant,1610612763,MEM,9,6,3,35.3,0.8,0.6,4.9,2.7,3.9,0.686
2023-24,201580,JaVale McGee,1610612758,SAC,46,28,18,7.4,0.3,0.4,1.8,0.7,1.4,0.515
2023-24,1631095,Jabari Smith Jr.,1610612745,HOU,76,39,37,31.9,0.7,0.8,6.3,2.4,4.1,0.583
2023-24,1631133,Jabari Walker,1610612757,POR,72,18,54,23.6,0.6,0.3,5.0,2.2,3.0,0.72
2023-24,1631298,Jack White,1610612763,MEM,4,0,4,15.9,1.0,0.3,2.0,1.0,2.5,0.4
2023-24,1631367,Jacob Gilyard,1610612751,BKN,40,12,28,17.0,0.7,0.1,0.9,0.7,0.9,0.853
2023-24,1631210,Jacob Toppin,1610612752,NYK,9,2,7,4.2,0.0,0.1,0.4,0.1,0.1,1.0
2023-24,1630702,Jaden Hardy,1610612742,DAL,72,43,29,13.7,0.3,0.1,1.5,0.8,1.1,0.779
2023-24,1631093,Jaden Ivey,1610612765,DET,76,14,62,28.7,0.7,0.5,2.3,1.9,2.9,0.638
2023-24,1630183,Jaden McDaniels,1610612750,MIN,72,48,24,29.2,0.9,0.6,2.3,1.7,3.0,0.577
2023-24,1630531,Jaden Springer,1610612738,BOS,48,31,17,10.6,0.8,0.3,0.9,0.5,0.8,0.6
2023-24,203109,Jae Crowder,1610612749,MIL,50,25,25,23.1,0.8,0.2,2.6,1.1,1.6,0.722
2023-24,1630256,Jae'Sean Tate,1610612745,HOU,65,32,33,15.9,0.6,0.2,2.1,0.9,1.6,0.594
2023-24,1630186,Jahmi'us Ramsey,1610612761,TOR,7,0,7,17.3,1.0,0.0,2.6,1.7,2.4,0.706
2023-24,1631170,Jaime Jaquez Jr.,1610612748,MIA,75,44,31,28.2,1.0,0.3,2.7,1.8,2.7,0.66
2023-24,1631222,Jake LaRavia,1610612763,MEM,35,8,27,23.0,0.8,0.3,2.2,2.2,3.0,0.743
2023-24,1627751,Jakob Poeltl,1610612761,TOR,50,21,29,26.4,0.7,1.5,5.7,4.3,7.1,0.608
2023-24,1628973,Jalen Brunson,1610612752,NYK,77,49,28,35.4,0.9,0.2,3.1,1.7,2.2,0.777
2023-24,1630622,Jalen Crutcher,1610612740,NOP,1,1,0,2.7,0.0,0.0,0.0,0.0,0.0,0.0
2023-24,1631105,Jalen Duren,1610612765,DET,60,13,47,29.4,0.6,0.8,8.5,3.3,5.2,0.637
2023-24,1630224,Jalen Green,1610612745,HOU,82,41,41,31.7,0.8,0.3,4.7,1.6,2.3,0.702
2023-24,1641720,Jalen Hood-Schifino,1610612747,LAL,20,9,11,5.0,0.2,0.1,0.4,0.5,0.6,0.75
2023-24,1630552,Jalen Johnson,1610612737,ATL,56,27,29,33.7,1.2,0.8,7.4,3.0,5.0,0.602
2023-24,1629667,Jalen McDaniels,1610612761,TOR,49,12,37,10.5,0.3,0.1,1.1,0.9,1.1,0.821
2023-24,1629618,Jalen Pickett,1610612743,DEN,26,19,7,4.6,0.2,0.0,0.5,0.3,0.4,0.9
2023-24,1641771,Jalen Slawson,1610612758,SAC,12,8,4,3.1,0.1,0.1,0.5,0.4,0.6,0.714
2023-24,1630188,Jalen Smith,1610612754,IND,61,36,25,17.2,0.3,0.6,3.7,2.2,3.8,0.576
2023-24,1630591,Jalen Suggs,1610612753,ORL,75,43,32,27.0,1.4,0.6,2.4,1.7,2.8,0.633
2023-24,1631114,Jalen Williams,1610612760,OKC,71,51,20,31.3,1.1,0.6,3.5,1.3,2.2,0.606
2023-24,1630592,Jalen Wilson,1610612751,BKN,41,14,27,14.9,0.2,0.0,1.8,0.7,0.9,0.75
2023-24,1631288,Jamal Cain,1610612748,MIA,26,14,12,10.0,0.4,0.2,0.8,0.7,1.0,0.72
2023-24,1627750,Jamal Murray,1610612743,DEN,57,42,15,31.4,1.0,0.6,3.4,2.2,3.2,0.681
2023-24,1631123,Jamaree Bouyea,1610612759,SAS,9,2,7,10.5,0.1,0.0,1.8,0.6,1.0,0.556
2023-24,1630547,James Bouknight,1610612766,CHA,14,0,14,5.8,0.1,0.1,0.6,0.1,0.4,0.333
2023-24,201935,James Harden,1610612746,LAC,71,45,26,34.3,1.1,0.8,4.6,2.0,2.8,0.72
2023-24,201949,James Johnson,1610612754,IND,9,4,5,5.2,0.6,0.1,0.3,0.1,0.4,0.25
2023-24,1630164,James Wiseman,1610612765,DET,62,9,53,17.1,0.2,0.6,3.5,2.5,4.2,0.602
2023-24,1641716,Jarace Walker,1610612754,IND,33,18,15,10.3,0.5,0.3,1.5,0.7,1.2,0.632
2023-24,1630215,Jared Butler,1610612764,WAS,40,6,34,14.1,0.7,0.2,1.2,0.7,1.1,0.628
2023-24,1631197,Jared Rhoden,1610612765,DET,17,2,15,14.4,0.2,0.8,1.8,0.6,1.2,0.476
2023-24,1628991,Jaren Jackson Jr.,1610612763,MEM,66,22,44,32.2,1.2,1.6,4.2,3.4,6.0,0.561
2023-24,1629020,Jarred Vanderbilt,1610612747,LAL,28,13,15,20.2,1.3,0.1,3.3,1.0,1.4,0.7
2023-24,1628386,Jarrett Allen,1610612739,CLE,77,46,31,31.7,0.7,1.1,7.4,4.0,7.2,0.559
2023-24,1630554,Jason Preston,1610612762,UTA,7,2,5,10.2,0.3,0.1,1.6,0.6,0.7,0.8
2023-24,1631241,Javon Freeman-Liberty,1610612761,TOR,21,3,18,18.3,0.5,0.2,2.4,1.7,2.1,0.778
2023-24,1629750,Javonte Green,1610612741,CHI,9,5,4,25.6,1.1,0.9,5.2,0.9,1.3,0.667
2023-24,1630606,Javonte Smart,1610612755,PHI,1,1,0,0.7,0.0,0.0,0.0,0.0,0.0,0.0
2023-24,1629637,Jaxson Hayes,1610612747,LAL,69,40,29,12.5,0.5,0.4,2.0,1.5,2.4,0.627
2023-24,1630643,Jay Huff,1610612743,DEN,19,15,4,2.5,0.1,0.2,0.4,0.4,0.5,0.7
2023-24,1627759,Jaylen Brown,1610612738,BOS,69,51,18,33.5,1.2,0.5,4.4,1.4,2.3,0.624
2023-24,1629669,Jaylen Nowell,1610612765,DET,13,3,10,16.4,0.3,0.2,1.4,0.8,1.1,0.786
2023-24,1631119,Jaylin Williams,1610612760,OKC,69,48,21,13.0,0.4,0.4,2.9,1.5,2.3,0.658
2023-24,1628369,Jayson Tatum,1610612738,BOS,73,56,17,35.7,1.0,0.6,7.2,1.7,2.6,0.627
2023-24,1630288,Jeff Dowtin Jr.,1610612755,PHI,11,6,5,12.2,0.5,0.1,1.4,0.4,0.5,0.8
2023-24,201145,Jeff Green,1610612745,HOU,78,39,39,16.8,0.2,0.4,1.7,1.3,2.0,0.635
2023-24,203924,Jerami Grant,1610612757,POR,54,17,37,33.9,0.8,0.6,2.9,2.6,3.5,0.745
2023-24,1630526,Jeremiah Robinson-Earl,1610612740,NOP,38,22,16,8.6,0.3,0.1,1.3,1.1,1.5,0.707
2023-24,1631110,Jeremy Sochan,1610612759,SAS,73,17,56,29.7,0.8,0.5,4.6,2.5,3.6,0.687
2023-24,1630579,Jericho Sims,1610612752,NYK,45,30,15,13.0,0.2,0.4,2.0,1.2,2.1,0.579
2023-24,1631257,Jermaine Samuels Jr.,1610612745,HOU,14,8,6,4.3,0.1,0.1,0.7,0.1,0.6,0.25
2023-24,1629010,Jerome Robinson,1610612744,GSW,21,17,4,3.8,0.0,0.1,0.2,0.2,0.4,0.556
2023-24,1641724,Jett Howard,1610612753,ORL,18,9,9,3.7,0.1,0.1,0.3,0.4,0.6,0.7
2023-24,1628975,Jevon Carter,1610612741,CHI,71,35,36,14.0,0.5,0.2,0.7,0.7,1.1,0.653
2023-24,202710,Jimmy Butler,1610612748,MIA,60,33,27,34.0,1.3,0.3,3.6,1.5,2.0,0.737
2023-24,1629111,Jock Landale,1610612745,HOU,56,28,28,13.6,0.4,0.6,1.5,1.5,2.6,0.574
2023-24,203925,Joe Harris,1610612765,DET,16,4,12,10.6,0.2,0.1,0.6,1.6,2.2,0.743
2023-24,204060,Joe Ingles,1610612753,ORL,68,42,26,17.2,0.6,0.1,1.8,0.7,0.9,0.806
2023-24,203954,Joel Embiid,1610612755,PHI,39,31,8,33.6,1.2,1.7,8.6,5.1,9.9,0.509
2023-24,1628381,John Collins,1610612762,UTA,67,27,40,27.9,0.6,0.9,6.2,3.3,5.2,0.63
2023-24,1629723,John Konchar,1610612763,MEM,55,18,37,21.3,0.9,0.9,3.4,1.7,2.6,0.634
2023-24,1631098,Johnny Davis,1610612764,WAS,50,8,42,12.3,0.4,0.2,1.1,0.7,1.2,0.638
2023-24,1630548,Johnny Juzang,1610612762,UTA,19,5,14,19.2,0.2,0.1,1.5,1.7,2.3,0.727
2023-24,202685,Jonas Valanciunas,1610612740,NOP,81,49,32,23.5,0.4,0.8,6.6,3.3,5.0,0.667
2023-24,1628371,Jonathan Isaac,1610612753,ORL,58,35,23,15.8,0.7,1.2,3.2,1.2,2.3,0.527
2023-24,1630228,Jonathan Kuminga,1610612744,GSW,73,40,33,26.3,0.7,0.5,3.6,1.8,2.6,0.67
2023-24,1629007,Jontay Porter,1610612761,TOR,25,6,19,14.4,0.8,0.8,2.2,2.6,4.3,0.607
2023-24,203903,Jordan Clarkson,1610612762,UTA,54,22,32,30.6,0.6,0.1,2.5,1.4,2.1,0.688
2023-24,1630259,Jordan Ford,1610612758,SAC,6,2,4,3.6,0.0,0.0,0.3,0.2,0.2,1.0
2023-24,1630692,Jordan Goodwin,1610612763,MEM,57,30,27,18.5,0.8,0.3,2.9,1.2,1.8,0.67
2023-24,1641722,Jordan Hawkins,1610612740,NOP,66,38,28,17.4,0.3,0.1,1.8,1.1,1.6,0.718
2023-24,1629162,Jordan McLaughlin,1610612750,MIN,56,35,21,11.2,0.6,0.1,1.0,0.5,0.7,0.769
2023-24,1641757,Jordan Miller,1610612746,LAC,7,4,3,3.9,0.0,0.0,0.3,0.4,0.9,0.5
2023-24,1629670,Jordan Nwora,1610612761,TOR,51,14,37,13.7,0.5,0.3,2.4,1.0,1.5,0.628
2023-24,1629673,Jordan Poole,1610612764,WAS,78,15,63,30.1,1.1,0.3,2.3,1.7,2.1,0.812
2023-24,1641775,Jordan Walsh,1610612738,BOS,9,9,0,9.3,0.6,0.1,1.7,0.4,0.7,0.667
2023-24,1630631,Jose Alvarado,1610612740,NOP,55,38,17,18.3,1.0,0.3,1.8,0.7,0.9,0.787
2023-24,1630581,Josh Giddey,1610612760,OKC,80,56,24,25.1,0.6,0.6,5.0,1.6,2.3,0.681
2023-24,1630182,Josh Green,1610612742,DAL,56,31,25,26.4,0.8,0.2,2.6,1.3,1.7,0.773
2023-24,1628404,Josh Hart,1610612752,NYK,81,49,32,33.4,0.9,0.3,6.8,2.4,3.4,0.693
2023-24,1631169,Josh Minott,1610612750,MIN,32,23,9,2.9,0.2,0.2,0.4,0.5,0.6,0.833
2023-24,1629006,Josh Okogie,1610612756,PHX,60,37,23,16.0,0.8,0.4,1.3,1.0,1.5,0.678
2023-24,1626196,Josh Richardson,1610612748,MIA,43,24,19,25.6,0.6,0.3,2.4,1.2,1.7,0.726
2023-24,1630563,Joshua Primo,1610612746,LAC,2,2,0,5.1,0.0,0.5,0.0,1.0,1.0,1.0
2023-24,201950,Jrue Holiday,1610612738,BOS,68,52,16,32.8,0.9,0.8,4.2,2.1,3.0,0.686
2023-24,1629308,Juan Toscano-Anderson,1610612758,SAC,11,7,4,4.8,0.1,0.1,0.9,0.2,0.5,0.4
2023-24,1631262,Jules Bernard,1610612764,WAS,19,2,17,7.9,0.2,0.1,0.8,0.7,0.9,0.778
2023-24,1630577,Julian Champagnie,1610612759,SAS,73,18,55,19.6,0.7,0.6,2.2,1.6,2.3,0.683
2023-24,1641763,Julian Phillips,1610612741,CHI,39,20,19,8.1,0.2,0.2,0.6,0.7,0.9,0.765
2023-24,1631124,Julian Strawther,1610612743,DEN,48,32,16,11.1,0.4,0.1,1.1,0.5,0.9,0.595
2023-24,203944,Julius Randle,1610612752,NYK,46,29,17,35.4,0.5,0.3,7.0,2.0,3.1,0.648
2023-24,1630551,Justin Champagnie,1610612764,WAS,15,3,12,15.7,0.7,0.6,2.3,1.1,1.5,0.727
2023-24,203200,Justin Holiday,1610612743,DEN,57,37,20,14.7,0.6,0.1,1.1,0.8,1.1,0.705
2023-24,1628382,Justin Jackson,1610612750,MIN,2,2,0,0.4,0.0,0.0,0.0,0.0,0.0,0.0
2023-24,1631303,Justin Minaya,1610612757,POR,34,3,31,11.2,0.3,0.3,0.8,0.7,1.3,0.545
2023-24,203994,Jusuf Nurkic,1610612756,PHX,75,48,27,27.3,1.1,1.1,8.1,3.9,6.6,0.587
2023-24,1630231,KJ Martin,1610612755,PHI,60,33,27,12.4,0.4,0.2,1.5,0.8,1.2,0.662
2023-24,1629232,Kaiser Gates,1610612740,NOP,1,0,1,7.4,0.0,0.0,1.0,0.0,1.0,0.0
2023-24,1626157,Karl-Anthony Towns,1610612750,MIN,62,42,20,32.7,0.7,0.7,6.8,2.3,3.7,0.606
2023-24,202695,Kawhi Leonard,1610612746,LAC,67,43,24,34.2,1.7,0.9,4.9,2.6,3.6,0.707
2023-24,1631099,Keegan Murray,1610612758,SAC,77,43,34,33.6,1.0,0.8,4.1,2.2,3.6,0.595
2023-24,1628966,Keita Bates-Diop,1610612751,BKN,53,29,24,12.5,0.5,0.4,1.5,1.0,1.5,0.659
2023-24,1629640,Keldon Johnson,1610612759,SAS,68,16,52,29.5,0.8,0.3,4.0,2.3,3.0,0.749
2023-24,203482,Kelly Olynyk,1610612761,TOR,77,31,46,22.4,0.9,0.4,3.9,2.4,3.6,0.675
2023-24,1626162,Kelly Oubre Jr.,1610612755,PHI,67,39,28,30.3,1.1,0.7,3.6,2.1,3.2,0.641
2023-24,1631112,Kendall Brown,1610612754,IND,15,10,5,4.2,0.0,0.0,0.1,0.2,0.3,0.75
2023-24,1631254,Kenneth Lofton Jr.,1610612762,UTA,21,7,14,9.4,0.3,0.2,1.2,0.8,1.4,0.567
2023-24,1629026,Kenrich Williams,1610612760,OKC,69,49,20,14.9,0.6,0.1,2.1,1.0,1.6,0.617
2023-24,203484,Kentavious Caldwell-Pope,1610612743,DEN,74,52,22,31.6,1.3,0.5,2.0,1.0,1.3,0.778
2023-24,1631165,Keon Ellis,1610612758,SAC,57,33,24,17.2,0.9,0.5,1.6,1.2,1.8,0.667
2023-24,1630553,Keon Johnson,1610612751,BKN,4,0,4,12.8,0.8,0.3,0.5,0.5,0.8,0.667
2023-24,1630556,Kessler Edwards,1610612758,SAC,54,32,22,5.1,0.2,0.1,0.6,0.4,0.6,0.719
2023-24,201142,Kevin Durant,1610612756,PHX,74,44,30,37.2,0.9,1.2,6.0,2.3,3.7,0.607
2023-24,1628989,Kevin Huerter,1610612758,SAC,64,37,27,24.4,0.7,0.4,2.9,1.8,2.2,0.783
2023-24,1628995,Kevin Knox II,1610612765,DET,31,4,27,18.1,0.4,0.2,1.8,0.9,1.6,0.54
2023-24,201567,Kevin Love,1610612748,MIA,55,31,24,16.8,0.3,0.2,5.1,1.9,3.0,0.646
2023-24,1630284,Kevon Harris,1610612753,ORL,2,1,1,3.0,0.0,0.0,1.0,0.5,1.0,0.5
2023-24,1626172,Kevon Looney,1610612744,GSW,74,43,31,16.1,0.4,0.4,3.7,1.6,2.8,0.587
2023-24,1641749,Keyontae Johnson,1610612760,OKC,9,7,2,7.4,0.1,0.0,0.7,0.6,0.7,0.833
2023-24,1641718,Keyonte George,1610612762,UTA,74,27,47,26.8,0.5,0.1,2.6,1.2,1.5,0.836
2023-24,203114,Khris Middleton,1610612749,MIL,55,31,24,27.0,0.9,0.3,3.9,1.7,2.4,0.72
2023-24,1630165,Killian Hayes,1610612765,DET,42,7,35,24.0,0.9,0.5,2.6,2.1,2.8,0.739
2023-24,1630184,Kira Lewis Jr.,1610612762,UTA,27,10,17,9.6,0.3,0.1,0.6,0.4,0.6,0.733
2023-24,202691,Klay Thompson,1610612744,GSW,76,41,35,29.7,0.7,0.4,2.9,1.7,2.4,0.701
2023-24,1641738,Kobe Brown,1610612746,LAC,43,26,17,9.2,0.3,0.1,1.0,0.5,0.8,0.606
2023-24,1641723,Kobe Bufkin,1610612737,ATL,17,8,9,11.5,0.4,0.3,1.6,0.6,1.4,0.478
2023-24,1628424,Kobi Simmons,1610612761,TOR,4,0,4,16.9,1.5,0.5,1.5,1.0,1.3,0.8
2023-24,1627739,Kris Dunn,1610612762,UTA,65,25,40,19.0,1.0,0.4,2.1,1.0,1.5,0.677
2023-24,1631200,Kris Murray,1610612757,POR,61,11,50,21.7,0.9,0.3,2.2,1.5,2.3,0.634
2023-24,204001,Kristaps Porzingis,1610612738,BOS,57,43,14,29.6,0.7,1.9,5.5,3.9,7.5,0.521
2023-24,203937,Kyle Anderson,1610612750,MIN,79,55,24,22.6,0.9,0.6,2.7,1.5,2.3,0.648
2023-24,1628398,Kyle Kuzma,1610612764,WAS,70,13,57,32.6,0.5,0.7,5.7,2.8,4.1,0.675
2023-24,200768,Kyle Lowry,1610612755,PHI,59,31,28,28.2,1.0,0.4,2.6,2.0,2.5,0.784
2023-24,202681,Kyrie Irving,1610612742,DAL,57,38,19,35.1,1.3,0.5,4.3,1.8,2.4,0.77
2023-24,1630163,LaMelo Ball,1610612766,CHA,22,7,15,32.3,1.8,0.2,3.8,1.5,2.0,0.744
2023-24,1630205,Lamar Stevens,1610612763,MEM,38,22,16,14.7,0.6,0.6,2.4,1.2,2.3,0.535
2023-24,1629013,Landry Shamet,1610612764,WAS,46,6,40,15.8,0.5,0.2,1.0,0.9,1.2,0.75
2023-24,1626204,Larry Nance Jr.,1610612740,NOP,61,34,27,19.9,1.0,0.3,3.5,2.0,3.2,0.613
2023-24,1628374,Lauri Markkanen,1610612762,UTA,55,22,33,33.1,0.9,0.5,5.9,3.0,4.5,0.669
2023-24,2544,LeBron James,1610612747,LAL,70,40,30,35.4,1.3,0.5,6.5,1.9,2.9,0.673
2023-24,1641778,Leaky Black,1610612766,CHA,26,2,24,10.9,0.3,0.4,1.5,0.7,1.2,0.633
2023-24,1631159,Leonard Miller,1610612750,MIN,17,13,4,3.1,0.1,0.1,0.9,0.3,0.5,0.625
2023-24,1631311,Lester Quinones,1610612744,GSW,36,24,12,10.7,0.2,0.1,1.4,0.6,0.8,0.793
2023-24,1629623,Lindell Wigginton,1610612749,MIL,3,3,0,2.5,0.0,0.0,0.0,0.0,0.0,0.0
2023-24,1630322,Lindy Waters III,1610612760,OKC,38,25,13,7.4,0.1,0.2,0.9,0.4,0.6,0.609
2023-24,1629022,Lonnie Walker IV,1610612751,BKN,57,23,34,17.2,0.5,0.3,1.9,0.8,1.2,0.634
2023-24,1629652,Luguentz Dort,1610612760,OKC,79,54,25,28.4,0.9,0.6,2.7,1.2,1.8,0.632
2023-24,1629029,Luka Doncic,1610612742,DAL,69,45,24,37.5,1.4,0.5,8.4,2.3,3.3,0.697
2023-24,1630568,Luka Garza,1610612750,MIN,25,17,8,4.9,0.2,0.0,0.5,0.7,0.9,0.739
2023-24,1629677,Luka Samanic,1610612762,UTA,42,15,27,9.3,0.1,0.1,1.8,0.9,1.3,0.709
2023-24,1628379,Luke Kennard,1610612763,MEM,39,15,24,25.6,0.5,0.1,2.6,1.7,2.2,0.788
2023-24,1628436,Luke Kornet,1610612738,BOS,62,47,15,15.5,0.4,1.0,2.3,1.8,3.3,0.539
2023-24,1630201,Malachi Flynn,1610612765,DET,68,28,40,12.9,0.6,0.1,1.4,0.8,1.2,0.684
2023-24,1631103,Malaki Branham,1610612759,SAS,74,17,57,21.2,0.4,0.1,1.6,1.0,1.4,0.73
2023-24,1627763,Malcolm Brogdon,1610612757,POR,39,15,24,28.7,0.7,0.2,3.1,2.1,2.6,0.82
2023-24,1630608,Malcolm Cazalon,1610612765,DET,1,0,1,2.6,0.0,0.0,0.0,0.0,0.0,0.0
2023-24,1627736,Malik Beasley,1610612749,MIL,79,46,33,29.6,0.7,0.1,3.2,1.1,1.4,0.793
2023-24,1628370,Malik Monk,1610612758,SAC,72,42,30,26.0,0.6,0.5,2.6,1.3,2.1,0.628
2023-24,1642013,Malik Williams,1610612761,TOR,7,2,5,15.2,0.4,0.6,3.3,2.0,3.1,0.636
2023-24,1629603,Mamadi Diakite,1610612752,NYK,6,5,1,4.1,0.2,0.2,0.5,0.3,0.3,1.0
2023-24,1641970,Maozinha Pereira,1610612763,MEM,7,2,5,17.4,0.9,0.6,3.7,1.1,2.0,0.571
2023-24,1630699,MarJon Beauchamp,1610612749,MIL,48,30,18,12.7,0.3,0.1,1.6,0.7,1.0,0.694
2023-24,202694,Marcus Morris Sr.,1610612739,CLE,49,26,23,16.7,0.3,0.3,2.3,1.1,1.6,0.727
2023-24,1631204,Marcus Sasser,1610612765,DET,70,11,59,19.0,0.6,0.2,1.6,0.7,0.9,0.781
2023-24,203935,Marcus Smart,1610612763,MEM,20,7,13,30.2,2.1,0.3,2.4,1.3,1.7,0.758
2023-24,1631109,Mark Williams,1610612766,CHA,19,7,12,26.8,0.8,1.1,5.7,4.2,6.4,0.661
2023-24,1628365,Markelle Fultz,1610612753,ORL,43,25,18,21.2,1.0,0.3,1.9,1.2,1.6,0.746
2023-24,202693,Markieff Morris,1610612742,DAL,25,14,11,8.5,0.2,0.1,1.4,1.0,1.6,0.641
2023-24,1641806,Markquis Nowell,1610612761,TOR,1,0,1,3.5,1.0,0.0,0.0,0.0,0.0,0.0
2023-24,1629716,Marques Bolden,1610612766,CHA,11,5,6,11.0,0.3,0.6,2.2,1.7,2.5,0.679
2023-24,1628963,Marvin Bagley III,1610612764,WAS,50,7,43,21.1,0.4,0.7,3.6,2.8,4.6,0.613
2023-24,1630222,Mason Jones,1610612758,SAC,5,3,2,5.5,0.2,0.0,0.8,0.0,0.0,0.0
2023-24,203486,Mason Plumlee,1610612746,LAC,46,29,17,14.7,0.3,0.4,3.8,2.4,4.0,0.596
2023-24,1629680,Matisse Thybulle,1610612757,POR,64,17,47,22.7,1.7,0.8,1.6,1.1,1.5,0.737
2023-24,1630562,Matt Hurt,1610612763,MEM,8,2,6,14.2,0.4,0.4,0.9,2.4,2.9,0.826
2023-24,1630346,Matt Ryan,1610612740,NOP,28,14,14,13.9,0.2,0.0,1.2,1.1,1.4,0.789
2023-24,1631108,Max Christie,1610612747,LAL,66,37,29,14.0,0.3,0.3,1.9,1.1,1.7,0.635
2023-24,1629622,Max Strus,1610612739,CLE,70,43,27,32.0,0.9,0.4,3.9,1.7,2.5,0.672
2023-24,1628467,Maxi Kleber,1610612742,DAL,42,26,16,20.3,0.4,0.7,2.6,2.2,3.4,0.65
2023-24,1641721,Maxwell Lewis,1610612747,LAL,33,17,16,2.9,0.1,0.0,0.0,0.3,0.4,0.75
2023-24,1630695,Micah Potter,1610612762,UTA,16,3,13,11.6,0.3,0.4,2.1,1.3,2.3,0.568
2023-24,1629008,Michael Porter Jr.,1610612743,DEN,79,55,24,31.7,0.5,0.6,5.7,2.2,3.2,0.678
2023-24,1628969,Mikal Bridges,1610612751,BKN,79,32,47,34.9,1.0,0.4,3.8,1.8,2.7,0.678
2023-24,201144,Mike Conley,1610612750,MIN,76,53,23,28.9,1.2,0.2,2.4,1.2,1.7,0.677
2023-24,203488,Mike Muscala,1610612760,OKC,53,17,36,11.3,0.2,0.2,1.6,1.8,2.8,0.64
2023-24,1628970,Miles Bridges,1610612766,CHA,68,16,52,37.4,0.9,0.5,6.3,2.5,3.9,0.66
2023-24,1630540,Miles McBride,1610612752,NYK,68,42,26,19.5,0.7,0.1,1.0,0.9,1.5,0.61
2023-24,1629011,Mitchell Robinson,1610612752,NYK,31,19,12,24.8,1.2,1.1,3.9,3.0,4.5,0.657
2023-24,1628964,Mo Bamba,1610612755,PHI,56,29,27,12.9,0.4,1.0,2.8,2.1,3.5,0.603
2023-24,1628420,Monte Morris,1610612750,MIN,33,21,12,14.4,0.6,0.3,1.5,0.7,0.9,0.71
2023-24,1629021,Moritz Wagner,1610612753,ORL,80,46,34,17.7,0.5,0.3,2.9,1.6,2.5,0.626
2023-24,1629650,Moses Brown,1610612757,POR,22,4,18,9.1,0.2,0.3,2.2,1.0,2.0,0.5
2023-24,1630541,Moses Moody,1610612744,GSW,65,38,27,17.4,0.6,0.4,2.0,0.9,1.5,0.612
2023-24,1631338,Mouhamadou Gueye,1610612761,TOR,11,0,11,10.9,0.3,1.6,1.0,2.3,4.1,0.556
2023-24,1631243,Mouhamed Gueye,1610612737,ATL,6,2,4,12.1,0.8,0.7,2.0,0.8,1.2,0.714
2023-24,1631217,Moussa Diabate,1610612746,LAC,11,7,4,5.8,0.5,0.1,0.8,0.5,1.0,0.545
2023-24,1626167,Myles Turner,1610612754,IND,77,45,32,27.0,0.5,1.9,5.5,4.9,8.4,0.588
2023-24,1630230,Naji Marshall,1610612740,NOP,65,41,24,19.2,0.8,0.2,2.8,1.2,1.8,0.684
2023-24,1629642,Nassir Little,1610612756,PHX,45,28,17,10.2,0.2,0.2,1.4,0.9,1.4,0.661
2023-24,1630207,Nate Hinton,1610612745,HOU,15,8,7,5.0,0.2,0.1,1.0,0.2,0.3,0.75
2023-24,1631466,Nate Williams,1610612745,HOU,22,11,11,5.9,0.2,0.0,0.5,0.3,0.4,0.667
2023-24,1641877,Nathan Mensah,1610612766,CHA,25,3,22,12.3,0.2,0.6,1.4,1.8,2.6,0.703
2023-24,1629675,Naz Reid,1610612750,MIN,81,56,25,24.2,0.8,0.9,4.3,1.9,3.2,0.589
2023-24,1629674,Neemias Queta,1610612738,BOS,28,24,4,11.9,0.5,0.8,2.5,1.4,2.6,0.556
2023-24,1629651,Nic Claxton,1610612751,BKN,68,27,41,29.9,0.7,2.1,7.1,3.9,7.1,0.544
2023-24,1630208,Nick Richards,1610612766,CHA,66,13,53,26.2,0.4,1.1,5.5,3.4,5.4,0.627
2023-24,1641733,Nick Smith Jr.,1610612766,CHA,50,8,42,14.2,0.2,0.1,1.1,0.5,0.8,0.619
2023-24,1629638,Nickeil Alexander-Walker,1610612750,MIN,82,56,26,23.4,0.8,0.5,1.6,1.3,2.0,0.65
2023-24,201587,Nicolas Batum,1610612755,PHI,59,35,24,25.6,0.8,0.6,2.9,1.6,2.6,0.638
2023-24,203999,Nikola Jokic,1610612743,DEN,77,53,24,34.7,1.4,0.8,9.6,4.9,7.6,0.647
2023-24,1631107,Nikola Jovic,1610612748,MIA,46,24,22,19.5,0.5,0.3,3.6,1.9,2.8,0.672
2023-24,202696,Nikola Vucevic,1610612741,CHI,75,36,39,34.3,0.7,0.8,7.8,4.0,6.1,0.651
2023-24,1641730,Noah Clowney,1610612751,BKN,22,10,12,14.9,0.3,0.7,2.4,1.7,3.0,0.576
2023-24,1626181,Norman Powell,1610612746,LAC,75,47,28,26.2,0.6,0.3,2.4,1.4,1.9,0.748
2023-24,1628384,OG Anunoby,1610612752,NYK,50,31,19,34.0,1.4,0.7,3.2,2.0,3.2,0.639
2023-24,1630167,Obi Toppin,1610612754,IND,82,47,35,21.1,0.6,0.5,2.9,1.3,2.0,0.659
2023-24,1630534,Ochai Agbaji,1610612761,TOR,77,31,46,21.0,0.6,0.6,1.8,1.4,2.3,0.614
2023-24,1630846,Olivier Sarr,1610612760,OKC,15,8,7,6.5,0.0,0.5,1.7,0.8,1.3,0.6
2023-24,1641765,Olivier-Maxence Prosper,1610612742,DAL,40,24,16,8.4,0.2,0.1,1.4,0.7,1.1,0.578
2023-24,1630209,Omer Yurtseven,1610612762,UTA,47,17,30,11.5,0.2,0.4,2.9,1.5,2.4,0.622
2023-24,1641931,Onuralp Bitim,1610612741,CHI,22,11,11,11.7,0.1,0.1,1.2,0.5,0.5,0.833
2023-24,1630168,Onyeka Okongwu,1610612737,ATL,55,23,32,25.5,0.5,1.1,4.2,3.4,5.7,0.596
2023-24,1631115,Orlando Robinson,1610612748,MIA,36,20,16,8.4,0.2,0.2,1.6,1.2,1.9,0.6
2023-24,1631131,Oscar Tshiebwe,1610612754,IND,8,2,6,5.2,0.3,0.1,1.0,0.5,0.9,0.571
2023-24,1629052,Oshae Brissett,1610612738,BOS,55,46,9,11.5,0.3,0.1,1.8,0.7,1.1,0.672
2023-24,203490,Otto Porter Jr.,1610612761,TOR,15,6,9,11.6,0.3,0.3,1.5,1.1,1.8,0.593
2023-24,1631172,Ousmane Dieng,1610612760,OKC,33,21,12,11.1,0.2,0.2,1.2,0.9,1.4,0.689
2023-24,200782,P.J. Tucker,1610612746,LAC,31,13,18,15.7,0.5,0.2,1.8,1.2,1.5,0.8
2023-24,1629023,P.J. Washington,1610612742,DAL,72,29,43,30.4,1.0,0.8,4.5,2.6,4.1,0.625
2023-24,1631094,Paolo Banchero,1610612753,ORL,80,46,34,35.0,0.9,0.6,5.9,3.0,4.6,0.663
2023-24,1627783,Pascal Siakam,1610612754,IND,80,38,42,33.2,0.8,0.3,5.3,2.3,3.4,0.661
2023-24,1626192,Pat Connaughton,1610612749,MIL,76,45,31,22.1,0.5,0.3,2.5,1.4,1.9,0.74
2023-24,1630311,Pat Spencer,1610612744,GSW,5,4,1,4.8,0.0,0.0,0.4,0.2,0.6,0.333
2023-24,1631116,Patrick Baldwin Jr.,1610612764,WAS,38,6,32,13.0,0.5,0.4,2.8,1.2,2.1,0.603
2023-24,201976,Patrick Beverley,1610612749,MIL,73,43,30,20.0,0.6,0.4,2.6,1.0,1.6,0.625
2023-24,1630172,Patrick Williams,1610612741,CHI,43,19,24,27.3,0.9,0.8,2.8,1.7,2.4,0.716
2023-24,201988,Patty Mills,1610612748,MIA,32,15,17,13.0,0.6,0.0,0.8,0.6,0.8,0.8
2023-24,202331,Paul George,1610612746,LAC,73,47,26,33.7,1.5,0.5,4.7,2.4,3.7,0.643
2023-24,1630194,Paul Reed,1610612755,PHI,81,46,35,19.3,0.8,1.0,3.6,3.0,4.9,0.605
2023-24,1630202,Payton Pritchard,1610612738,BOS,81,63,18,22.3,0.5,0.1,2.4,0.9,1.2,0.745
2023-24,1631250,Pete Nance,1610612739,CLE,8,3,5,3.4,0.1,0.0,0.4,0.1,0.1,1.0
2023-24,1631212,Peyton Watson,1610612743,DEN,78,54,24,18.5,0.5,1.1,2.5,1.4,2.8,0.505
2023-24,1630173,Precious Achiuwa,1610612752,NYK,74,40,34,21.9,0.6,0.9,4.0,2.8,4.6,0.607
2023-24,1629656,Quentin Grimes,1610612765,DET,51,32,19,20.1,0.7,0.1,1.7,1.4,1.7,0.775
2023-24,1631245,Quenton Jackson,1610612754,IND,3,3,0,3.5,0.3,0.0,1.3,0.3,0.3,1.0
2023-24,1630181,R.J. Hampton,1610612748,MIA,8,3,5,9.5,0.0,0.0,0.5,1.4,1.5,0.917
2023-24,1629628,RJ Barrett,1610612761,TOR,58,26,32,31.7,0.5,0.4,4.5,2.2,3.3,0.663
2023-24,1630564,RaiQuan Gray,1610612759,SAS,3,2,1,13.0,0.3,0.3,1.7,0.7,1.7,0.4
2023-24,1641712,Rayan Rupert,1610612757,POR,38,6,32,16.3,0.3,0.1,1.8,0.8,1.2,0.711
2023-24,203493,Reggie Bullock Jr.,1610612745,HOU,44,24,20,9.5,0.3,0.1,1.5,0.8,1.0,0.857
2023-24,202704,Reggie Jackson,1610612743,DEN,80,55,25,22.4,0.6,0.2,1.5,1.4,2.0,0.696
2023-24,1626158,Richaun Holmes,1610612764,WAS,40,13,27,13.9,0.3,0.5,2.8,1.4,2.3,0.581
2023-24,1641741,Ricky Council IV,1610612755,PHI,31,14,17,9.1,0.3,0.0,1.0,0.6,0.9,0.655
2023-24,203496,Robert Covington,1610612755,PHI,29,20,9,16.8,1.3,0.6,2.3,1.4,1.9,0.741
2023-24,1629057,Robert Williams III,1610612757,POR,6,2,4,19.8,1.2,1.2,4.5,3.0,3.8,0.783
2023-24,201577,Robin Lopez,1610612749,MIL,16,10,6,4.0,0.1,0.2,0.1,0.4,0.8,0.5
2023-24,1631199,Ron Harper Jr.,1610612761,TOR,1,1,0,3.7,0.0,0.0,0.0,0.0,0.0,0.0
2023-24,1626220,Royce O'Neale,1610612756,PHX,77,38,39,24.6,0.8,0.5,4.0,1.9,2.7,0.69
2023-24,203497,Rudy Gobert,1610612750,MIN,76,53,23,34.1,0.7,2.1,9.2,3.8,7.3,0.52
2023-24,1629060,Rui Hachimura,1610612747,LAL,67,39,28,26.9,0.6,0.4,3.5,2.6,3.8,0.681
2023-24,201566,Russell Westbrook,1610612746,LAC,68,45,23,22.5,1.1,0.3,3.7,0.8,1.3,0.635
2023-24,1627853,Ryan Arcidiacono,1610612752,NYK,20,15,5,2.3,0.1,0.0,0.4,0.0,0.1,0.0
2023-24,1631157,Ryan Rollins,1610612749,MIL,13,1,12,6.0,0.8,0.2,0.8,0.3,0.7,0.444
2023-24,1630240,Saben Lee,1610612756,PHX,23,15,8,7.9,0.3,0.1,1.0,0.2,0.2,0.8
2023-24,1630180,Saddiq Bey,1610612737,ATL,63,28,35,32.7,0.8,0.2,3.9,1.7,2.3,0.709
2023-24,1630573,Sam Hauser,1610612738,BOS,78,61,17,22.1,0.5,0.3,2.9,1.5,2.4,0.607
2023-24,1630241,Sam Merrill,1610612739,CLE,61,36,25,17.5,0.3,0.1,1.6,0.8,1.2,0.64
2023-24,1630572,Sandro Mamukelashvili,1610612759,SAS,45,11,34,9.9,0.2,0.3,2.3,1.2,1.7,0.693
2023-24,1630583,Santi Aldama,1610612763,MEM,61,23,38,26.5,0.7,0.9,4.6,2.2,3.8,0.567
2023-24,1628426,Sasha Vezenkov,1610612758,SAC,42,22,20,12.2,0.5,0.2,1.6,1.0,1.5,0.667
2023-24,1630703,Scoot Henderson,1610612757,POR,61,17,44,28.5,0.8,0.2,2.3,2.2,2.9,0.774
2023-24,1630567,Scottie Barnes,1610612761,TOR,60,22,38,34.9,1.3,1.5,5.9,4.0,6.2,0.653
2023-24,1630590,Scotty Pippen Jr.,1610612763,MEM,21,5,16,25.1,1.7,0.5,2.1,1.4,2.0,0.698
2023-24,203552,Seth Curry,1610612766,CHA,44,25,19,14.0,0.5,0.1,1.1,0.8,0.9,0.825
2023-24,1641754,Seth Lundy,1610612737,ATL,9,2,7,5.8,0.0,0.0,0.7,0.7,1.1,0.6
2023-24,1631101,Shaedon Sharpe,1610612757,POR,32,8,24,33.1,0.9,0.4,3.7,1.8,2.8,0.64
2023-24,1628983,Shai Gilgeous-Alexander,1610612760,OKC,75,55,20,34.0,2.0,0.9,4.7,2.3,3.4,0.658
2023-24,1629003,Shake Milton,1610612752,NYK,48,32,16,12.1,0.4,0.1,1.3,0.7,0.9,0.786
2023-24,1627885,Shaquille Harrison,1610612763,MEM,3,1,2,2.0,0.0,0.3,0.7,0.7,0.7,1.0
2023-24,1631321,Sidy Cissoko,1610612759,SAS,12,5,7,11.7,0.6,0.3,1.2,0.8,1.2,0.714
2023-24,1631323,Simone Fontecchio,1610612765,DET,65,29,36,24.8,0.7,0.3,2.8,1.7,2.4,0.712
2023-24,1630219,Skylar Mays,1610612747,LAL,38,14,24,11.4,0.6,0.1,0.9,0.7,0.9,0.75
2023-24,203915,Spencer Dinwiddie,1610612747,LAL,75,38,37,28.3,0.7,0.3,2.3,1.3,1.7,0.808
2023-24,1630649,Stanley Umude,1610612765,DET,23,4,19,12.8,0.3,0.3,1.9,0.6,0.9,0.65
2023-24,201939,Stephen Curry,1610612744,GSW,74,43,31,32.7,0.7,0.4,4.0,1.4,1.9,0.752
2023-24,1629004,Svi Mykhailiuk,1610612738,BOS,41,32,9,10.1,0.3,0.0,1.0,0.5,0.6,0.792
2023-24,204456,T.J. McConnell,1610612754,IND,71,40,31,18.2,1.0,0.1,2.2,0.9,1.1,0.782
2023-24,203933,T.J. Warren,1610612750,MIN,11,7,4,11.3,0.4,0.1,1.5,0.4,0.4,1.0
2023-24,201959,Taj Gibson,1610612765,DET,20,8,12,10.2,0.2,0.4,1.3,0.7,1.2,0.609
2023-24,1629659,Talen Horton-Tucker,1610612762,UTA,50,14,36,20.0,0.9,0.4,2.0,0.9,1.5,0.635
2023-24,1631106,Tari Eason,1610612745,HOU,22,12,10,21.8,1.4,0.9,4.9,1.0,1.7,0.622
2023-24,1627752,Taurean Prince,1610612747,LAL,77,43,34,27.1,0.7,0.5,2.7,1.8,2.6,0.683
2023-24,1641707,Taylor Hendricks,1610612762,UTA,40,13,27,21.4,0.7,0.8,3.5,2.0,3.3,0.611
2023-24,1631386,Taze Moore,1610612757,POR,4,1,3,10.1,0.5,0.0,1.0,1.0,1.0,1.0
2023-24,1629611,Terance Mann,1610612746,LAC,74,46,28,25.0,0.6,0.2,2.2,1.4,2.0,0.716
2023-24,1631173,Terquavion Smith,1610612755,PHI,15,7,8,5.2,0.5,0.0,0.2,0.5,0.5,0.875
2023-24,1626179,Terry Rozier,1610612748,MIA,61,22,39,33.4,1.0,0.3,3.5,1.7,2.1,0.771
2023-24,1630678,Terry Taylor,1610612741,CHI,30,12,18,6.2,0.2,0.1,0.7,0.4,0.6,0.684
2023-24,201152,Thaddeus Young,1610612756,PHX,33,12,21,13.3,0.7,0.2,1.7,1.5,2.2,0.69
2023-24,203648,Thanasis Antetokounmpo,1610612749,MIL,34,21,13,4.6,0.2,0.1,0.2,0.2,0.4,0.5
2023-24,1630177,Theo Maledon,1610612756,PHX,17,5,12,12.5,0.4,0.0,1.2,0.6,0.8,0.769
2023-24,1628418,Thomas Bryant,1610612748,MIA,38,22,16,11.6,0.3,0.4,2.7,1.8,2.7,0.68
2023-24,203501,Tim Hardaway Jr.,1610612742,DAL,78,48,30,27.0,0.5,0.1,3.0,1.6,2.1,0.749
2023-24,1641851,Timmy Allen,1610612763,MEM,5,0,5,25.1,0.8,0.0,2.6,0.8,1.0,0.8
2023-24,202699,Tobias Harris,1610612755,PHI,69,40,29,33.9,1.0,0.7,5.3,2.2,2.9,0.734
2023-24,1628470,Torrey Craig,1610612741,CHI,52,22,30,19.9,0.6,0.4,2.8,1.5,2.3,0.65
2023-24,1641787,Tosan Evbuomwan,1610612765,DET,17,1,16,21.6,0.4,0.3,2.5,1.8,2.8,0.646
2023-24,1641739,Toumani Camara,1610612757,POR,69,18,51,24.7,0.9,0.5,2.9,1.9,3.1,0.612
2023-24,1629027,Trae Young,1610612737,ATL,54,22,32,36.0,1.3,0.2,2.3,1.4,1.6,0.852
2023-24,1631218,Trayce Jackson-Davis,1610612744,GSW,67,39,28,16.5,0.4,1.1,3.0,2.2,3.8,0.564
2023-24,1630200,Tre Jones,1610612759,SAS,76,20,56,27.7,1.0,0.1,3.0,1.2,1.5,0.781
2023-24,1630544,Tre Mann,1610612766,CHA,41,21,20,24.1,1.2,0.1,3.1,1.3,1.9,0.697
2023-24,1630570,Trendon Watford,1610612751,BKN,61,25,36,13.2,0.4,0.3,2.2,0.9,1.3,0.658
2023-24,1630235,Trent Forrest,1610612737,ATL,38,18,20,10.9,0.3,0.1,1.1,0.7,0.9,0.788
2023-24,1630243,Trevelin Queen,1610612753,ORL,14,5,9,11.8,0.5,0.4,1.2,0.4,1.6,0.227
2023-24,1641998,Trey Jemison,1610612763,MEM,25,5,20,23.0,0.5,1.1,2.8,2.2,3.7,0.598
2023-24,1626168,Trey Lyles,1610612758,SAC,58,33,25,20.0,0.3,0.3,3.4,1.6,2.4,0.659
2023-24,1630530,Trey Murphy III,1610612740,NOP,56,35,21,29.8,0.9,0.5,4.2,1.7,2.5,0.674
2023-24,202684,Tristan Thompson,1610612739,CLE,49,28,21,11.2,0.2,0.3,2.1,0.9,1.8,0.517
2023-24,1641774,Tristan Vukcevic,1610612764,WAS,10,3,7,15.3,0.5,0.7,3.0,2.0,3.2,0.625
2023-24,1628972,Troy Brown Jr.,1610612765,DET,58,30,28,14.2,0.4,0.1,2.1,1.1,1.5,0.744
2023-24,1629660,Ty Jerome,1610612739,CLE,2,1,1,7.4,0.0,0.0,0.0,0.5,0.5,1.0
2023-24,1631102,TyTy Washington Jr.,1610612749,MIL,11,5,6,5.1,0.3,0.0,0.4,0.2,0.5,0.4
2023-24,1629639,Tyler Herro,1610612748,MIA,42,23,19,33.5,0.7,0.1,4.8,1.8,2.5,0.74
2023-24,1630169,Tyrese Haliburton,1610612754,IND,69,40,29,32.2,1.2,0.7,3.4,1.5,2.0,0.752
2023-24,1630178,Tyrese Maxey,1610612755,PHI,69,42,27,37.6,1.0,0.5,3.2,1.5,2.0,0.766
2023-24,1626145,Tyus Jones,1610612764,WAS,66,11,55,29.3,1.1,0.3,2.4,1.0,1.2,0.829
2023-24,1628962,Udoka Azubuike,1610612756,PHX,16,12,4,7.1,0.1,0.4,1.3,0.8,1.3,0.6
2023-24,1630586,Usman Garuba,1610612744,GSW,6,5,1,3.0,0.2,0.5,0.7,0.2,0.7,0.25
2023-24,203995,Vasilije Micic,1610612766,CHA,59,33,26,19.4,0.5,0.1,1.2,0.9,1.1,0.803
2023-24,1641705,Victor Wembanyama,1610612759,SAS,71,19,52,29.7,1.2,3.6,8.4,4.2,7.9,0.529
2023-24,1631246,Vince Williams Jr.,1610612763,MEM,52,18,34,27.6,0.9,0.7,4.4,1.8,3.1,0.591
2023-24,1630249,Vit Krejci,1610612737,ATL,22,9,13,24.6,0.6,0.3,1.9,1.7,2.3,0.74
2023-24,1631117,Walker Kessler,1610612762,UTA,63,26,37,23.3,0.5,2.4,5.0,3.6,7.1,0.509
2023-24,1628976,Wendell Carter Jr.,1610612753,ORL,55,30,25,25.6,0.6,0.5,4.9,2.5,4.2,0.584
2023-24,1631111,Wendell Moore Jr.,1610612750,MIN,25,18,7,3.0,0.2,0.0,0.5,0.2,0.2,1.0
2023-24,1629117,Wenyen Gabriel,1610612763,MEM,5,1,4,16.2,0.4,0.4,3.6,1.4,2.4,0.583
2023-24,202083,Wesley Matthews,1610612737,ATL,36,11,25,11.5,0.4,0.3,1.2,0.6,0.9,0.697
2023-24,1629875,Xavier Moon,1610612746,LAC,14,7,7,8.5,0.2,0.2,0.7,1.0,1.1,0.875
2023-24,1630214,Xavier Tillman,1610612738,BOS,54,30,24,18.0,0.9,0.8,2.6,2.0,3.5,0.578
2023-24,1629139,Yuta Watanabe,1610612763,MEM,34,18,16,13.7,0.4,0.2,1.3,0.9,1.5,0.615
2023-24,1628380,Zach Collins,1610612759,SAS,68,18,50,22.1,0.5,0.8,3.7,3.7,6.4,0.583
2023-24,203897,Zach LaVine,1610612741,CHI,25,10,15,34.9,0.8,0.3,4.8,1.3,2.2,0.611
2023-24,1630285,Zavier Simpson,1610612763,MEM,7,1,6,23.1,1.0,0.4,2.3,1.0,1.4,0.7
2023-24,1630192,Zeke Nnaji,1610612743,DEN,56,39,17,9.9,0.3,0.6,1.1,1.1,2.3,0.5
2023-24,1630533,Ziaire Williams,1610612763,MEM,51,20,31,20.3,0.7,0.2,2.8,1.2,1.9,0.643
2023-24,1629627,Zion Williamson,1610612740,NOP,69,42,27,31.6,1.1,0.7,4.1,1.7,2.8,0.619
