Season,PLAYER_ID,PLAYER_NAME,TEAM_ID,TEAM_ABBREVIATION,GP,W,L,MIN,DRIVES,DRIVE_FGM,DRIVE_FGA,DRIVE_FG_PCT,DRIVE_FTM,DRIVE_FTA,DRIVE_FT_PCT,DRIVE_PTS,DRIVE_PTS_PCT,DRIVE_PASSES,DRIVE_PASSES_PCT,DRIVE_AST,DRIVE_AST_PCT,DRIVE_TOV,DRIVE_TOV_PCT,DRIVE_PF,DRIVE_PF_PCT
2025-26,1630639,A.J. Lawson,1610612761,TOR,2,0,2,8.2,0.5,0.0,0.5,0.0,0.0,0.0,0.0,0.0,0.0,0.0,0.0,0.0,0.0,0.0,0.0,0.0,0.0
2025-26,1631260,AJ Green,1610612749,MIL,24,10,14,28.5,1.2,0.1,0.2,0.4,0.0,0.0,0.0,0.2,0.143,0.9,0.786,0.1,0.071,0.0,0.036,0.0,0.0
2025-26,1642358,AJ Johnson,1610612764,WAS,11,0,11,4.4,1.4,0.0,0.7,0.0,0.2,0.2,1.0,0.2,0.133,0.5,0.4,0.2,0.133,0.0,0.0,0.1,0.067
2025-26,203932,Aaron Gordon,1610612743,DEN,13,10,3,28.3,2.9,0.8,1.8,0.458,1.2,1.4,0.889,3.1,1.053,0.2,0.079,0.1,0.026,0.0,0.0,0.7,0.237
2025-26,1628988,Aaron Holiday,1610612745,HOU,20,15,5,16.0,3.0,0.7,1.2,0.583,0.4,0.4,0.875,1.9,0.644,1.4,0.458,0.3,0.085,0.1,0.034,0.2,0.068
2025-26,1630174,Aaron Nesmith,1610612754,IND,11,1,10,30.4,6.7,1.4,3.6,0.375,0.8,0.9,0.9,3.7,0.554,2.2,0.324,0.2,0.027,0.2,0.027,0.5,0.068
2025-26,1630598,Aaron Wiggins,1610612760,OKC,16,14,2,24.1,5.1,0.9,2.4,0.395,0.4,0.5,0.75,2.3,0.439,1.8,0.354,0.5,0.098,0.6,0.11,0.3,0.049
2025-26,1642846,Ace Bailey,1610612762,UTA,27,10,17,24.1,3.4,0.7,1.4,0.462,0.4,0.4,1.0,1.7,0.495,1.4,0.419,0.4,0.108,0.3,0.075,0.2,0.054
2025-26,1641737,Adem Bona,1610612755,PHI,19,13,6,16.5,0.5,0.1,0.2,0.333,0.1,0.2,0.5,0.2,0.4,0.3,0.5,0.0,0.0,0.0,0.0,0.1,0.2
2025-26,1642876,Adou Thiero,1610612747,LAL,11,7,4,5.5,0.6,0.1,0.3,0.333,0.0,0.0,0.0,0.3,0.429,0.2,0.286,0.0,0.0,0.2,0.286,0.0,0.0
2025-26,1642349,Ajay Mitchell,1610612760,OKC,28,25,3,26.2,11.4,2.8,5.4,0.52,1.2,1.4,0.85,7.1,0.625,4.3,0.378,0.9,0.075,0.7,0.059,0.8,0.066
2025-26,201143,Al Horford,1610612744,GSW,13,7,6,21.5,1.0,0.2,0.4,0.6,0.2,0.2,1.0,0.6,0.615,0.5,0.462,0.1,0.077,0.1,0.077,0.1,0.077
2025-26,1627936,Alex Caruso,1610612760,OKC,19,17,2,18.8,1.3,0.2,0.6,0.25,0.1,0.1,1.0,0.4,0.333,0.5,0.417,0.2,0.125,0.1,0.042,0.1,0.042
2025-26,1642259,Alex Sarr,1610612764,WAS,18,3,15,29.2,6.0,1.8,4.1,0.438,0.4,0.7,0.667,4.2,0.694,1.3,0.213,0.4,0.074,0.3,0.046,0.4,0.065
2025-26,1642918,Alijah Martin,1610612761,TOR,2,0,2,3.3,0.0,0.0,0.0,0.0,0.0,0.0,0.0,0.0,0.0,0.0,0.0,0.0,0.0,0.0,0.0,0.0,0.0
2025-26,1630578,Alperen Sengun,1610612745,HOU,23,16,7,35.9,9.5,2.7,5.2,0.513,1.4,1.6,0.865,6.8,0.717,2.3,0.247,0.7,0.068,1.0,0.105,0.9,0.091
2025-26,1642873,Amari Williams,1610612738,BOS,6,4,2,5.2,0.2,0.0,0.0,0.0,0.0,0.0,0.0,0.0,0.0,0.2,1.0,0.0,0.0,0.0,0.0,0.0,0.0
2025-26,1641708,Amen Thompson,1610612745,HOU,25,17,8,36.7,11.6,2.1,4.9,0.434,1.2,1.3,0.906,5.5,0.474,5.0,0.433,1.0,0.086,0.8,0.072,0.6,0.055
2025-26,1629599,Amir Coffey,1610612749,MIL,20,9,11,7.9,0.5,0.2,0.3,0.5,0.0,0.0,0.0,0.3,0.6,0.2,0.3,0.1,0.1,0.0,0.0,0.0,0.0
2025-26,203083,Andre Drummond,1610612755,PHI,26,16,10,21.9,0.2,0.0,0.1,0.0,0.0,0.0,0.0,0.0,0.0,0.1,0.5,0.0,0.0,0.0,0.0,0.0,0.0
2025-26,1641748,Andre Jackson Jr.,1610612749,MIL,13,4,9,7.1,1.0,0.1,0.2,0.333,0.0,0.0,0.0,0.2,0.154,0.7,0.692,0.3,0.308,0.1,0.077,0.0,0.0
2025-26,1629614,Andrew Nembhard,1610612754,IND,20,4,16,31.3,14.0,2.8,5.5,0.505,2.3,2.7,0.849,8.0,0.573,6.0,0.427,1.7,0.118,0.7,0.05,1.4,0.097
2025-26,203952,Andrew Wiggins,1610612748,MIA,22,11,11,32.8,7.6,1.5,3.6,0.43,0.5,0.8,0.667,3.7,0.485,2.9,0.377,0.5,0.072,0.5,0.072,0.4,0.054
2025-26,1629014,Anfernee Simons,1610612738,BOS,28,17,11,24.0,4.7,1.6,2.9,0.537,0.4,0.4,1.0,3.7,0.788,1.4,0.288,0.3,0.061,0.1,0.03,0.2,0.038
2025-26,1641710,Anthony Black,1610612753,ORL,28,16,12,29.2,6.3,1.7,3.4,0.511,0.8,1.3,0.657,4.4,0.699,1.5,0.244,0.4,0.057,0.5,0.074,0.6,0.102
2025-26,203076,Anthony Davis,1610612742,DAL,13,7,6,30.5,4.2,1.3,3.1,0.425,0.4,0.5,0.833,3.0,0.709,0.5,0.109,0.2,0.036,0.5,0.109,0.2,0.055
2025-26,1630162,Anthony Edwards,1610612750,MIN,21,14,7,34.7,11.7,3.5,5.9,0.597,2.7,3.1,0.848,10.3,0.886,3.1,0.265,0.7,0.057,0.6,0.053,1.6,0.139
2025-26,1630264,Anthony Gill,1610612764,WAS,10,0,10,3.2,0.4,0.2,0.3,0.667,0.2,0.2,1.0,0.6,1.5,0.0,0.0,0.0,0.0,0.0,0.0,0.1,0.25
2025-26,1641810,Antonio Reeves,1610612766,CHA,6,1,5,8.8,1.8,0.5,0.8,0.6,0.0,0.0,0.0,1.0,0.545,1.0,0.545,0.2,0.091,0.0,0.0,0.0,0.0
2025-26,1630574,Ariel Hukporti,1610612752,NYK,17,13,4,9.0,0.1,0.1,0.1,1.0,0.0,0.0,0.0,0.1,1.0,0.1,0.5,0.1,0.5,0.0,0.0,0.0,0.0
2025-26,1642854,Asa Newell,1610612737,ATL,19,12,7,9.9,1.1,0.2,0.4,0.5,0.0,0.0,0.0,0.5,0.429,0.5,0.476,0.2,0.19,0.1,0.095,0.0,0.0
2025-26,1641709,Ausar Thompson,1610612765,DET,23,17,6,26.4,6.3,1.4,2.8,0.492,0.7,1.0,0.667,3.5,0.555,2.6,0.404,0.5,0.082,0.3,0.041,0.5,0.082
2025-26,1630559,Austin Reaves,1610612747,LAL,21,15,6,36.9,13.2,3.8,6.1,0.625,2.5,3.0,0.825,10.8,0.819,4.5,0.339,1.2,0.09,0.8,0.061,1.6,0.119
2025-26,1630245,Ayo Dosunmu,1610612741,CHI,21,9,12,27.2,8.0,1.8,3.7,0.481,0.8,0.9,0.842,4.6,0.571,3.3,0.417,0.5,0.06,0.4,0.048,0.5,0.065
2025-26,1628389,Bam Adebayo,1610612748,MIA,20,10,10,31.2,6.5,1.8,3.8,0.48,1.5,2.1,0.714,5.2,0.806,1.3,0.194,0.2,0.031,0.3,0.039,1.1,0.163
2025-26,1631248,Baylor Scheierman,1610612738,BOS,24,16,8,11.6,0.7,0.2,0.2,1.0,0.0,0.0,0.0,0.3,0.5,0.4,0.625,0.0,0.063,0.0,0.063,0.0,0.0
2025-26,1642879,Ben Saraf,1610612751,BKN,12,3,9,16.9,4.8,0.8,1.6,0.526,0.7,0.8,0.8,2.4,0.509,2.2,0.456,0.6,0.123,0.6,0.123,0.4,0.088
2025-26,1641767,Ben Sheppard,1610612754,IND,22,4,18,24.9,2.7,0.5,1.2,0.385,0.2,0.3,0.833,1.1,0.417,1.3,0.483,0.2,0.067,0.1,0.033,0.1,0.05
2025-26,1631097,Bennedict Mathurin,1610612754,IND,17,5,12,32.6,7.2,1.4,3.0,0.471,1.5,1.7,0.897,4.5,0.626,2.3,0.317,0.4,0.049,0.9,0.122,0.9,0.122
2025-26,1641731,Bilal Coulibaly,1610612764,WAS,13,2,11,26.8,4.5,0.6,1.4,0.444,0.8,1.1,0.714,2.1,0.458,1.9,0.424,0.3,0.068,0.5,0.102,0.5,0.119
2025-26,202687,Bismack Biyombo,1610612759,SAS,9,6,3,6.8,0.0,0.0,0.0,0.0,0.0,0.0,0.0,0.0,0.0,0.0,0.0,0.0,0.0,0.0,0.0,0.0,0.0
2025-26,1631104,Blake Wesley,1610612757,POR,6,4,2,16.3,6.7,1.2,2.0,0.583,0.2,0.3,0.5,2.7,0.4,4.0,0.6,1.3,0.2,0.2,0.025,0.2,0.025
2025-26,1626171,Bobby Portis,1610612749,MIL,27,11,16,22.4,1.4,0.4,1.0,0.462,0.0,0.1,0.5,0.9,0.641,0.4,0.256,0.0,0.026,0.0,0.026,0.0,0.026
2025-26,1641752,Bobi Klintman,1610612765,DET,6,5,1,8.8,1.3,0.2,0.5,0.333,0.0,0.0,0.0,0.3,0.25,0.2,0.125,0.0,0.0,0.7,0.5,0.0,0.0
2025-26,203992,Bogdan Bogdanović,1610612746,LAC,14,3,11,24.2,5.0,0.8,1.6,0.478,0.9,1.0,0.857,2.5,0.5,2.9,0.571,0.7,0.143,0.0,0.0,0.5,0.1
2025-26,1630538,Bones Hyland,1610612750,MIN,19,13,6,11.9,2.2,0.4,0.7,0.615,0.1,0.2,0.5,0.9,0.429,1.2,0.524,0.4,0.19,0.2,0.071,0.1,0.048
2025-26,203078,Bradley Beal,1610612746,LAC,6,2,4,20.2,3.2,0.2,1.7,0.1,0.3,0.3,1.0,0.7,0.211,0.8,0.263,0.5,0.158,0.3,0.105,0.2,0.053
2025-26,1642382,Branden Carlson,1610612760,OKC,18,17,1,10.3,0.1,0.0,0.1,0.0,0.0,0.0,0.0,0.0,0.0,0.0,0.0,0.0,0.0,0.0,0.0,0.0,0.0
2025-26,1641764,Brandin Podziemski,1610612744,GSW,29,14,15,27.8,6.2,1.1,2.2,0.477,0.9,1.1,0.844,3.1,0.497,2.8,0.453,0.8,0.123,0.4,0.061,0.6,0.089
2025-26,1629634,Brandon Clarke,1610612763,MEM,2,1,1,10.2,2.5,0.0,1.0,0.0,0.0,0.0,0.0,0.0,0.0,1.5,0.6,0.0,0.0,0.0,0.0,0.0,0.0
2025-26,1627742,Brandon Ingram,1610612761,TOR,29,17,12,34.3,9.9,2.4,4.6,0.526,1.3,1.8,0.75,6.3,0.64,3.2,0.325,0.6,0.059,1.0,0.101,0.9,0.091
2025-26,1641706,Brandon Miller,1610612766,CHA,12,6,6,29.0,9.4,1.8,4.8,0.379,1.3,1.5,0.889,5.2,0.549,3.0,0.319,0.6,0.062,0.8,0.08,0.8,0.08
2025-26,1630314,Brandon Williams,1610612742,DAL,26,10,16,22.2,12.2,2.1,4.7,0.447,1.6,2.0,0.788,5.9,0.484,5.1,0.418,1.1,0.091,0.7,0.057,1.0,0.082
2025-26,1641729,Brice Sensabaugh,1610612762,UTA,26,9,17,16.4,2.9,0.7,1.3,0.576,0.7,0.7,0.944,2.2,0.76,0.9,0.32,0.3,0.107,0.2,0.067,0.4,0.133
2025-26,1642355,Bronny James,1610612747,LAL,14,8,6,8.9,1.6,0.2,0.6,0.333,0.0,0.0,0.0,0.4,0.273,0.7,0.455,0.4,0.273,0.2,0.136,0.0,0.0
2025-26,201572,Brook Lopez,1610612746,LAC,21,6,15,14.7,0.7,0.1,0.3,0.429,0.0,0.0,0.0,0.3,0.467,0.2,0.267,0.0,0.0,0.2,0.267,0.0,0.0
2025-26,1642964,Brooks Barnhizer,1610612760,OKC,17,16,1,7.7,0.9,0.2,0.3,0.6,0.0,0.0,0.0,0.4,0.467,0.5,0.6,0.2,0.2,0.1,0.067,0.0,0.0
2025-26,1628971,Bruce Brown,1610612743,DEN,27,20,7,24.3,3.0,0.4,1.4,0.289,0.3,0.3,1.0,1.1,0.378,1.3,0.415,0.4,0.146,0.1,0.049,0.1,0.049
2025-26,1631121,Bryce McGowens,1610612740,NOP,18,4,14,17.2,3.4,0.9,2.3,0.405,0.6,0.8,0.786,2.7,0.774,0.6,0.177,0.2,0.065,0.1,0.016,0.4,0.113
2025-26,1642267,Bub Carrington,1610612764,WAS,26,5,21,27.4,3.8,0.6,2.0,0.294,0.2,0.4,0.6,1.4,0.36,1.4,0.37,0.5,0.14,0.2,0.06,0.2,0.05
2025-26,1627741,Buddy Hield,1610612744,GSW,28,13,15,18.4,1.9,0.4,0.7,0.579,0.1,0.1,1.0,1.0,0.509,1.0,0.528,0.3,0.17,0.1,0.057,0.1,0.038
2025-26,203468,CJ McCollum,1610612764,WAS,26,5,21,30.7,8.4,2.3,4.7,0.5,0.5,0.6,0.813,5.3,0.638,2.9,0.344,0.7,0.083,0.3,0.041,0.3,0.037
2025-26,1630595,Cade Cunningham,1610612765,DET,24,18,6,36.1,17.3,4.3,8.8,0.49,2.5,3.0,0.836,11.4,0.662,6.2,0.357,1.5,0.085,0.6,0.034,1.5,0.089
2025-26,1631216,Caleb Houstan,1610612737,ATL,8,5,3,5.4,0.4,0.0,0.1,0.0,0.0,0.0,0.0,0.0,0.0,0.1,0.333,0.0,0.0,0.0,0.0,0.0,0.0
2025-26,1631126,Caleb Love,1610612757,POR,20,8,12,17.0,4.9,1.0,2.3,0.435,0.3,0.4,0.625,2.3,0.464,2.1,0.433,0.5,0.093,0.3,0.052,0.2,0.041
2025-26,1628997,Caleb Martin,1610612742,DAL,22,8,14,9.1,1.5,0.1,0.6,0.154,0.1,0.1,1.0,0.3,0.212,0.6,0.394,0.1,0.091,0.1,0.091,0.0,0.03
2025-26,1642353,Cam Christie,1610612746,LAC,17,3,14,11.0,2.0,0.2,1.0,0.235,0.6,0.7,0.833,1.1,0.529,0.5,0.265,0.1,0.029,0.1,0.029,0.4,0.176
2025-26,1642285,Cam Spencer,1610612763,MEM,27,12,15,22.3,5.0,0.7,1.4,0.462,0.6,0.7,0.889,2.0,0.39,2.9,0.566,0.6,0.125,0.3,0.059,0.3,0.066
2025-26,1630560,Cam Thomas,1610612751,BKN,8,1,7,28.3,12.8,3.1,7.3,0.431,2.5,2.8,0.909,9.3,0.725,2.9,0.225,0.6,0.049,0.9,0.069,1.4,0.108
2025-26,1641715,Cam Whitmore,1610612764,WAS,21,3,18,16.9,2.2,0.6,1.5,0.375,0.1,0.4,0.375,1.3,0.574,0.3,0.149,0.1,0.064,0.1,0.064,0.2,0.085
2025-26,1629661,Cameron Johnson,1610612743,DEN,26,19,7,30.9,2.8,0.4,1.0,0.37,0.3,0.5,0.667,1.2,0.431,1.2,0.431,0.4,0.139,0.3,0.111,0.2,0.083
2025-26,1627747,Caris LeVert,1610612765,DET,22,17,5,20.6,5.3,1.0,2.3,0.42,0.3,0.4,0.875,2.3,0.431,2.3,0.431,0.8,0.147,0.4,0.078,0.2,0.034
2025-26,1642868,Carter Bryant,1610612759,SAS,20,16,4,7.9,0.7,0.1,0.3,0.2,0.1,0.1,0.5,0.2,0.214,0.3,0.357,0.1,0.071,0.1,0.143,0.1,0.071
2025-26,1641717,Cason Wallace,1610612760,OKC,27,24,3,27.7,4.3,0.5,1.7,0.298,0.0,0.0,0.0,1.1,0.248,2.1,0.487,0.4,0.085,0.3,0.068,0.0,0.0
2025-26,1642907,Cedric Coward,1610612763,MEM,28,13,15,27.2,5.7,1.3,2.9,0.45,0.7,0.9,0.833,3.3,0.575,1.9,0.331,0.5,0.088,0.4,0.075,0.4,0.075
2025-26,1629646,Charles Bassey,1610612763,MEM,2,0,2,15.3,0.5,0.0,0.5,0.0,0.0,0.0,0.0,0.0,0.0,0.0,0.0,0.0,0.0,0.0,0.0,0.0,0.0
2025-26,1642404,Chaz Lanier,1610612765,DET,13,12,1,10.3,0.4,0.1,0.2,0.5,0.0,0.0,0.0,0.2,0.4,0.2,0.6,0.1,0.2,0.0,0.0,0.0,0.0
2025-26,1631096,Chet Holmgren,1610612760,OKC,24,22,2,28.7,4.8,1.3,2.2,0.604,1.0,1.1,0.962,3.8,0.798,1.5,0.325,0.4,0.088,0.3,0.053,0.5,0.114
2025-26,1628449,Chris Boucher,1610612738,BOS,8,3,5,11.3,0.1,0.0,0.0,0.0,0.0,0.0,0.0,0.0,0.0,0.1,1.0,0.0,0.0,0.0,0.0,0.0,0.0
2025-26,1641753,Chris Livingston,1610612739,CLE,3,2,1,5.8,0.7,0.7,0.7,1.0,0.0,0.0,0.0,1.3,2.0,0.0,0.0,0.0,0.0,0.0,0.0,0.0,0.0
2025-26,1643024,Chris Mañon,1610612747,LAL,2,1,1,3.5,0.5,0.0,0.0,0.0,0.0,0.0,0.0,0.0,0.0,0.5,1.0,0.0,0.0,0.0,0.0,0.0,0.0
2025-26,101108,Chris Paul,1610612746,LAC,16,4,12,14.2,1.9,0.4,1.0,0.375,0.0,0.0,0.0,0.8,0.387,0.7,0.355,0.2,0.097,0.2,0.097,0.0,0.0
2025-26,1642959,Chris Youngblood,1610612760,OKC,19,19,0,5.6,0.3,0.0,0.2,0.0,0.1,0.1,1.0,0.1,0.333,0.1,0.333,0.1,0.167,0.0,0.0,0.1,0.167
2025-26,1631128,Christian Braun,1610612743,DEN,11,9,2,29.6,2.7,0.5,1.1,0.5,0.1,0.2,0.5,1.2,0.433,1.3,0.467,0.5,0.167,0.3,0.1,0.1,0.033
2025-26,1631132,Christian Koloko,1610612747,LAL,2,1,1,3.2,0.0,0.0,0.0,0.0,0.0,0.0,0.0,0.0,0.0,0.0,0.0,0.0,0.0,0.0,0.0,0.0,0.0
2025-26,1642935,Chucky Hepburn,1610612761,TOR,2,0,2,6.6,2.0,0.0,0.5,0.0,0.0,0.0,0.0,0.0,0.0,1.0,0.5,0.0,0.0,0.5,0.25,0.0,0.0
2025-26,203991,Clint Capela,1610612745,HOU,23,15,8,11.2,0.3,0.0,0.2,0.25,0.0,0.0,0.0,0.1,0.25,0.1,0.375,0.0,0.0,0.0,0.125,0.0,0.0
2025-26,1629632,Coby White,1610612741,CHI,11,5,6,29.3,15.5,3.2,5.7,0.556,3.2,3.9,0.814,9.7,0.629,6.6,0.429,2.4,0.153,0.6,0.041,2.0,0.129
2025-26,1628998,Cody Martin,1610612754,IND,4,0,4,13.8,1.8,0.0,0.3,0.0,0.5,1.0,0.5,0.5,0.286,0.8,0.429,0.0,0.0,0.3,0.143,0.5,0.286
2025-26,1642262,Cody Williams,1610612762,UTA,15,5,10,12.8,1.5,0.5,0.9,0.5,0.0,0.0,0.0,0.9,0.636,0.4,0.273,0.1,0.091,0.1,0.045,0.0,0.0
2025-26,1641732,Colby Jones,1610612765,DET,1,0,1,6.8,1.0,1.0,1.0,1.0,0.0,0.0,0.0,2.0,2.0,0.0,0.0,0.0,0.0,0.0,0.0,0.0,0.0
2025-26,1630175,Cole Anthony,1610612749,MIL,24,10,14,16.2,7.6,1.8,3.4,0.524,0.1,0.1,1.0,3.8,0.495,3.6,0.473,0.9,0.121,0.3,0.038,0.0,0.005
2025-26,1631221,Collin Gillespie,1610612756,PHX,28,15,13,27.9,7.2,1.1,2.4,0.455,0.5,0.6,0.938,2.9,0.401,3.9,0.545,1.1,0.149,0.5,0.064,0.3,0.04
2025-26,1642867,Collin Murray-Boyles,1610612761,TOR,24,13,11,17.7,1.5,0.3,0.5,0.583,0.1,0.2,0.75,0.7,0.486,0.6,0.429,0.0,0.029,0.2,0.143,0.1,0.057
2025-26,1629012,Collin Sexton,1610612766,CHA,21,6,15,25.2,11.1,2.3,4.3,0.527,1.5,1.7,0.889,6.4,0.579,4.2,0.378,1.0,0.094,1.1,0.099,0.9,0.082
2025-26,1642843,Cooper Flagg,1610612742,DAL,28,11,17,34.3,12.0,3.7,6.7,0.556,1.6,1.9,0.846,9.2,0.767,3.4,0.281,0.7,0.057,0.7,0.057,1.0,0.081
2025-26,1630557,Corey Kispert,1610612764,WAS,17,2,15,19.9,2.5,0.6,1.0,0.647,0.4,0.5,0.875,1.8,0.738,1.1,0.429,0.4,0.143,0.1,0.048,0.2,0.095
2025-26,1641854,Craig Porter Jr.,1610612739,CLE,25,14,11,16.4,3.7,0.9,1.6,0.575,0.0,0.1,0.0,1.9,0.522,1.5,0.413,0.4,0.098,0.3,0.087,0.0,0.011
2025-26,1642938,Curtis Jones,1610612743,DEN,2,2,0,1.6,0.5,0.0,0.5,0.0,0.0,0.0,0.0,0.0,0.0,0.0,0.0,0.0,0.0,0.0,0.0,0.0,0.0
2025-26,1626156,D'Angelo Russell,1610612742,DAL,23,8,15,19.5,5.8,1.5,3.0,0.515,1.0,1.2,0.786,4.0,0.687,1.8,0.313,0.7,0.112,0.3,0.045,0.6,0.104
2025-26,1641747,DaRon Holmes II,1610612743,DEN,2,2,0,2.2,0.0,0.0,0.0,0.0,0.0,0.0,0.0,0.0,0.0,0.0,0.0,0.0,0.0,0.0,0.0,0.0,0.0
2025-26,1631342,Daeqwon Plowden,1610612758,SAC,1,0,1,14.0,0.0,0.0,0.0,0.0,0.0,0.0,0.0,0.0,0.0,0.0,0.0,0.0,0.0,0.0,0.0,0.0,0.0
2025-26,1631207,Dalen Terry,1610612741,CHI,16,7,9,10.8,2.4,0.3,0.7,0.455,0.0,0.1,0.0,0.6,0.256,1.5,0.615,0.4,0.154,0.1,0.051,0.1,0.026
2025-26,1642261,Dalton Knecht,1610612747,LAL,22,15,7,14.5,1.8,0.5,1.0,0.524,0.2,0.3,0.667,1.2,0.667,0.5,0.308,0.0,0.0,0.1,0.051,0.1,0.077
2025-26,1629655,Daniel Gafford,1610612742,DAL,18,5,13,21.4,0.7,0.3,0.6,0.5,0.1,0.1,1.0,0.7,1.0,0.0,0.0,0.0,0.0,0.1,0.077,0.1,0.077
2025-26,1642450,Daniss Jenkins,1610612765,DET,22,17,5,16.6,5.6,1.1,2.4,0.472,0.5,0.5,0.833,2.8,0.5,2.5,0.452,0.6,0.105,0.3,0.056,0.3,0.056
2025-26,1642874,Danny Wolf,1610612751,BKN,12,4,8,17.6,5.2,1.3,2.6,0.484,0.7,0.8,0.8,3.3,0.645,1.9,0.371,0.3,0.048,0.2,0.032,0.4,0.081
2025-26,203967,Dario Šarić,1610612758,SAC,5,1,4,8.3,0.0,0.0,0.0,0.0,0.0,0.0,0.0,0.0,0.0,0.0,0.0,0.0,0.0,0.0,0.0,0.0,0.0
2025-26,1629636,Darius Garland,1610612739,CLE,13,5,8,30.2,15.2,2.4,5.8,0.413,1.4,1.7,0.818,6.2,0.409,7.5,0.495,2.4,0.157,0.8,0.051,0.8,0.056
2025-26,1642357,David Jones Garcia,1610612759,SAS,10,6,4,6.7,2.8,0.8,1.5,0.533,0.1,0.4,0.25,1.9,0.679,0.9,0.321,0.3,0.107,0.1,0.036,0.2,0.071
2025-26,1630558,Davion Mitchell,1610612748,MIA,24,14,10,30.4,11.6,2.5,4.2,0.6,0.5,0.9,0.591,5.6,0.482,6.0,0.522,1.6,0.137,0.6,0.05,0.5,0.04
2025-26,1630549,Day'Ron Sharpe,1610612751,BKN,25,7,18,16.0,0.7,0.2,0.4,0.556,0.0,0.2,0.25,0.5,0.706,0.2,0.294,0.0,0.059,0.0,0.059,0.1,0.118
2025-26,1628368,De'Aaron Fox,1610612759,SAS,19,14,5,31.9,13.8,3.2,6.5,0.496,1.6,2.0,0.816,8.3,0.599,5.1,0.366,1.1,0.076,0.9,0.065,1.0,0.073
2025-26,1629631,De'Andre Hunter,1610612739,CLE,25,13,12,28.5,6.1,1.3,2.8,0.478,0.8,1.0,0.875,3.6,0.595,2.1,0.346,0.4,0.072,0.4,0.065,0.5,0.078
2025-26,1629001,De'Anthony Melton,1610612744,GSW,6,2,4,18.0,5.8,0.5,1.8,0.273,1.2,1.3,0.875,2.2,0.371,2.5,0.429,0.7,0.114,0.7,0.114,0.7,0.114
2025-26,201599,DeAndre Jordan,1610612740,NOP,2,0,2,11.7,0.0,0.0,0.0,0.0,0.0,0.0,0.0,0.0,0.0,0.0,0.0,0.0,0.0,0.0,0.0,0.0,0.0
2025-26,201942,DeMar DeRozan,1610612758,SAC,28,6,22,33.0,7.5,1.7,3.4,0.5,1.0,1.1,0.903,4.6,0.619,3.0,0.405,0.8,0.1,0.4,0.052,0.6,0.081
2025-26,1629731,Dean Wade,1610612739,CLE,27,14,13,22.7,1.5,0.1,0.3,0.286,0.1,0.1,1.0,0.3,0.195,1.1,0.732,0.2,0.122,0.1,0.049,0.1,0.049
2025-26,1629028,Deandre Ayton,1610612747,LAL,23,16,7,29.4,0.8,0.3,0.6,0.5,0.1,0.1,1.0,0.7,0.889,0.1,0.167,0.0,0.0,0.0,0.0,0.0,0.056
2025-26,1630166,Deni Avdija,1610612757,POR,28,12,16,34.7,19.8,2.9,5.8,0.503,3.6,4.1,0.878,9.9,0.498,10.1,0.513,2.7,0.135,1.4,0.069,2.1,0.105
2025-26,203471,Dennis Schröder,1610612758,SAC,21,5,16,28.8,10.3,1.7,4.5,0.368,1.1,1.3,0.821,4.6,0.444,4.4,0.426,1.1,0.106,0.4,0.042,0.7,0.065
2025-26,1641726,Dereck Lively II,1610612742,DAL,7,3,4,16.5,0.0,0.0,0.0,0.0,0.0,0.0,0.0,0.0,0.0,0.0,0.0,0.0,0.0,0.0,0.0,0.0,0.0
2025-26,1642852,Derik Queen,1610612740,NOP,29,7,22,25.7,6.3,2.0,4.0,0.509,1.1,1.4,0.762,5.3,0.836,1.0,0.153,0.2,0.038,0.4,0.06,0.7,0.115
2025-26,1627884,Derrick Jones Jr.,1610612746,LAC,13,4,9,24.9,1.6,0.5,0.8,0.636,0.1,0.3,0.25,1.5,0.905,0.4,0.238,0.1,0.048,0.1,0.048,0.2,0.143
2025-26,1628401,Derrick White,1610612738,BOS,27,16,11,33.4,6.8,1.6,3.7,0.426,0.5,0.6,0.875,3.9,0.574,2.3,0.339,0.6,0.082,0.4,0.06,0.3,0.044
2025-26,1630217,Desmond Bane,1610612753,ORL,28,16,12,33.7,11.4,3.1,5.9,0.524,1.0,1.1,0.967,7.5,0.664,4.0,0.349,0.9,0.082,0.6,0.053,0.5,0.047
2025-26,1626164,Devin Booker,1610612756,PHX,25,14,11,34.4,15.2,3.5,6.6,0.524,2.0,2.2,0.875,9.4,0.617,6.2,0.404,1.2,0.081,0.8,0.052,1.1,0.073
2025-26,1642269,Devin Carter,1610612758,SAC,9,1,8,9.5,3.0,0.1,1.0,0.111,0.4,0.4,1.0,0.7,0.222,1.4,0.481,0.6,0.185,0.2,0.074,0.2,0.074
2025-26,1630170,Devin Vassell,1610612759,SAS,27,20,7,32.0,4.3,0.7,2.0,0.377,0.3,0.4,0.9,1.8,0.422,1.7,0.405,0.3,0.069,0.2,0.043,0.2,0.043
2025-26,1628415,Dillon Brooks,1610612756,PHX,22,12,10,30.9,8.4,2.7,5.5,0.492,0.8,1.0,0.773,6.4,0.766,1.4,0.163,0.3,0.038,0.8,0.098,0.5,0.065
2025-26,1627734,Domantas Sabonis,1610612758,SAC,11,2,9,33.2,2.2,0.5,0.8,0.556,0.2,0.4,0.5,1.1,0.5,0.7,0.333,0.0,0.0,0.4,0.167,0.2,0.083
2025-26,1631230,Dominick Barlow,1610612755,PHI,18,11,7,26.5,3.0,0.8,1.2,0.636,0.7,0.8,0.857,2.3,0.759,1.0,0.333,0.3,0.111,0.2,0.074,0.4,0.13
2025-26,1642270,Donovan Clingan,1610612757,POR,24,12,12,25.7,0.3,0.0,0.2,0.25,0.0,0.0,0.0,0.1,0.286,0.1,0.286,0.0,0.0,0.0,0.143,0.0,0.0
2025-26,1628378,Donovan Mitchell,1610612739,CLE,26,14,12,34.4,13.8,3.8,6.2,0.609,1.2,1.5,0.816,9.0,0.655,5.4,0.39,1.3,0.097,0.9,0.064,0.7,0.053
2025-26,1628978,Donte DiVincenzo,1610612750,MIN,28,18,10,31.6,4.0,0.6,1.5,0.415,0.4,0.6,0.688,1.7,0.429,1.8,0.455,0.5,0.125,0.3,0.08,0.3,0.071
2025-26,203926,Doug McDermott,1610612758,SAC,2,0,2,5.5,0.0,0.0,0.0,0.0,0.0,0.0,0.0,0.0,0.0,0.0,0.0,0.0,0.0,0.0,0.0,0.0,0.0
2025-26,1642962,Drake Powell,1610612751,BKN,19,6,13,17.8,3.6,0.7,1.4,0.481,0.2,0.2,1.0,1.6,0.435,1.7,0.464,0.4,0.116,0.4,0.101,0.2,0.043
2025-26,203110,Draymond Green,1610612744,GSW,23,11,12,27.4,2.9,0.7,1.1,0.6,0.1,0.2,0.75,1.4,0.5,1.3,0.455,0.3,0.106,0.3,0.121,0.1,0.03
2025-26,1629234,Drew Eubanks,1610612758,SAC,25,6,19,14.4,0.6,0.0,0.2,0.167,0.1,0.2,0.75,0.2,0.357,0.2,0.286,0.0,0.0,0.1,0.143,0.1,0.143
2025-26,1641809,Drew Peterson,1610612766,CHA,6,1,5,10.7,1.2,0.2,0.5,0.333,0.2,0.3,0.5,0.5,0.429,0.5,0.429,0.2,0.143,0.0,0.0,0.2,0.143
2025-26,1631166,Drew Timme,1610612747,LAL,2,1,1,3.9,0.0,0.0,0.0,0.0,0.0,0.0,0.0,0.0,0.0,0.0,0.0,0.0,0.0,0.0,0.0,0.0,0.0
2025-26,1630696,Dru Smith,1610612748,MIA,26,14,12,17.3,3.5,0.8,1.7,0.5,0.6,0.8,0.8,2.3,0.659,1.0,0.275,0.2,0.055,0.3,0.088,0.4,0.11
2025-26,1629130,Duncan Robinson,1610612765,DET,25,20,5,30.1,2.5,0.5,1.1,0.464,0.2,0.2,1.0,1.3,0.508,1.2,0.46,0.3,0.111,0.1,0.048,0.1,0.048
2025-26,1641871,Duop Reath,1610612757,POR,22,11,11,8.1,0.5,0.1,0.3,0.429,0.0,0.1,0.5,0.3,0.583,0.2,0.333,0.0,0.083,0.0,0.0,0.0,0.083
2025-26,203939,Dwight Powell,1610612742,DAL,22,8,14,11.7,0.1,0.0,0.0,1.0,0.0,0.0,0.0,0.1,1.0,0.0,0.5,0.0,0.0,0.0,0.0,0.0,0.0
2025-26,1642928,Dylan Cardwell,1610612758,SAC,5,1,4,13.9,0.0,0.0,0.0,0.0,0.0,0.0,0.0,0.0,0.0,0.0,0.0,0.0,0.0,0.0,0.0,0.0,0.0
2025-26,1642844,Dylan Harper,1610612759,SAS,17,14,3,21.7,10.3,2.6,5.5,0.473,0.7,0.9,0.75,6.2,0.6,3.8,0.366,1.0,0.097,0.5,0.046,0.5,0.046
2025-26,1630700,Dyson Daniels,1610612737,ATL,29,15,14,33.7,11.7,1.8,4.1,0.425,0.2,0.3,0.6,3.8,0.324,6.4,0.55,1.7,0.141,0.6,0.053,0.2,0.015
2025-26,1630604,E.J. Liddell,1610612751,BKN,7,1,6,4.6,0.3,0.1,0.3,0.5,0.0,0.0,0.0,0.3,1.0,0.0,0.0,0.0,0.0,0.0,0.0,0.0,0.0
2025-26,1642856,Egor Dëmin,1610612751,BKN,24,7,17,23.1,3.6,0.6,1.4,0.424,0.1,0.1,1.0,1.3,0.349,1.8,0.512,0.6,0.163,0.2,0.058,0.0,0.012
2025-26,1641989,Elijah Harkless,1610612762,UTA,7,2,5,9.4,0.4,0.0,0.1,0.0,0.3,0.3,1.0,0.3,0.667,0.1,0.333,0.1,0.333,0.0,0.0,0.1,0.333
2025-26,1641801,Emanuel Miller,1610612741,CHI,5,0,5,6.6,1.0,0.2,0.6,0.333,0.2,0.4,0.5,0.6,0.6,0.2,0.2,0.0,0.0,0.0,0.0,0.2,0.2
2025-26,201569,Eric Gordon,1610612755,PHI,5,3,2,11.3,1.4,0.6,1.0,0.6,0.0,0.0,0.0,1.2,0.857,0.2,0.143,0.0,0.0,0.2,0.143,0.0,0.0
2025-26,1630679,Ethan Thompson,1610612754,IND,8,2,6,18.9,1.5,0.5,0.6,0.8,0.0,0.0,0.0,1.0,0.667,0.8,0.5,0.1,0.083,0.1,0.083,0.0,0.0
2025-26,1630596,Evan Mobley,1610612739,CLE,25,14,11,34.2,8.1,1.8,3.7,0.473,1.0,1.8,0.591,4.8,0.599,3.0,0.366,0.4,0.045,0.4,0.045,0.9,0.114
2025-26,1630532,Franz Wagner,1610612753,ORL,24,14,10,33.4,11.2,2.9,6.1,0.469,2.2,2.9,0.757,8.2,0.731,2.6,0.235,0.9,0.078,0.6,0.056,1.5,0.134
2025-26,1641713,GG Jackson,1610612763,MEM,8,4,4,6.8,2.0,0.5,1.0,0.5,0.3,0.5,0.5,1.4,0.688,0.8,0.375,0.1,0.063,0.0,0.0,0.3,0.125
2025-26,1629216,Gabe Vincent,1610612747,LAL,14,10,4,21.5,1.5,0.2,0.6,0.375,0.1,0.1,1.0,0.6,0.381,0.8,0.524,0.3,0.19,0.1,0.048,0.1,0.048
2025-26,202066,Garrett Temple,1610612761,TOR,6,3,3,3.4,0.3,0.0,0.2,0.0,0.0,0.0,0.0,0.0,0.0,0.0,0.0,0.0,0.0,0.0,0.0,0.0,0.0
2025-26,1629726,Garrison Mathews,1610612754,IND,13,4,9,14.2,0.8,0.1,0.2,0.5,0.5,0.6,0.875,0.7,0.818,0.3,0.364,0.2,0.182,0.0,0.0,0.3,0.364
2025-26,203914,Gary Harris,1610612749,MIL,18,6,12,14.1,0.8,0.1,0.4,0.286,0.1,0.1,1.0,0.3,0.429,0.3,0.357,0.1,0.143,0.1,0.071,0.1,0.071
2025-26,1627780,Gary Payton II,1610612744,GSW,27,13,14,11.9,0.7,0.2,0.4,0.5,0.0,0.0,0.0,0.4,0.632,0.3,0.368,0.0,0.053,0.0,0.0,0.0,0.0
2025-26,1629018,Gary Trent Jr.,1610612749,MIL,27,11,16,27.6,1.9,0.5,1.3,0.4,0.1,0.1,0.5,1.1,0.62,0.4,0.22,0.1,0.06,0.1,0.04,0.1,0.04
2025-26,203507,Giannis Antetokounmpo,1610612749,MIL,17,9,8,29.1,10.0,3.1,4.5,0.675,1.6,2.8,0.574,8.0,0.8,2.9,0.288,0.8,0.076,0.8,0.082,1.4,0.141
2025-26,1629048,Goga Bitadze,1610612753,ORL,27,16,11,16.8,0.1,0.0,0.0,1.0,0.0,0.0,0.0,0.1,1.0,0.0,0.333,0.0,0.0,0.0,0.333,0.0,0.0
2025-26,1641711,Gradey Dick,1610612761,TOR,29,17,12,15.7,2.0,0.3,0.9,0.32,0.1,0.1,0.75,0.7,0.368,0.8,0.421,0.2,0.105,0.2,0.088,0.1,0.035
2025-26,1628960,Grayson Allen,1610612756,PHX,18,9,9,31.0,11.3,1.7,3.7,0.448,1.3,1.7,0.767,4.7,0.417,6.2,0.549,1.6,0.137,0.3,0.029,0.8,0.074
2025-26,1627824,Guerschon Yabusele,1610612752,NYK,26,19,7,9.6,0.5,0.2,0.2,0.667,0.1,0.2,0.75,0.4,0.846,0.2,0.308,0.0,0.077,0.0,0.077,0.1,0.154
2025-26,1630611,Gui Santos,1610612744,GSW,22,10,12,9.1,1.2,0.2,0.3,0.571,0.0,0.0,0.0,0.4,0.296,0.7,0.556,0.3,0.259,0.1,0.111,0.0,0.0
2025-26,203084,Harrison Barnes,1610612759,SAS,27,20,7,30.2,4.2,1.4,2.4,0.591,0.7,0.7,0.95,3.7,0.886,1.0,0.246,0.4,0.088,0.2,0.053,0.4,0.088
2025-26,1631127,Harrison Ingram,1610612759,SAS,3,2,1,3.6,0.3,0.0,0.0,0.0,0.0,0.0,0.0,0.0,0.0,0.3,1.0,0.3,1.0,0.0,0.0,0.0,0.0
2025-26,1630529,Herbert Jones,1610612740,NOP,21,6,15,28.3,4.0,0.9,2.0,0.419,0.5,0.6,0.917,2.3,0.571,1.3,0.333,0.5,0.131,0.2,0.048,0.3,0.071
2025-26,1642864,Hugo González,1610612738,BOS,23,14,9,13.2,1.4,0.4,0.6,0.643,0.1,0.2,0.5,0.9,0.625,0.5,0.375,0.1,0.063,0.1,0.094,0.1,0.063
2025-26,1630621,Hunter Dickinson,1610612740,NOP,1,0,1,4.7,0.0,0.0,0.0,0.0,0.0,0.0,0.0,0.0,0.0,0.0,0.0,0.0,0.0,0.0,0.0,0.0,0.0
2025-26,1642282,Hunter Sallis,1610612755,PHI,6,3,3,4.2,1.8,0.3,0.7,0.5,0.2,0.3,0.5,0.8,0.455,0.8,0.455,0.0,0.0,0.2,0.091,0.2,0.091
2025-26,1641816,Hunter Tyson,1610612743,DEN,10,8,2,4.0,0.5,0.0,0.3,0.0,0.0,0.0,0.0,0.0,0.0,0.2,0.4,0.0,0.0,0.0,0.0,0.0,0.0
2025-26,1630193,Immanuel Quickley,1610612761,TOR,28,17,11,32.2,9.3,1.8,3.5,0.51,0.6,0.8,0.818,4.4,0.475,4.8,0.517,1.3,0.143,0.4,0.046,0.4,0.042
2025-26,1642403,Isaac Jones,1610612765,DET,4,2,2,4.6,0.0,0.0,0.0,0.0,0.0,0.0,0.0,0.0,0.0,0.0,0.0,0.0,0.0,0.0,0.0,0.0,0.0
2025-26,1630171,Isaac Okoro,1610612741,CHI,19,11,8,24.9,2.5,0.4,1.1,0.381,0.3,0.3,0.833,1.1,0.438,0.9,0.354,0.2,0.063,0.3,0.104,0.2,0.063
2025-26,1642268,Isaiah Collier,1610612762,UTA,19,7,12,22.0,8.4,1.4,3.1,0.448,0.8,1.2,0.682,3.8,0.459,4.2,0.497,1.2,0.145,0.4,0.05,0.6,0.069
2025-26,1642384,Isaiah Crawford,1610612745,HOU,2,1,1,2.3,0.0,0.0,0.0,0.0,0.0,0.0,0.0,0.0,0.0,0.0,0.0,0.0,0.0,0.0,0.0,0.0,0.0
2025-26,1628392,Isaiah Hartenstein,1610612760,OKC,21,18,3,27.4,0.9,0.3,0.5,0.545,0.0,0.1,0.5,0.6,0.684,0.2,0.263,0.1,0.158,0.1,0.105,0.0,0.053
2025-26,1630543,Isaiah Jackson,1610612754,IND,28,6,22,18.8,1.0,0.2,0.6,0.375,0.2,0.4,0.6,0.7,0.69,0.1,0.138,0.0,0.0,0.0,0.034,0.2,0.172
2025-26,1630198,Isaiah Joe,1610612760,OKC,19,17,2,22.7,2.8,0.2,0.5,0.4,0.5,0.5,0.9,1.1,0.377,1.8,0.642,0.4,0.151,0.1,0.038,0.3,0.113
2025-26,1630587,Isaiah Livers,1610612756,PHX,13,7,6,12.1,0.4,0.1,0.1,1.0,0.0,0.0,0.0,0.2,0.4,0.2,0.6,0.1,0.2,0.0,0.0,0.0,0.0
2025-26,1630191,Isaiah Stewart,1610612765,DET,24,18,6,22.6,0.8,0.2,0.4,0.556,0.1,0.1,1.0,0.5,0.632,0.2,0.263,0.1,0.105,0.2,0.211,0.0,0.053
2025-26,1627826,Ivica Zubac,1610612746,LAC,28,7,21,32.0,0.8,0.3,0.4,0.7,0.1,0.1,0.5,0.6,0.773,0.1,0.136,0.0,0.0,0.1,0.182,0.1,0.091
2025-26,1631120,JD Davison,1610612745,HOU,11,10,1,6.7,1.3,0.1,0.5,0.2,0.0,0.2,0.0,0.2,0.143,0.6,0.5,0.2,0.143,0.1,0.071,0.1,0.071
2025-26,1629630,Ja Morant,1610612763,MEM,14,5,9,28.0,14.9,2.9,7.5,0.381,2.6,2.9,0.925,8.6,0.579,4.5,0.301,1.4,0.091,0.9,0.057,1.5,0.1
2025-26,1642266,Ja'Kobe Walter,1610612761,TOR,26,16,10,16.5,1.0,0.2,0.4,0.364,0.0,0.1,0.0,0.3,0.346,0.3,0.346,0.1,0.077,0.2,0.154,0.0,0.038
2025-26,1631095,Jabari Smith Jr.,1610612745,HOU,24,16,8,34.6,3.5,0.8,1.6,0.513,0.5,0.6,0.929,2.3,0.667,1.1,0.321,0.2,0.048,0.4,0.107,0.3,0.095
2025-26,1631133,Jabari Walker,1610612755,PHI,26,16,10,14.0,1.0,0.1,0.3,0.333,0.1,0.2,0.5,0.3,0.296,0.5,0.444,0.2,0.148,0.1,0.111,0.1,0.074
2025-26,1631210,Jacob Toppin,1610612737,ATL,5,3,2,3.4,0.8,0.2,0.4,0.5,0.0,0.0,0.0,0.4,0.5,0.4,0.5,0.0,0.0,0.0,0.0,0.0,0.0
2025-26,1630702,Jaden Hardy,1610612742,DAL,21,6,15,10.5,2.9,0.4,1.3,0.296,0.4,0.5,0.8,1.1,0.4,1.0,0.333,0.2,0.067,0.3,0.117,0.2,0.083
2025-26,1631093,Jaden Ivey,1610612765,DET,12,8,4,14.8,3.0,0.6,1.0,0.583,0.1,0.2,0.5,1.3,0.444,1.6,0.528,0.3,0.111,0.3,0.083,0.1,0.028
2025-26,1630183,Jaden McDaniels,1610612750,MIN,27,17,10,33.1,6.7,2.1,4.0,0.514,0.7,0.8,0.909,5.0,0.742,1.7,0.253,0.7,0.099,0.4,0.06,0.4,0.06
2025-26,1630256,Jae'Sean Tate,1610612745,HOU,15,12,3,7.8,0.9,0.3,0.7,0.455,0.0,0.0,0.0,0.7,0.714,0.2,0.214,0.1,0.071,0.0,0.0,0.0,0.0
2025-26,1642942,Jahmai Mashack,1610612763,MEM,4,4,0,3.7,0.5,0.0,0.3,0.0,0.0,0.0,0.0,0.0,0.0,0.3,0.5,0.0,0.0,0.0,0.0,0.0,0.0
2025-26,1642443,Jahmir Young,1610612748,MIA,5,4,1,4.9,0.8,0.4,0.6,0.667,0.0,0.0,0.0,0.8,1.0,0.2,0.25,0.2,0.25,0.0,0.0,0.0,0.0
2025-26,1643141,Jahmyl Telfort,1610612746,LAC,8,2,6,4.0,0.3,0.0,0.0,0.0,0.0,0.3,0.0,0.0,0.0,0.1,0.5,0.0,0.0,0.0,0.0,0.1,0.5
2025-26,1631170,Jaime Jaquez Jr.,1610612748,MIA,26,14,12,30.0,14.8,2.9,6.0,0.481,1.2,1.6,0.714,7.0,0.477,6.8,0.464,1.8,0.125,0.7,0.049,0.8,0.057
2025-26,1631222,Jake LaRavia,1610612747,LAL,27,19,8,25.0,3.8,0.6,1.4,0.41,0.3,0.7,0.5,1.6,0.412,1.6,0.431,0.4,0.108,0.3,0.078,0.4,0.098
2025-26,1627751,Jakob Poeltl,1610612761,TOR,20,13,7,26.2,0.7,0.1,0.2,0.5,0.1,0.1,0.5,0.3,0.385,0.3,0.462,0.0,0.0,0.1,0.154,0.1,0.077
2025-26,1628973,Jalen Brunson,1610612752,NYK,25,18,7,35.1,15.7,4.6,9.0,0.513,1.8,2.1,0.865,11.4,0.725,4.9,0.313,1.0,0.066,0.5,0.031,1.0,0.066
2025-26,1631105,Jalen Duren,1610612765,DET,25,19,6,29.0,3.4,1.1,1.9,0.583,1.0,1.3,0.813,3.5,1.036,0.6,0.167,0.0,0.012,0.2,0.048,0.6,0.19
2025-26,1630224,Jalen Green,1610612756,PHX,2,2,0,14.9,5.0,1.5,2.5,0.6,0.0,1.0,0.0,3.5,0.7,2.0,0.4,0.5,0.1,0.0,0.0,0.5,0.1
2025-26,1630552,Jalen Johnson,1610612737,ATL,26,14,12,35.1,13.6,2.5,5.5,0.458,1.7,2.1,0.833,7.0,0.517,5.6,0.41,1.8,0.13,1.0,0.073,1.1,0.079
2025-26,1629618,Jalen Pickett,1610612743,DEN,13,11,2,11.0,2.2,0.2,0.4,0.4,0.0,0.0,0.0,0.4,0.172,1.8,0.793,0.3,0.138,0.1,0.034,0.0,0.0
2025-26,1630188,Jalen Smith,1610612741,CHI,22,12,10,16.7,1.1,0.4,0.7,0.563,0.0,0.0,0.0,0.8,0.72,0.3,0.24,0.0,0.04,0.1,0.12,0.0,0.0
2025-26,1630591,Jalen Suggs,1610612753,ORL,21,13,8,25.6,7.0,1.7,2.9,0.59,1.0,1.2,0.846,4.5,0.639,2.8,0.395,0.3,0.048,0.6,0.088,0.6,0.088
2025-26,1631114,Jalen Williams,1610612760,OKC,9,7,2,29.0,14.8,3.7,7.7,0.478,1.7,1.8,0.938,9.0,0.609,4.9,0.331,1.2,0.083,0.9,0.06,0.9,0.06
2025-26,1630592,Jalen Wilson,1610612751,BKN,20,4,16,14.0,2.7,0.5,1.2,0.435,0.5,0.5,0.9,1.5,0.566,1.0,0.377,0.0,0.0,0.2,0.057,0.3,0.094
2025-26,1631288,Jamal Cain,1610612753,ORL,5,4,1,6.3,1.0,0.4,0.4,1.0,0.2,0.4,0.5,1.0,1.0,0.2,0.2,0.2,0.2,0.2,0.2,0.2,0.2
2025-26,1627750,Jamal Murray,1610612743,DEN,26,19,7,35.0,12.0,3.2,6.0,0.529,1.0,1.2,0.833,7.7,0.641,4.5,0.378,1.4,0.115,0.6,0.051,0.6,0.048
2025-26,1642347,Jamal Shead,1610612761,TOR,29,17,12,20.2,5.8,0.6,1.6,0.362,0.6,0.8,0.708,1.8,0.311,3.3,0.569,1.1,0.186,0.4,0.072,0.4,0.072
2025-26,1631123,Jamaree Bouyea,1610612756,PHX,12,5,7,14.3,3.9,1.3,2.0,0.625,0.3,0.3,1.0,2.9,0.745,1.5,0.383,0.5,0.128,0.2,0.043,0.2,0.043
2025-26,201935,James Harden,1610612746,LAC,26,7,19,35.6,14.3,2.7,5.8,0.467,2.9,3.5,0.833,8.5,0.592,5.6,0.389,1.5,0.105,0.8,0.059,1.7,0.121
2025-26,1630164,James Wiseman,1610612754,IND,2,0,2,17.3,0.0,0.0,0.0,0.0,0.0,0.0,0.0,0.0,0.0,0.0,0.0,0.0,0.0,0.0,0.0,0.0,0.0
2025-26,1642364,Jamir Watkins,1610612764,WAS,10,2,8,12.0,0.5,0.2,0.2,1.0,0.2,0.2,1.0,0.6,1.2,0.2,0.4,0.0,0.0,0.0,0.0,0.1,0.2
2025-26,1642419,Jamison Battle,1610612761,TOR,19,12,7,7.8,0.4,0.1,0.2,0.667,0.0,0.0,0.0,0.2,0.571,0.2,0.571,0.0,0.0,0.0,0.0,0.0,0.0
2025-26,1641716,Jarace Walker,1610612754,IND,28,6,22,25.1,6.0,1.1,2.9,0.366,1.0,1.3,0.806,3.3,0.544,1.8,0.302,0.3,0.053,0.5,0.083,0.6,0.107
2025-26,1642272,Jared McCain,1610612755,PHI,18,10,8,18.6,5.7,0.9,2.6,0.34,0.6,0.7,0.833,2.4,0.422,2.3,0.402,0.4,0.078,0.3,0.049,0.3,0.059
2025-26,1628991,Jaren Jackson Jr.,1610612763,MEM,26,11,15,29.6,7.4,2.6,4.9,0.531,0.9,1.3,0.686,6.4,0.865,0.9,0.124,0.3,0.036,0.7,0.098,0.7,0.093
2025-26,1629020,Jarred Vanderbilt,1610612747,LAL,18,13,5,18.2,1.3,0.2,0.4,0.429,0.1,0.1,1.0,0.5,0.375,0.6,0.417,0.1,0.042,0.2,0.167,0.1,0.042
2025-26,1628386,Jarrett Allen,1610612739,CLE,18,9,9,26.2,1.9,0.7,1.3,0.522,0.2,0.2,0.75,1.6,0.824,0.3,0.147,0.1,0.059,0.2,0.088,0.1,0.059
2025-26,1642859,Jase Richardson,1610612753,ORL,17,8,9,8.4,2.2,0.6,1.2,0.476,0.2,0.4,0.5,1.4,0.649,0.7,0.324,0.2,0.108,0.0,0.0,0.2,0.081
2025-26,1642914,Javon Small,1610612763,MEM,8,4,4,12.4,2.3,0.1,0.8,0.167,0.0,0.0,0.0,0.3,0.111,1.1,0.5,0.3,0.111,0.3,0.111,0.0,0.0
2025-26,1631451,Javonte Cooke,1610612757,POR,5,1,4,6.1,1.0,0.0,0.4,0.0,0.0,0.0,0.0,0.0,0.0,0.6,0.6,0.2,0.2,0.0,0.0,0.0,0.0
2025-26,1629750,Javonte Green,1610612765,DET,27,21,6,18.6,1.1,0.2,0.6,0.294,0.1,0.2,0.667,0.6,0.484,0.3,0.258,0.0,0.0,0.1,0.065,0.1,0.097
2025-26,1629637,Jaxson Hayes,1610612747,LAL,24,17,7,17.7,0.4,0.1,0.2,0.6,0.1,0.2,0.5,0.3,0.889,0.0,0.111,0.0,0.111,0.0,0.0,0.1,0.222
2025-26,1630643,Jay Huff,1610612754,IND,28,6,22,19.4,1.6,0.4,0.7,0.6,0.1,0.1,1.0,1.1,0.682,0.5,0.341,0.0,0.023,0.1,0.091,0.1,0.045
2025-26,1627759,Jaylen Brown,1610612738,BOS,26,15,11,33.8,17.1,4.7,8.3,0.569,2.5,3.3,0.767,12.4,0.727,5.2,0.306,1.4,0.083,1.1,0.063,1.7,0.097
2025-26,1641740,Jaylen Clark,1610612750,MIN,25,17,8,14.7,1.0,0.2,0.5,0.333,0.3,0.5,0.583,0.7,0.68,0.2,0.16,0.0,0.0,0.1,0.08,0.2,0.24
2025-26,1642377,Jaylen Wells,1610612763,MEM,28,13,15,27.2,5.1,1.0,2.2,0.468,0.8,1.1,0.7,2.9,0.563,1.7,0.338,0.5,0.099,0.4,0.07,0.5,0.106
2025-26,1631119,Jaylin Williams,1610612760,OKC,25,23,2,18.3,1.1,0.2,0.2,0.667,0.1,0.2,0.75,0.5,0.464,0.6,0.536,0.2,0.179,0.2,0.179,0.1,0.071
2025-26,1642281,Jaylon Tyson,1610612739,CLE,24,12,12,28.2,2.2,0.5,0.8,0.684,0.0,0.0,0.0,1.1,0.519,1.2,0.558,0.3,0.115,0.2,0.077,0.0,0.0
2025-26,201145,Jeff Green,1610612745,HOU,10,9,1,4.8,0.1,0.1,0.1,1.0,0.0,0.0,0.0,0.2,2.0,0.0,0.0,0.0,0.0,0.0,0.0,0.0,0.0
2025-26,203924,Jerami Grant,1610612757,POR,26,11,15,30.4,10.4,1.9,4.5,0.415,1.8,2.4,0.774,6.0,0.579,3.4,0.325,0.6,0.059,0.9,0.089,1.3,0.129
2025-26,1642847,Jeremiah Fears,1610612740,NOP,29,7,22,27.2,12.2,2.7,5.8,0.461,0.9,1.2,0.794,6.6,0.535,4.9,0.403,0.7,0.059,0.6,0.051,0.6,0.048
2025-26,1630526,Jeremiah Robinson-Earl,1610612754,IND,17,4,13,17.6,1.4,0.1,0.6,0.091,0.2,0.2,1.0,0.4,0.261,0.5,0.391,0.1,0.043,0.1,0.043,0.1,0.087
2025-26,1631110,Jeremy Sochan,1610612759,SAS,19,13,6,15.9,1.6,0.3,0.5,0.667,0.2,0.2,0.75,0.8,0.5,0.8,0.533,0.2,0.133,0.2,0.1,0.1,0.067
2025-26,1630579,Jericho Sims,1610612749,MIL,21,7,14,15.3,0.2,0.1,0.1,1.0,0.0,0.0,0.0,0.2,0.8,0.1,0.4,0.0,0.0,0.0,0.0,0.0,0.0
2025-26,1641724,Jett Howard,1610612753,ORL,19,10,9,11.6,2.1,0.6,1.1,0.6,0.3,0.3,1.0,1.6,0.775,0.8,0.4,0.2,0.1,0.0,0.0,0.2,0.075
2025-26,1628975,Jevon Carter,1610612741,CHI,14,3,11,14.3,2.7,0.2,0.9,0.25,0.3,0.3,1.0,0.7,0.263,1.2,0.447,0.3,0.105,0.4,0.132,0.1,0.053
2025-26,202710,Jimmy Butler III,1610612744,GSW,25,13,12,31.4,12.1,1.9,3.7,0.516,2.2,2.7,0.824,6.4,0.526,5.9,0.49,1.2,0.099,0.8,0.066,1.4,0.113
2025-26,1642866,Joan Beringer,1610612750,MIN,9,6,3,4.1,0.1,0.0,0.0,0.0,0.0,0.0,0.0,0.0,0.0,0.1,1.0,0.0,0.0,0.0,0.0,0.0,0.0
2025-26,1629111,Jock Landale,1610612763,MEM,28,13,15,22.2,0.3,0.1,0.1,0.5,0.1,0.1,1.0,0.2,0.667,0.1,0.333,0.0,0.0,0.0,0.0,0.0,0.111
2025-26,204060,Joe Ingles,1610612750,MIN,8,4,4,2.9,0.3,0.0,0.0,0.0,0.0,0.0,0.0,0.0,0.0,0.3,1.0,0.0,0.0,0.0,0.0,0.0,0.0
2025-26,203954,Joel Embiid,1610612755,PHI,11,6,5,26.1,5.4,1.0,2.0,0.5,1.9,2.4,0.808,4.0,0.746,1.8,0.339,0.2,0.034,0.2,0.034,1.2,0.22
2025-26,1628381,John Collins,1610612746,LAC,28,7,21,27.1,3.2,0.9,1.9,0.444,0.4,0.4,0.833,2.1,0.674,0.6,0.18,0.1,0.022,0.4,0.135,0.2,0.067
2025-26,1629723,John Konchar,1610612763,MEM,22,11,11,13.0,0.6,0.0,0.1,0.333,0.1,0.1,1.0,0.2,0.308,0.4,0.692,0.1,0.154,0.0,0.0,0.0,0.077
2025-26,1641780,Johni Broome,1610612755,PHI,6,3,3,6.5,0.3,0.2,0.3,0.5,0.0,0.0,0.0,0.3,1.0,0.0,0.0,0.0,0.0,0.0,0.0,0.0,0.0
2025-26,1642277,Johnny Furphy,1610612754,IND,10,3,7,12.4,1.4,0.3,0.6,0.5,0.2,0.2,1.0,0.9,0.643,0.6,0.429,0.0,0.0,0.1,0.071,0.1,0.071
2025-26,1630548,Johnny Juzang,1610612750,MIN,8,6,2,2.8,0.5,0.0,0.1,0.0,0.1,0.3,0.5,0.1,0.25,0.3,0.5,0.0,0.0,0.0,0.0,0.1,0.25
2025-26,202685,Jonas Valančiūnas,1610612743,DEN,27,20,7,12.9,0.4,0.1,0.2,0.6,0.0,0.0,0.0,0.2,0.545,0.1,0.273,0.0,0.0,0.1,0.182,0.0,0.0
2025-26,1628371,Jonathan Isaac,1610612753,ORL,24,14,10,10.3,0.2,0.0,0.1,0.333,0.0,0.0,0.0,0.1,0.4,0.0,0.2,0.0,0.0,0.0,0.2,0.0,0.0
2025-26,1630228,Jonathan Kuminga,1610612744,GSW,18,9,9,24.8,7.2,1.4,3.2,0.431,0.8,1.1,0.75,3.7,0.508,2.6,0.354,0.4,0.062,0.7,0.1,0.6,0.077
2025-26,1642367,Jonathan Mogbo,1610612761,TOR,11,3,8,4.6,0.3,0.1,0.2,0.5,0.0,0.0,0.0,0.2,0.667,0.1,0.333,0.1,0.333,0.0,0.0,0.0,0.0
2025-26,203903,Jordan Clarkson,1610612752,NYK,27,19,8,20.0,5.6,1.3,2.7,0.493,0.6,0.9,0.667,3.4,0.599,1.8,0.316,0.5,0.086,0.5,0.092,0.4,0.079
2025-26,1630692,Jordan Goodwin,1610612756,PHX,25,14,11,21.0,3.8,0.8,1.8,0.435,0.0,0.0,0.0,1.6,0.426,1.4,0.372,0.4,0.117,0.5,0.138,0.0,0.0
2025-26,1641722,Jordan Hawkins,1610612740,NOP,23,4,19,13.9,1.4,0.2,0.5,0.333,0.1,0.2,0.75,0.5,0.344,0.7,0.531,0.2,0.125,0.0,0.031,0.1,0.063
2025-26,1629162,Jordan McLaughlin,1610612759,SAS,11,9,2,8.1,1.5,0.3,0.7,0.375,0.0,0.0,0.0,0.6,0.438,0.6,0.438,0.2,0.125,0.1,0.063,0.0,0.0
2025-26,1641757,Jordan Miller,1610612746,LAC,7,2,5,14.2,4.6,0.3,1.1,0.25,1.0,1.4,0.7,1.6,0.344,2.1,0.469,0.4,0.094,0.4,0.094,0.7,0.156
2025-26,1629673,Jordan Poole,1610612740,NOP,11,5,6,29.2,7.4,1.2,3.1,0.382,1.6,1.6,1.0,4.1,0.556,3.0,0.407,0.8,0.111,0.3,0.037,0.8,0.111
2025-26,1641775,Jordan Walsh,1610612738,BOS,24,16,8,21.0,1.4,0.3,0.7,0.438,0.0,0.0,0.0,0.6,0.424,0.6,0.455,0.1,0.091,0.1,0.061,0.0,0.0
2025-26,1630631,Jose Alvarado,1610612740,NOP,28,7,21,22.6,5.3,0.9,2.0,0.455,0.3,0.4,0.8,2.1,0.399,2.8,0.52,0.7,0.135,0.3,0.061,0.2,0.034
2025-26,1630581,Josh Giddey,1610612741,CHI,25,12,13,33.6,17.7,2.9,6.3,0.459,2.2,2.9,0.778,8.2,0.462,8.4,0.475,2.0,0.113,1.2,0.07,1.4,0.081
2025-26,1630182,Josh Green,1610612766,CHA,4,2,2,14.4,1.3,0.3,0.3,1.0,0.0,0.0,0.0,0.5,0.4,0.8,0.6,0.0,0.0,0.3,0.2,0.0,0.0
2025-26,1628404,Josh Hart,1610612752,NYK,25,17,8,29.9,5.3,1.5,2.6,0.561,0.4,0.5,0.75,3.4,0.652,1.8,0.341,0.8,0.144,0.4,0.083,0.2,0.045
2025-26,1631169,Josh Minott,1610612738,BOS,27,17,10,18.5,1.3,0.1,0.5,0.286,0.0,0.1,0.5,0.4,0.278,0.7,0.528,0.3,0.25,0.0,0.028,0.1,0.056
2025-26,1629006,Josh Okogie,1610612745,HOU,25,17,8,21.8,1.9,0.2,0.6,0.357,0.4,0.5,0.75,0.8,0.396,0.9,0.479,0.2,0.104,0.1,0.063,0.2,0.125
2025-26,201950,Jrue Holiday,1610612757,POR,12,6,6,33.4,12.5,2.1,4.5,0.463,0.4,0.5,0.833,4.7,0.373,6.8,0.547,1.9,0.153,0.7,0.053,0.3,0.02
2025-26,1630577,Julian Champagnie,1610612759,SAS,27,20,7,28.2,2.1,0.3,0.8,0.364,0.3,0.3,1.0,0.9,0.429,1.0,0.5,0.1,0.054,0.1,0.036,0.1,0.071
2025-26,1641763,Julian Phillips,1610612741,CHI,22,9,13,10.1,0.3,0.0,0.1,0.333,0.1,0.1,1.0,0.2,0.667,0.1,0.333,0.0,0.0,0.0,0.0,0.0,0.167
2025-26,1631124,Julian Strawther,1610612743,DEN,11,10,1,7.4,1.9,0.6,1.2,0.538,0.1,0.2,0.5,1.5,0.762,0.5,0.238,0.1,0.048,0.1,0.048,0.1,0.048
2025-26,203944,Julius Randle,1610612750,MIN,28,18,10,33.8,11.7,2.7,4.9,0.547,2.4,3.0,0.81,8.1,0.692,4.4,0.372,1.5,0.125,0.6,0.052,1.5,0.128
2025-26,1630551,Justin Champagnie,1610612764,WAS,24,4,20,14.8,0.7,0.1,0.3,0.25,0.3,0.3,1.0,0.5,0.706,0.2,0.294,0.1,0.118,0.0,0.0,0.2,0.235
2025-26,1642348,Justin Edwards,1610612755,PHI,24,16,8,16.6,2.3,0.5,1.0,0.522,0.3,0.3,0.875,1.3,0.582,0.8,0.364,0.3,0.109,0.2,0.091,0.2,0.073
2025-26,203994,Jusuf Nurkić,1610612762,UTA,25,8,17,24.4,1.0,0.2,0.4,0.444,0.2,0.3,0.75,0.6,0.56,0.3,0.32,0.0,0.0,0.1,0.12,0.2,0.16
2025-26,1642354,KJ Simpson,1610612766,CHA,14,5,9,15.9,4.2,0.9,2.6,0.324,0.3,0.4,0.667,2.1,0.492,1.1,0.271,0.6,0.153,0.1,0.034,0.2,0.051
2025-26,1626157,Karl-Anthony Towns,1610612752,NYK,25,17,8,33.3,7.6,2.2,4.2,0.509,2.3,2.6,0.891,6.8,0.895,1.4,0.183,0.3,0.037,0.6,0.073,1.3,0.168
2025-26,1631255,Karlo Matković,1610612740,NOP,19,6,13,11.5,0.3,0.0,0.1,0.0,0.0,0.0,0.0,0.0,0.0,0.2,0.8,0.0,0.0,0.0,0.0,0.0,0.0
2025-26,1642857,Kasparas Jakučionis,1610612748,MIA,3,2,1,14.7,3.0,0.0,1.0,0.0,0.7,0.7,1.0,0.7,0.222,1.3,0.444,0.3,0.111,0.3,0.111,0.3,0.111
2025-26,202695,Kawhi Leonard,1610612746,LAC,18,5,13,33.1,9.4,2.2,4.8,0.453,1.3,1.3,1.0,5.8,0.615,3.3,0.355,0.9,0.095,0.5,0.053,0.7,0.071
2025-26,1630811,Keaton Wallace,1610612737,ATL,26,14,12,13.7,3.2,0.5,1.2,0.4,0.2,0.3,0.5,1.1,0.349,1.7,0.53,0.4,0.133,0.1,0.036,0.2,0.048
2025-26,1631099,Keegan Murray,1610612758,SAC,13,3,10,37.6,6.6,2.1,3.8,0.551,0.5,0.9,0.5,4.6,0.698,1.8,0.267,0.2,0.035,0.4,0.058,0.5,0.07
2025-26,1642276,Kel'el Ware,1610612748,MIA,26,14,12,24.3,0.3,0.1,0.2,0.5,0.1,0.1,1.0,0.2,0.75,0.0,0.0,0.0,0.0,0.1,0.375,0.0,0.125
2025-26,1629640,Keldon Johnson,1610612759,SAS,27,20,7,23.2,5.2,1.7,2.7,0.644,0.5,0.7,0.722,4.1,0.8,1.6,0.314,0.4,0.071,0.4,0.079,0.3,0.064
2025-26,203482,Kelly Olynyk,1610612759,SAS,15,11,4,11.0,1.2,0.2,0.5,0.375,0.3,0.4,0.833,0.7,0.611,0.4,0.333,0.1,0.056,0.1,0.056,0.2,0.167
2025-26,1626162,Kelly Oubre Jr.,1610612755,PHI,12,7,5,34.8,4.9,2.0,3.4,0.585,0.8,1.0,0.75,5.1,1.034,0.5,0.102,0.2,0.034,0.4,0.085,0.5,0.102
2025-26,1629026,Kenrich Williams,1610612760,OKC,8,7,1,14.7,1.6,0.4,0.6,0.6,0.3,0.5,0.5,1.0,0.615,0.6,0.385,0.4,0.231,0.1,0.077,0.3,0.154
2025-26,203484,Kentavious Caldwell-Pope,1610612763,MEM,28,13,15,22.2,3.1,0.5,1.5,0.341,0.4,0.5,0.786,1.4,0.46,1.2,0.379,0.4,0.126,0.1,0.046,0.3,0.08
2025-26,1631165,Keon Ellis,1610612758,SAC,26,5,21,17.3,1.0,0.2,0.4,0.364,0.0,0.1,0.0,0.3,0.296,0.5,0.444,0.0,0.0,0.1,0.111,0.0,0.037
2025-26,1642352,Keshad Johnson,1610612748,MIA,11,6,5,10.9,1.8,0.3,0.6,0.429,0.0,0.0,0.0,0.5,0.3,0.9,0.5,0.0,0.0,0.3,0.15,0.0,0.0
2025-26,201142,Kevin Durant,1610612745,HOU,23,15,8,36.3,9.8,3.0,5.8,0.511,1.2,1.4,0.844,7.4,0.756,2.3,0.231,0.6,0.058,0.7,0.076,0.7,0.071
2025-26,1628989,Kevin Huerter,1610612741,CHI,22,11,11,24.0,4.1,1.0,1.9,0.512,0.8,0.8,0.944,2.7,0.659,1.5,0.374,0.3,0.066,0.3,0.066,0.4,0.099
2025-26,201567,Kevin Love,1610612762,UTA,17,5,12,16.0,0.4,0.0,0.1,0.0,0.2,0.2,0.75,0.2,0.5,0.1,0.167,0.0,0.0,0.1,0.167,0.1,0.333
2025-26,1641755,Kevin McCullar Jr.,1610612752,NYK,2,2,0,0.6,0.0,0.0,0.0,0.0,0.0,0.0,0.0,0.0,0.0,0.0,0.0,0.0,0.0,0.0,0.0,0.0,0.0
2025-26,1629645,Kevin Porter Jr.,1610612749,MIL,9,4,5,30.6,15.8,2.2,4.6,0.488,2.4,2.7,0.917,7.1,0.451,8.9,0.563,3.3,0.211,0.6,0.035,1.3,0.085
2025-26,1626172,Kevon Looney,1610612740,NOP,12,2,10,12.9,0.3,0.0,0.2,0.0,0.0,0.2,0.0,0.0,0.0,0.0,0.0,0.0,0.0,0.1,0.25,0.1,0.25
2025-26,1641718,Keyonte George,1610612762,UTA,27,10,17,34.2,10.9,2.8,6.1,0.455,2.4,2.5,0.971,8.2,0.755,2.6,0.241,0.6,0.058,0.6,0.051,1.3,0.119
2025-26,1642863,Khaman Maluach,1610612756,PHX,12,6,6,4.9,0.2,0.0,0.0,0.0,0.3,0.3,0.75,0.3,1.5,0.0,0.0,0.0,0.0,0.0,0.0,0.2,1.0
2025-26,203114,Khris Middleton,1610612764,WAS,17,4,13,25.6,5.1,1.2,2.0,0.618,0.1,0.1,1.0,2.6,0.506,2.6,0.506,0.6,0.126,0.3,0.057,0.1,0.011
2025-26,202691,Klay Thompson,1610612742,DAL,27,9,18,21.5,2.5,0.3,0.8,0.318,0.0,0.0,0.0,0.5,0.209,1.5,0.612,0.1,0.06,0.1,0.03,0.0,0.0
2025-26,1641738,Kobe Brown,1610612746,LAC,19,4,15,11.7,1.4,0.3,0.4,0.714,0.2,0.2,0.75,0.7,0.5,0.7,0.538,0.3,0.192,0.1,0.038,0.1,0.077
2025-26,1642920,Kobe Sanders,1610612746,LAC,20,5,15,19.4,3.6,0.6,1.1,0.524,0.5,0.5,0.9,1.6,0.437,1.9,0.521,0.4,0.099,0.4,0.113,0.3,0.07
2025-26,1642886,Koby Brea,1610612756,PHX,2,1,1,3.9,0.5,0.0,0.0,0.0,0.0,0.0,0.0,0.0,0.0,0.5,1.0,0.5,1.0,0.0,0.0,0.0,0.0
2025-26,1642851,Kon Knueppel,1610612766,CHA,28,9,19,34.0,10.2,2.1,3.5,0.592,0.9,0.9,0.923,5.0,0.493,5.0,0.493,1.0,0.098,1.0,0.094,0.5,0.045
2025-26,1627739,Kris Dunn,1610612746,LAC,28,7,21,26.7,4.3,0.8,1.3,0.595,0.4,0.6,0.667,2.0,0.475,2.3,0.533,0.5,0.117,0.3,0.067,0.3,0.075
2025-26,1631200,Kris Murray,1610612757,POR,26,10,16,25.1,3.7,0.7,1.2,0.563,0.2,0.4,0.4,1.5,0.421,2.0,0.537,0.2,0.063,0.2,0.063,0.2,0.053
2025-26,204001,Kristaps Porziņģis,1610612737,ATL,13,6,7,25.9,1.8,0.3,0.8,0.364,0.3,0.3,1.0,1.0,0.542,0.7,0.375,0.2,0.125,0.2,0.083,0.2,0.083
2025-26,203937,Kyle Anderson,1610612762,UTA,9,2,7,17.9,4.6,1.2,2.7,0.458,0.9,1.1,0.8,3.3,0.732,1.3,0.293,0.3,0.073,0.0,0.0,0.6,0.122
2025-26,1642271,Kyle Filipowski,1610612762,UTA,26,10,16,23.2,3.1,0.8,1.6,0.524,0.5,0.6,0.75,2.2,0.716,0.9,0.284,0.3,0.086,0.2,0.062,0.3,0.099
2025-26,1628398,Kyle Kuzma,1610612749,MIL,25,11,14,26.0,4.8,1.2,2.4,0.517,0.9,1.0,0.846,3.4,0.717,1.2,0.242,0.3,0.058,0.5,0.1,0.5,0.108
2025-26,200768,Kyle Lowry,1610612755,PHI,4,3,1,8.1,0.5,0.0,0.0,0.0,0.0,0.0,0.0,0.0,0.0,0.5,1.0,0.0,0.0,0.0,0.0,0.0,0.0
2025-26,1642273,Kyshawn George,1610612764,WAS,24,4,20,31.9,9.5,1.9,3.7,0.517,0.8,1.1,0.692,4.8,0.502,4.1,0.436,1.6,0.167,0.6,0.066,0.5,0.057
2025-26,1630163,LaMelo Ball,1610612766,CHA,18,6,12,28.6,12.7,3.1,6.9,0.444,1.1,1.2,0.909,7.6,0.594,4.2,0.328,1.2,0.092,0.8,0.066,0.6,0.048
2025-26,1642950,Lachlan Olbrich,1610612741,CHI,5,0,5,7.2,0.2,0.0,0.0,0.0,0.0,0.0,0.0,0.0,0.0,0.2,1.0,0.0,0.0,0.0,0.0,0.0,0.0
2025-26,1629013,Landry Shamet,1610612752,NYK,15,9,6,20.9,1.6,0.5,1.1,0.438,0.1,0.4,0.333,1.1,0.708,0.3,0.208,0.0,0.0,0.0,0.0,0.2,0.125
2025-26,1626204,Larry Nance Jr.,1610612739,CLE,16,10,6,15.0,0.4,0.1,0.1,0.5,0.0,0.0,0.0,0.1,0.286,0.3,0.571,0.0,0.0,0.1,0.143,0.0,0.0
2025-26,1628374,Lauri Markkanen,1610612762,UTA,24,10,14,35.3,5.3,1.3,2.8,0.47,1.3,1.4,0.941,4.1,0.78,1.5,0.283,0.3,0.055,0.3,0.047,0.7,0.134
2025-26,2544,LeBron James,1610612747,LAL,11,8,3,34.0,6.5,2.4,4.4,0.542,0.6,1.3,0.5,5.5,0.847,1.4,0.208,0.5,0.069,0.1,0.014,0.6,0.097
2025-26,1631159,Leonard Miller,1610612750,MIN,9,6,3,4.3,0.8,0.1,0.2,0.5,0.2,0.2,1.0,0.4,0.571,0.2,0.286,0.1,0.143,0.2,0.286,0.1,0.143
2025-26,1642862,Liam McNeeley,1610612766,CHA,18,6,12,14.1,2.2,0.4,0.9,0.412,0.4,0.4,1.0,1.2,0.55,0.8,0.35,0.3,0.125,0.2,0.1,0.2,0.1
2025-26,1630322,Lindy Waters III,1610612759,SAS,14,10,4,7.4,0.2,0.1,0.1,0.5,0.0,0.0,0.0,0.1,0.667,0.1,0.333,0.0,0.0,0.0,0.0,0.0,0.0
2025-26,1628366,Lonzo Ball,1610612739,CLE,22,11,11,23.9,2.1,0.2,0.4,0.444,0.0,0.0,0.0,0.4,0.17,1.5,0.702,0.5,0.213,0.2,0.085,0.0,0.0
2025-26,1629652,Luguentz Dort,1610612760,OKC,19,17,2,27.7,2.8,0.3,1.0,0.263,0.5,0.5,0.9,1.0,0.358,1.3,0.472,0.3,0.113,0.1,0.038,0.3,0.094
2025-26,1629029,Luka Dončić,1610612747,LAL,21,15,6,36.6,14.3,4.1,6.7,0.614,2.8,3.3,0.855,11.5,0.801,4.7,0.326,1.8,0.123,1.0,0.066,1.7,0.116
2025-26,1630568,Luka Garza,1610612738,BOS,20,12,8,13.7,0.1,0.0,0.1,0.0,0.0,0.0,0.0,0.0,0.0,0.0,0.0,0.0,0.0,0.0,0.0,0.0,0.0
2025-26,1628379,Luke Kennard,1610612737,ATL,26,13,13,20.6,3.7,0.4,0.8,0.5,0.3,0.3,0.875,1.0,0.281,2.5,0.667,0.5,0.146,0.2,0.063,0.2,0.042
2025-26,1628436,Luke Kornet,1610612759,SAS,19,15,4,24.9,0.1,0.0,0.0,0.0,0.0,0.0,0.0,0.0,0.0,0.1,1.0,0.0,0.0,0.0,0.0,0.0,0.0
2025-26,1631247,Luke Travers,1610612739,CLE,12,6,6,8.6,1.5,0.3,1.1,0.308,0.0,0.0,0.0,0.8,0.5,0.4,0.278,0.2,0.111,0.0,0.0,0.0,0.0
2025-26,1630644,Mac McClung,1610612754,IND,3,0,3,11.3,3.3,1.0,1.7,0.6,0.3,0.7,0.5,2.3,0.7,1.0,0.3,0.0,0.0,0.3,0.1,0.3,0.1
2025-26,1631103,Malaki Branham,1610612764,WAS,12,2,10,7.4,2.2,0.3,0.9,0.273,1.1,1.3,0.813,1.6,0.731,0.4,0.192,0.1,0.038,0.2,0.077,0.7,0.308
2025-26,1628370,Malik Monk,1610612758,SAC,23,5,18,23.9,6.8,1.3,3.8,0.341,0.8,1.0,0.818,3.4,0.5,2.0,0.295,0.4,0.058,0.3,0.045,0.5,0.071
2025-26,1631204,Marcus Sasser,1610612765,DET,4,3,1,4.7,0.3,0.3,0.3,1.0,0.0,0.0,0.0,0.5,2.0,0.0,0.0,0.0,0.0,0.0,0.0,0.0,0.0
2025-26,203935,Marcus Smart,1610612747,LAL,18,13,5,27.4,3.4,1.0,1.5,0.667,0.4,0.6,0.8,2.5,0.738,1.2,0.344,0.3,0.082,0.3,0.082,0.3,0.082
2025-26,1641813,Mark Sears,1610612749,MIL,7,1,6,3.7,1.7,0.3,0.7,0.4,0.3,0.3,1.0,0.9,0.5,0.7,0.417,0.1,0.083,0.1,0.083,0.1,0.083
2025-26,1631109,Mark Williams,1610612756,PHX,24,14,10,24.5,0.2,0.0,0.2,0.25,0.0,0.0,0.0,0.1,0.5,0.0,0.0,0.0,0.0,0.0,0.0,0.0,0.0
2025-26,1628963,Marvin Bagley III,1610612764,WAS,22,4,18,19.4,1.5,0.4,1.0,0.409,0.2,0.4,0.5,1.0,0.676,0.2,0.118,0.1,0.059,0.1,0.088,0.2,0.118
2025-26,203486,Mason Plumlee,1610612766,CHA,13,6,7,8.8,0.2,0.0,0.0,0.0,0.0,0.0,0.0,0.0,0.0,0.2,1.0,0.1,0.5,0.0,0.0,0.0,0.0
2025-26,1641824,Matas Buzelis,1610612741,CHI,27,12,15,28.1,6.2,1.8,3.3,0.544,0.8,1.0,0.808,4.6,0.744,1.6,0.256,0.3,0.048,0.6,0.089,0.5,0.083
2025-26,1629680,Matisse Thybulle,1610612757,POR,4,2,2,12.2,2.0,0.0,0.3,0.0,0.5,0.5,1.0,0.5,0.25,1.5,0.75,0.3,0.125,0.0,0.0,0.3,0.125
2025-26,1631108,Max Christie,1610612742,DAL,29,11,18,28.2,4.2,0.7,1.7,0.396,0.4,0.6,0.75,1.8,0.423,2.0,0.472,0.4,0.106,0.2,0.057,0.3,0.065
2025-26,1628467,Maxi Kleber,1610612747,LAL,12,7,5,13.0,0.6,0.2,0.2,1.0,0.3,0.3,1.0,0.7,1.143,0.2,0.286,0.1,0.143,0.1,0.143,0.2,0.286
2025-26,1642875,Maxime Raynaud,1610612758,SAC,20,5,15,20.0,0.8,0.2,0.6,0.273,0.0,0.0,0.0,0.4,0.467,0.2,0.2,0.0,0.0,0.1,0.067,0.0,0.0
2025-26,1642877,Micah Peavy,1610612740,NOP,23,4,19,16.0,2.5,0.4,1.2,0.321,0.2,0.3,0.667,1.0,0.404,1.0,0.421,0.4,0.158,0.0,0.018,0.1,0.053
2025-26,1629008,Michael Porter Jr.,1610612751,BKN,22,7,15,32.7,5.1,1.4,2.5,0.536,0.6,0.9,0.7,3.5,0.688,1.7,0.339,0.6,0.125,0.3,0.054,0.5,0.089
2025-26,1628969,Mikal Bridges,1610612752,NYK,27,19,8,34.9,7.6,1.3,2.9,0.456,0.4,0.6,0.688,3.1,0.41,4.0,0.522,0.9,0.122,0.3,0.034,0.3,0.039
2025-26,201144,Mike Conley,1610612750,MIN,24,15,9,19.1,2.7,0.3,0.8,0.316,0.2,0.3,0.833,0.7,0.266,1.7,0.625,0.5,0.203,0.1,0.031,0.1,0.047
2025-26,1628970,Miles Bridges,1610612766,CHA,28,9,19,34.6,11.4,3.1,6.5,0.47,2.0,2.4,0.838,8.3,0.724,2.9,0.257,0.8,0.072,0.5,0.041,1.3,0.11
2025-26,1642939,Miles Kelly,1610612742,DAL,2,1,1,5.6,0.0,0.0,0.0,0.0,0.0,0.0,0.0,0.0,0.0,0.0,0.0,0.0,0.0,0.0,0.0,0.0,0.0
2025-26,1630540,Miles McBride,1610612752,NYK,20,16,4,27.0,3.4,0.3,1.4,0.214,0.3,0.3,0.833,0.9,0.254,1.8,0.522,0.3,0.075,0.1,0.015,0.2,0.045
2025-26,1629011,Mitchell Robinson,1610612752,NYK,18,12,6,17.9,0.0,0.0,0.0,0.0,0.0,0.0,0.0,0.0,0.0,0.0,0.0,0.0,0.0,0.0,0.0,0.0,0.0
2025-26,1642885,Mohamed Diawara,1610612752,NYK,19,13,6,4.1,0.5,0.1,0.2,0.25,0.1,0.2,0.25,0.2,0.3,0.2,0.3,0.1,0.1,0.1,0.1,0.1,0.2
2025-26,1628420,Monte Morris,1610612754,IND,6,0,6,10.8,2.3,0.2,0.7,0.25,0.2,0.3,0.5,0.5,0.214,1.3,0.571,0.2,0.071,0.2,0.071,0.2,0.071
2025-26,1630541,Moses Moody,1610612744,GSW,27,12,15,24.7,3.4,0.6,1.6,0.405,0.6,0.6,0.938,1.9,0.554,1.3,0.37,0.3,0.076,0.2,0.054,0.3,0.087
2025-26,1631243,Mouhamed Gueye,1610612737,ATL,29,15,14,16.6,0.9,0.2,0.3,0.5,0.0,0.0,0.0,0.4,0.423,0.5,0.538,0.2,0.269,0.0,0.038,0.0,0.038
2025-26,1630619,Moussa Cisse,1610612742,DAL,19,5,14,10.2,0.1,0.0,0.1,0.0,0.0,0.0,0.0,0.0,0.0,0.0,0.0,0.0,0.0,0.0,0.0,0.0,0.0
2025-26,1631217,Moussa Diabaté,1610612766,CHA,27,9,18,21.7,0.9,0.3,0.4,0.583,0.3,0.4,0.667,0.8,0.957,0.1,0.174,0.0,0.043,0.0,0.0,0.2,0.261
2025-26,1626167,Myles Turner,1610612749,MIL,27,11,16,28.5,1.7,0.5,0.9,0.52,0.4,0.5,0.714,1.4,0.867,0.2,0.133,0.1,0.044,0.2,0.111,0.3,0.178
2025-26,1642066,Myron Gardner,1610612748,MIA,5,4,1,5.2,0.4,0.0,0.0,0.0,0.0,0.0,0.0,0.0,0.0,0.4,1.0,0.0,0.0,0.0,0.0,0.0,0.0
2025-26,1642368,N'Faly Dante,1610612737,ATL,4,3,1,3.9,0.0,0.0,0.0,0.0,0.0,0.0,0.0,0.0,0.0,0.0,0.0,0.0,0.0,0.0,0.0,0.0,0.0
2025-26,1641772,Nae'Qwan Tomlin,1610612739,CLE,20,10,10,16.2,0.9,0.2,0.4,0.375,0.2,0.3,0.667,0.5,0.556,0.3,0.333,0.1,0.056,0.0,0.0,0.2,0.167
2025-26,1630230,Naji Marshall,1610612742,DAL,29,11,18,28.4,5.9,1.7,2.6,0.632,1.1,1.4,0.8,4.6,0.782,2.1,0.365,0.4,0.076,0.3,0.047,0.7,0.124
2025-26,1629675,Naz Reid,1610612750,MIN,28,18,10,26.6,3.1,1.2,2.1,0.559,0.3,0.3,0.889,2.8,0.895,0.6,0.209,0.4,0.116,0.1,0.035,0.2,0.058
2025-26,1629674,Neemias Queta,1610612738,BOS,26,15,11,24.6,0.8,0.3,0.6,0.438,0.0,0.1,0.5,0.6,0.682,0.1,0.091,0.0,0.0,0.1,0.091,0.0,0.045
2025-26,1629651,Nic Claxton,1610612751,BKN,26,7,19,30.3,5.6,1.9,3.7,0.526,1.1,1.7,0.674,5.2,0.925,0.8,0.137,0.2,0.027,0.2,0.041,0.8,0.151
2025-26,1630208,Nick Richards,1610612756,PHX,24,12,12,9.4,0.2,0.1,0.2,0.5,0.1,0.1,1.0,0.3,1.2,0.0,0.0,0.0,0.0,0.0,0.0,0.0,0.2
2025-26,1641733,Nick Smith Jr.,1610612747,LAL,11,6,5,14.6,3.5,1.0,2.2,0.458,0.0,0.0,0.0,2.1,0.59,1.1,0.308,0.1,0.026,0.1,0.026,0.0,0.0
2025-26,1629638,Nickeil Alexander-Walker,1610612737,ATL,27,13,14,32.7,9.0,2.1,4.2,0.504,1.3,1.6,0.857,5.7,0.627,3.0,0.336,0.7,0.074,0.7,0.078,0.8,0.086
2025-26,201587,Nicolas Batum,1610612746,LAC,27,7,20,19.7,0.0,0.0,0.0,0.0,0.0,0.0,0.0,0.0,0.0,0.0,1.0,0.0,0.0,0.0,0.0,0.0,0.0
2025-26,1628502,Nigel Hayes-Davis,1610612756,PHX,18,8,10,9.1,0.8,0.2,0.4,0.5,0.0,0.0,0.0,0.4,0.571,0.2,0.286,0.0,0.0,0.1,0.071,0.0,0.0
2025-26,203999,Nikola Jokić,1610612743,DEN,27,20,7,34.8,4.0,1.3,1.9,0.654,0.8,0.9,0.875,3.3,0.841,1.3,0.327,0.4,0.093,0.2,0.047,0.4,0.112
2025-26,1631107,Nikola Jović,1610612748,MIA,18,9,9,18.7,3.9,0.4,1.3,0.333,0.1,0.2,0.5,1.1,0.282,2.0,0.507,0.4,0.113,0.4,0.113,0.1,0.028
2025-26,202696,Nikola Vučević,1610612741,CHI,26,12,14,30.1,2.6,0.6,1.2,0.516,0.1,0.2,0.75,1.4,0.529,1.1,0.426,0.3,0.103,0.1,0.029,0.1,0.029
2025-26,1642363,Nique Clifford,1610612758,SAC,24,5,19,17.3,2.8,0.3,1.0,0.333,0.2,0.3,0.625,0.9,0.318,1.2,0.439,0.4,0.136,0.3,0.121,0.2,0.061
2025-26,1642855,Noa Essengue,1610612741,CHI,2,1,1,3.0,0.0,0.0,0.0,0.0,0.0,0.0,0.0,0.0,0.0,0.0,0.0,0.0,0.0,0.0,0.0,0.0,0.0
2025-26,1641730,Noah Clowney,1610612751,BKN,26,7,19,28.0,4.5,1.1,2.0,0.547,1.6,1.9,0.837,3.9,0.871,0.9,0.207,0.4,0.095,0.4,0.086,1.0,0.216
2025-26,1642869,Noah Penda,1610612753,ORL,15,7,8,9.9,2.1,0.3,1.1,0.313,0.0,0.1,0.0,0.7,0.355,0.9,0.419,0.4,0.194,0.0,0.0,0.1,0.032
2025-26,1642849,Nolan Traore,1610612751,BKN,6,1,5,8.9,2.3,0.0,0.8,0.0,0.2,0.3,0.5,0.2,0.071,1.2,0.5,0.5,0.214,0.0,0.0,0.2,0.071
2025-26,1626181,Norman Powell,1610612748,MIA,21,12,9,31.1,9.5,3.2,6.3,0.504,1.0,1.3,0.786,7.7,0.814,1.9,0.201,0.3,0.035,0.3,0.035,0.7,0.07
2025-26,1628384,OG Anunoby,1610612752,NYK,18,13,5,31.4,6.8,1.1,2.4,0.442,0.7,0.9,0.813,2.9,0.434,3.1,0.459,0.6,0.09,0.8,0.115,0.4,0.066
2025-26,1630167,Obi Toppin,1610612754,IND,3,0,3,27.4,5.0,0.7,1.7,0.4,2.0,2.0,1.0,3.7,0.733,1.7,0.333,0.3,0.067,0.7,0.133,1.0,0.2
2025-26,1630534,Ochai Agbaji,1610612761,TOR,21,11,10,15.9,1.2,0.2,0.6,0.417,0.3,0.4,0.75,0.8,0.615,0.4,0.308,0.1,0.077,0.0,0.038,0.2,0.154
2025-26,1641765,Olivier-Maxence Prosper,1610612763,MEM,16,8,8,9.7,2.3,0.6,1.0,0.563,0.4,0.4,1.0,1.6,0.703,0.9,0.405,0.1,0.054,0.2,0.081,0.2,0.081
2025-26,1630168,Onyeka Okongwu,1610612737,ATL,28,14,14,31.0,3.2,1.0,1.9,0.537,0.7,0.9,0.76,2.9,0.899,0.5,0.169,0.2,0.056,0.3,0.079,0.5,0.146
2025-26,1631115,Orlando Robinson,1610612753,ORL,3,2,1,7.2,0.7,0.0,0.0,0.0,0.0,0.0,0.0,0.0,0.0,0.7,1.0,0.0,0.0,0.0,0.0,0.0,0.0
2025-26,1642345,Oso Ighodaro,1610612756,PHX,28,15,13,18.3,1.9,0.3,0.9,0.36,0.0,0.1,0.25,0.7,0.358,0.6,0.34,0.0,0.0,0.1,0.057,0.1,0.038
2025-26,1631172,Ousmane Dieng,1610612760,OKC,17,16,1,12.5,1.7,0.4,0.8,0.462,0.1,0.1,1.0,0.8,0.483,0.9,0.517,0.2,0.138,0.0,0.0,0.1,0.034
2025-26,1629023,P.J. Washington,1610612742,DAL,24,8,16,32.1,6.6,1.7,3.8,0.44,0.6,0.9,0.682,4.2,0.635,1.7,0.258,0.4,0.057,0.5,0.082,0.5,0.069
2025-26,1641790,PJ Hall,1610612763,MEM,7,2,5,3.8,0.0,0.0,0.0,0.0,0.0,0.0,0.0,0.0,0.0,0.0,0.0,0.0,0.0,0.0,0.0,0.0,0.0
2025-26,1642359,Pacôme Dadiet,1610612752,NYK,10,8,2,2.5,0.2,0.0,0.0,0.0,0.0,0.0,0.0,0.0,0.0,0.2,1.0,0.0,0.0,0.0,0.0,0.0,0.0
2025-26,1631094,Paolo Banchero,1610612753,ORL,18,9,9,32.6,13.2,2.7,6.1,0.445,2.9,3.8,0.765,8.9,0.676,4.1,0.311,0.9,0.067,0.7,0.055,1.9,0.147
2025-26,1627783,Pascal Siakam,1610612754,IND,27,6,21,34.0,13.1,3.2,6.1,0.527,1.9,2.6,0.743,8.6,0.654,4.6,0.354,0.9,0.068,0.6,0.045,1.3,0.099
2025-26,1626192,Pat Connaughton,1610612766,CHA,13,3,10,9.1,1.7,0.4,0.6,0.625,0.2,0.3,0.75,1.0,0.591,0.8,0.455,0.1,0.045,0.1,0.045,0.2,0.091
2025-26,1630311,Pat Spencer,1610612744,GSW,20,10,10,15.7,5.7,1.2,2.5,0.49,0.3,0.4,0.75,2.7,0.474,2.7,0.474,0.5,0.088,0.2,0.026,0.2,0.035
2025-26,1630172,Patrick Williams,1610612741,CHI,26,11,15,20.2,3.6,0.6,1.6,0.357,0.3,0.5,0.643,1.5,0.43,1.5,0.419,0.2,0.065,0.2,0.054,0.3,0.075
2025-26,202331,Paul George,1610612755,PHI,11,7,4,26.8,5.6,1.0,2.5,0.393,0.5,0.5,1.0,2.5,0.452,2.5,0.452,0.5,0.097,0.1,0.016,0.3,0.048
2025-26,1630194,Paul Reed,1610612765,DET,20,15,5,10.5,0.8,0.3,0.5,0.6,0.1,0.1,0.5,0.7,0.813,0.2,0.25,0.1,0.063,0.1,0.063,0.1,0.063
2025-26,1630202,Payton Pritchard,1610612738,BOS,28,17,11,32.4,10.4,2.4,4.1,0.588,0.7,0.8,0.909,5.6,0.543,5.0,0.485,1.3,0.127,0.6,0.055,0.5,0.045
2025-26,1641796,Pelle Larsson,1610612748,MIA,22,13,9,21.8,5.0,0.7,1.7,0.405,0.7,1.1,0.667,2.3,0.455,2.3,0.455,0.9,0.182,0.3,0.055,0.6,0.118
2025-26,1631250,Pete Nance,1610612749,MIL,7,1,6,3.8,0.6,0.0,0.1,0.0,0.0,0.0,0.0,0.0,0.0,0.3,0.5,0.1,0.25,0.1,0.25,0.0,0.0
2025-26,1631212,Peyton Watson,1610612743,DEN,25,19,6,26.2,1.9,0.2,0.8,0.316,0.0,0.1,0.0,0.6,0.292,0.8,0.417,0.2,0.125,0.2,0.125,0.0,0.021
2025-26,1630173,Precious Achiuwa,1610612758,SAC,21,4,17,19.5,2.2,0.4,1.2,0.346,0.2,0.4,0.5,1.0,0.468,0.5,0.213,0.2,0.106,0.1,0.043,0.2,0.085
2025-26,1629656,Quentin Grimes,1610612755,PHI,26,15,11,32.5,8.2,1.2,2.6,0.456,1.2,1.3,0.882,3.8,0.467,4.0,0.486,1.0,0.127,0.8,0.094,0.7,0.08
2025-26,1631245,Quenton Jackson,1610612754,IND,8,1,7,19.1,5.4,0.9,1.8,0.5,1.0,1.3,0.8,2.8,0.512,2.6,0.488,0.5,0.093,0.3,0.047,0.6,0.116
2025-26,1642366,Quinten Post,1610612744,GSW,29,14,15,18.7,1.3,0.2,0.5,0.333,0.0,0.0,0.0,0.4,0.289,0.7,0.5,0.1,0.079,0.1,0.053,0.0,0.0
2025-26,1629628,RJ Barrett,1610612761,TOR,17,12,5,30.9,8.4,2.1,3.7,0.571,1.1,1.5,0.731,5.5,0.657,3.2,0.385,0.5,0.056,0.4,0.042,0.8,0.091
2025-26,1642853,Rasheer Fleming,1610612756,PHX,13,7,6,5.9,0.8,0.1,0.4,0.2,0.0,0.0,0.0,0.2,0.182,0.5,0.545,0.0,0.0,0.0,0.0,0.0,0.0
2025-26,1642484,RayJ Dennis,1610612746,LAC,14,2,12,12.3,3.6,0.5,1.8,0.28,0.3,0.3,1.0,1.3,0.353,1.4,0.392,0.2,0.059,0.1,0.039,0.1,0.039
2025-26,1641712,Rayan Rupert,1610612757,POR,21,11,10,8.1,1.0,0.0,0.2,0.2,0.0,0.1,0.5,0.1,0.15,0.6,0.6,0.0,0.0,0.1,0.1,0.0,0.05
2025-26,1642263,Reed Sheppard,1610612745,HOU,25,17,8,25.5,4.4,1.2,2.2,0.518,0.2,0.2,0.833,2.6,0.582,1.6,0.373,0.5,0.109,0.3,0.073,0.1,0.027
2025-26,1642434,Riley Minix,1610612759,SAS,3,2,1,2.8,0.7,0.0,0.0,0.0,0.0,0.0,0.0,0.0,0.0,0.7,1.0,0.3,0.5,0.0,0.0,0.0,0.0
2025-26,1642265,Rob Dillingham,1610612750,MIN,25,16,9,10.6,4.3,0.8,2.0,0.429,0.1,0.2,0.333,1.8,0.421,1.9,0.439,0.4,0.103,0.3,0.065,0.1,0.028
2025-26,1629057,Robert Williams III,1610612757,POR,18,8,10,15.8,0.1,0.0,0.0,0.0,0.0,0.0,0.0,0.0,0.0,0.1,1.0,0.0,0.0,0.0,0.0,0.0,0.0
2025-26,1631199,Ron Harper Jr.,1610612738,BOS,4,3,1,5.1,0.0,0.0,0.0,0.0,0.0,0.0,0.0,0.0,0.0,0.0,0.0,0.0,0.0,0.0,0.0,0.0,0.0
2025-26,1641842,Ronald Holland II,1610612765,DET,27,21,6,20.9,3.8,1.1,2.2,0.483,0.3,0.4,0.9,2.7,0.699,0.9,0.223,0.2,0.049,0.4,0.117,0.2,0.049
2025-26,1626220,Royce O'Neale,1610612756,PHX,28,15,13,29.6,2.3,0.3,0.8,0.409,0.1,0.1,0.75,0.8,0.323,1.2,0.508,0.5,0.2,0.3,0.108,0.1,0.031
2025-26,203497,Rudy Gobert,1610612750,MIN,28,18,10,31.3,0.6,0.1,0.3,0.444,0.0,0.1,0.5,0.3,0.5,0.2,0.333,0.0,0.056,0.1,0.111,0.0,0.056
2025-26,1629060,Rui Hachimura,1610612747,LAL,25,18,7,32.9,2.3,0.9,1.6,0.575,0.2,0.3,0.75,2.1,0.93,0.3,0.14,0.1,0.035,0.2,0.07,0.2,0.07
2025-26,201566,Russell Westbrook,1610612758,SAC,28,6,22,29.0,12.4,1.8,3.7,0.481,0.9,1.6,0.522,4.5,0.367,6.2,0.5,1.9,0.15,1.3,0.107,0.8,0.066
2025-26,1642346,Ryan Dunn,1610612756,PHX,23,13,10,22.6,2.3,0.3,0.9,0.333,0.3,0.3,1.0,0.9,0.37,1.2,0.5,0.3,0.13,0.1,0.056,0.1,0.056
2025-26,1641750,Ryan Kalkbrenner,1610612766,CHA,26,9,17,25.6,0.0,0.0,0.0,0.0,0.0,0.0,0.0,0.0,0.0,0.0,0.0,0.0,0.0,0.0,0.0,0.0,0.0
2025-26,1642948,Ryan Nembhard,1610612742,DAL,16,8,8,20.6,6.9,1.0,2.3,0.444,0.0,0.0,0.0,2.0,0.291,4.1,0.591,1.2,0.173,0.3,0.045,0.0,0.0
2025-26,1631157,Ryan Rollins,1610612749,MIL,27,11,16,31.2,12.0,2.7,5.2,0.514,0.7,0.9,0.75,6.0,0.498,5.4,0.452,1.7,0.145,0.6,0.046,0.4,0.037
2025-26,1630180,Saddiq Bey,1610612740,NOP,28,7,21,29.3,4.4,1.4,2.9,0.488,0.8,1.1,0.656,3.8,0.847,0.7,0.153,0.1,0.024,0.1,0.032,0.6,0.129
2025-26,1630573,Sam Hauser,1610612738,BOS,28,17,11,22.0,0.5,0.0,0.1,0.5,0.0,0.1,0.5,0.1,0.231,0.3,0.615,0.1,0.154,0.1,0.154,0.0,0.077
2025-26,1630241,Sam Merrill,1610612739,CLE,12,9,3,25.9,1.9,0.3,0.6,0.571,0.0,0.0,0.0,0.8,0.391,1.3,0.652,0.3,0.13,0.1,0.043,0.0,0.0
2025-26,1630572,Sandro Mamukelashvili,1610612761,TOR,28,16,12,20.5,2.4,0.6,1.0,0.621,0.2,0.3,0.75,1.5,0.632,0.9,0.368,0.1,0.044,0.3,0.103,0.1,0.059
2025-26,1630583,Santi Aldama,1610612763,MEM,28,13,15,27.2,4.9,1.3,2.4,0.522,0.5,0.6,0.778,3.0,0.625,2.0,0.412,0.5,0.103,0.1,0.029,0.3,0.066
2025-26,1630567,Scottie Barnes,1610612761,TOR,29,17,12,33.9,7.7,2.0,4.3,0.472,1.0,1.3,0.737,5.1,0.671,2.0,0.257,0.6,0.077,0.6,0.081,0.7,0.086
2025-26,203552,Seth Curry,1610612744,GSW,2,0,2,16.0,1.5,0.5,1.0,0.5,0.0,0.0,0.0,1.0,0.667,0.5,0.333,0.0,0.0,0.0,0.0,0.0,0.0
2025-26,1631101,Shaedon Sharpe,1610612757,POR,24,10,14,29.0,11.0,2.9,6.0,0.49,1.8,2.3,0.778,8.0,0.731,2.7,0.246,0.6,0.053,0.7,0.061,1.1,0.102
2025-26,1628983,Shai Gilgeous-Alexander,1610612760,OKC,27,24,3,33.2,17.8,5.0,8.6,0.584,3.0,3.3,0.921,13.7,0.767,6.5,0.366,1.6,0.087,0.7,0.037,1.7,0.094
2025-26,1630536,Sharife Cooper,1610612764,WAS,4,1,3,2.5,0.5,0.0,0.0,0.0,0.0,0.0,0.0,0.0,0.0,0.5,1.0,0.0,0.0,0.0,0.0,0.0,0.0
2025-26,1631321,Sidy Cissoko,1610612757,POR,23,9,14,20.1,3.5,0.4,1.0,0.417,0.3,0.3,0.75,1.2,0.333,1.9,0.531,0.2,0.062,0.3,0.074,0.2,0.049
2025-26,1631323,Simone Fontecchio,1610612748,MIA,26,14,12,20.0,3.0,0.3,0.9,0.391,0.0,0.0,0.0,0.7,0.231,1.8,0.603,0.5,0.154,0.3,0.09,0.0,0.0
2025-26,1642883,Sion James,1610612766,CHA,28,9,19,26.1,3.2,0.5,1.2,0.424,0.5,0.5,0.929,1.5,0.483,1.4,0.438,0.3,0.079,0.3,0.09,0.3,0.079
2025-26,1642461,Spencer Jones,1610612743,DEN,23,17,6,17.9,0.3,0.2,0.2,1.0,0.0,0.0,0.0,0.3,1.333,0.1,0.333,0.0,0.0,0.0,0.0,0.0,0.0
2025-26,201939,Stephen Curry,1610612744,GSW,20,10,10,31.6,8.7,2.2,4.1,0.524,1.2,1.2,0.958,5.6,0.647,3.3,0.382,0.6,0.064,0.4,0.046,0.6,0.069
2025-26,1642264,Stephon Castle,1610612759,SAS,18,14,4,30.5,13.5,2.8,4.8,0.575,1.8,2.9,0.635,7.6,0.564,5.2,0.387,1.7,0.123,1.3,0.099,1.4,0.107
2025-26,203500,Steven Adams,1610612745,HOU,21,15,6,21.8,0.2,0.0,0.1,0.5,0.0,0.0,0.0,0.1,0.4,0.1,0.6,0.0,0.2,0.0,0.0,0.0,0.0
2025-26,1629004,Svi Mykhailiuk,1610612762,UTA,26,9,17,25.8,2.5,0.6,0.9,0.652,0.2,0.2,1.0,1.4,0.563,1.3,0.516,0.3,0.141,0.1,0.047,0.1,0.047
2025-26,204456,T.J. McConnell,1610612754,IND,18,5,13,16.7,9.8,2.5,4.7,0.529,0.0,0.0,0.0,5.1,0.523,4.7,0.477,1.1,0.108,0.3,0.028,0.0,0.0
2025-26,1643007,Taelon Peter,1610612754,IND,15,3,12,7.0,0.3,0.1,0.1,1.0,0.0,0.0,0.0,0.1,0.5,0.2,0.75,0.0,0.0,0.0,0.0,0.0,0.0
2025-26,1631106,Tari Eason,1610612745,HOU,11,8,3,23.2,2.6,0.5,1.3,0.357,0.1,0.2,0.5,1.0,0.379,1.0,0.379,0.5,0.172,0.3,0.103,0.1,0.034
2025-26,1627752,Taurean Prince,1610612749,MIL,8,5,3,21.1,1.9,0.5,0.9,0.571,0.0,0.0,0.0,1.1,0.6,0.8,0.4,0.3,0.133,0.0,0.0,0.0,0.0
2025-26,1641707,Taylor Hendricks,1610612762,UTA,16,5,11,15.0,1.4,0.3,0.7,0.455,0.1,0.1,0.5,0.8,0.522,0.6,0.435,0.1,0.087,0.0,0.0,0.1,0.043
2025-26,1629611,Terance Mann,1610612751,BKN,24,5,19,26.3,5.9,1.0,2.1,0.5,0.8,0.8,0.9,2.9,0.493,3.0,0.507,1.0,0.162,0.2,0.035,0.4,0.07
2025-26,1630545,Terrence Shannon Jr.,1610612750,MIN,19,12,7,13.4,2.6,0.4,1.2,0.364,0.5,0.6,0.75,1.4,0.52,1.1,0.4,0.3,0.1,0.1,0.02,0.3,0.12
2025-26,203648,Thanasis Antetokounmpo,1610612749,MIL,10,4,6,2.5,0.5,0.1,0.3,0.333,0.1,0.2,0.5,0.3,0.6,0.0,0.0,0.0,0.0,0.1,0.2,0.1,0.2
2025-26,1628418,Thomas Bryant,1610612739,CLE,22,11,11,8.9,0.1,0.0,0.0,0.0,0.0,0.0,0.0,0.0,0.0,0.0,0.333,0.0,0.0,0.0,0.333,0.0,0.0
2025-26,1642275,Tidjane Salaün,1610612766,CHA,15,6,9,15.1,1.2,0.1,0.4,0.333,0.0,0.0,0.0,0.3,0.222,0.6,0.5,0.1,0.111,0.2,0.167,0.0,0.0
2025-26,203501,Tim Hardaway Jr.,1610612743,DEN,27,20,7,25.7,1.4,0.4,0.9,0.435,0.2,0.2,0.833,0.9,0.676,0.4,0.297,0.1,0.081,0.0,0.0,0.1,0.081
2025-26,202699,Tobias Harris,1610612765,DET,17,11,6,28.5,3.9,0.7,2.0,0.353,0.7,0.8,0.857,2.2,0.561,1.3,0.333,0.2,0.045,0.1,0.03,0.4,0.106
2025-26,1642449,Tolu Smith,1610612765,DET,2,1,1,11.1,0.0,0.0,0.0,0.0,0.0,0.0,0.0,0.0,0.0,0.0,0.0,0.0,0.0,0.0,0.0,0.0,0.0
2025-26,1628396,Tony Bradley,1610612754,IND,23,4,19,11.3,0.3,0.2,0.3,0.714,0.0,0.0,0.0,0.4,1.25,0.0,0.125,0.0,0.0,0.0,0.0,0.0,0.0
2025-26,1641787,Tosan Evbuomwan,1610612752,NYK,4,4,0,1.8,0.3,0.0,0.3,0.0,0.0,0.0,0.0,0.0,0.0,0.0,0.0,0.0,0.0,0.0,0.0,0.0,0.0
2025-26,1641739,Toumani Camara,1610612757,POR,28,12,16,33.3,4.5,0.5,1.4,0.368,0.4,0.4,0.833,1.4,0.32,2.0,0.456,0.5,0.104,0.6,0.136,0.2,0.048
2025-26,1629027,Trae Young,1610612737,ATL,6,2,4,26.6,10.5,2.8,5.2,0.548,2.8,3.3,0.85,9.0,0.857,3.3,0.317,1.0,0.095,0.2,0.016,1.7,0.159
2025-26,1631218,Trayce Jackson-Davis,1610612744,GSW,19,9,10,12.9,0.2,0.0,0.0,0.0,0.0,0.0,0.0,0.0,0.0,0.2,1.0,0.1,0.25,0.0,0.0,0.0,0.0
2025-26,1642848,Tre Johnson,1610612764,WAS,19,3,16,23.2,5.1,1.1,2.7,0.404,0.5,0.6,0.833,2.8,0.552,1.3,0.26,0.4,0.073,0.4,0.083,0.3,0.063
2025-26,1630200,Tre Jones,1610612741,CHI,21,10,11,27.7,12.1,2.3,4.3,0.527,1.8,2.1,0.841,6.4,0.528,5.8,0.48,1.1,0.094,0.7,0.055,1.0,0.087
2025-26,1630544,Tre Mann,1610612766,CHA,19,6,13,20.4,8.5,1.5,3.8,0.389,0.3,0.3,1.0,3.3,0.385,3.5,0.416,0.5,0.062,0.8,0.093,0.2,0.019
2025-26,1630570,Trendon Watford,1610612755,PHI,14,6,8,20.4,4.9,1.4,2.6,0.541,0.7,0.9,0.833,3.9,0.797,1.1,0.217,0.2,0.043,0.6,0.116,0.5,0.101
2025-26,1642280,Trentyn Flowers,1610612741,CHI,2,0,2,2.8,0.0,0.0,0.0,0.0,0.0,0.0,0.0,0.0,0.0,0.0,0.0,0.0,0.0,0.0,0.0,0.0,0.0
2025-26,1641725,Trey Alexander,1610612740,NOP,3,0,3,12.5,2.3,1.0,1.7,0.6,0.0,0.0,0.0,2.0,0.857,0.7,0.286,0.3,0.143,0.0,0.0,0.0,0.0
2025-26,1641998,Trey Jemison III,1610612752,NYK,4,4,0,7.2,0.3,0.3,0.3,1.0,0.0,0.0,0.0,0.8,3.0,0.0,0.0,0.0,0.0,0.0,0.0,0.0,0.0
2025-26,1630530,Trey Murphy III,1610612740,NOP,27,7,20,35.5,7.6,1.6,3.3,0.467,1.4,1.6,0.905,4.6,0.602,2.5,0.33,0.7,0.097,0.7,0.097,0.8,0.102
2025-26,1641774,Tristan Vukcevic,1610612764,WAS,22,4,18,11.7,0.9,0.3,0.5,0.636,0.4,0.5,0.8,1.0,1.1,0.2,0.2,0.1,0.15,0.0,0.0,0.2,0.25
2025-26,1641783,Tristan da Silva,1610612753,ORL,26,15,11,23.2,3.0,0.7,1.6,0.415,0.4,0.5,0.833,1.7,0.564,1.0,0.333,0.3,0.09,0.2,0.051,0.2,0.077
2025-26,1629639,Tyler Herro,1610612748,MIA,4,2,2,31.6,10.0,4.5,6.3,0.72,1.5,2.0,0.75,11.0,1.1,2.5,0.25,0.3,0.025,0.3,0.025,1.0,0.1
2025-26,1642278,Tyler Kolek,1610612752,NYK,23,16,7,11.1,4.0,1.0,1.4,0.667,0.1,0.1,1.0,2.0,0.505,2.1,0.527,0.5,0.132,0.3,0.077,0.0,0.011
2025-26,1631213,Tyrese Martin,1610612751,BKN,25,6,19,20.8,5.1,0.7,1.9,0.362,0.3,0.4,0.8,1.7,0.328,2.5,0.492,0.5,0.102,0.3,0.063,0.2,0.039
2025-26,1630178,Tyrese Maxey,1610612755,PHI,25,15,10,39.8,14.5,4.2,8.6,0.481,2.2,2.6,0.833,10.9,0.754,3.6,0.251,0.9,0.061,0.6,0.041,1.3,0.091
2025-26,1642878,Tyrese Proctor,1610612739,CLE,21,11,10,12.5,2.5,0.5,1.0,0.476,0.6,0.7,0.857,1.5,0.604,1.1,0.434,0.2,0.094,0.0,0.0,0.3,0.132
2025-26,1630623,Tyson Etienne,1610612751,BKN,8,1,7,4.3,0.4,0.0,0.1,0.0,0.0,0.0,0.0,0.0,0.0,0.3,0.667,0.0,0.0,0.0,0.0,0.0,0.0
2025-26,1626145,Tyus Jones,1610612753,ORL,28,16,12,14.3,1.0,0.4,0.7,0.526,0.1,0.1,1.0,0.8,0.759,0.2,0.207,0.1,0.069,0.1,0.103,0.0,0.034
2025-26,1642845,VJ Edgecombe,1610612755,PHI,24,15,9,35.1,7.4,1.7,4.3,0.394,0.3,0.3,0.75,3.8,0.514,2.5,0.333,0.6,0.079,0.3,0.04,0.2,0.023
2025-26,1641705,Victor Wembanyama,1610612759,SAS,15,11,4,31.7,7.3,1.7,3.0,0.578,1.4,1.7,0.808,5.0,0.688,2.0,0.275,0.5,0.073,1.1,0.147,0.9,0.119
2025-26,1631246,Vince Williams Jr.,1610612763,MEM,22,10,12,21.9,6.0,0.8,2.3,0.353,0.2,0.4,0.625,2.0,0.341,2.8,0.462,0.9,0.144,0.5,0.091,0.3,0.045
2025-26,1642884,Vladislav Goldin,1610612748,MIA,1,0,1,0.9,0.0,0.0,0.0,0.0,0.0,0.0,0.0,0.0,0.0,0.0,0.0,0.0,0.0,0.0,0.0,0.0,0.0
2025-26,1630249,Vít Krejčí,1610612737,ATL,25,13,12,23.6,2.6,0.5,0.8,0.619,0.0,0.1,0.5,1.1,0.409,1.3,0.485,0.2,0.091,0.2,0.091,0.0,0.015
2025-26,1631117,Walker Kessler,1610612762,UTA,5,2,3,30.8,0.8,0.2,0.4,0.5,0.0,0.0,0.0,0.4,0.5,0.2,0.25,0.0,0.0,0.2,0.25,0.0,0.0
2025-26,1642383,Walter Clayton Jr.,1610612762,UTA,23,9,14,16.1,4.4,0.7,1.4,0.531,0.1,0.2,0.75,1.7,0.396,2.5,0.564,0.9,0.198,0.3,0.079,0.1,0.02
2025-26,1628976,Wendell Carter Jr.,1610612753,ORL,27,16,11,30.1,1.0,0.4,0.6,0.647,0.2,0.3,0.75,1.1,1.115,0.1,0.077,0.0,0.0,0.1,0.077,0.1,0.154
2025-26,1631111,Wendell Moore Jr.,1610612765,DET,3,3,0,14.4,1.3,0.3,0.7,0.5,0.0,0.0,0.0,0.7,0.5,0.3,0.25,0.0,0.0,0.3,0.25,0.0,0.0
2025-26,1642954,Will Richard,1610612744,GSW,24,13,11,19.1,0.5,0.0,0.1,0.333,0.1,0.1,1.0,0.2,0.308,0.3,0.462,0.0,0.077,0.1,0.231,0.0,0.077
2025-26,1642860,Will Riley,1610612764,WAS,20,4,16,11.7,3.2,0.6,1.5,0.414,0.4,0.4,0.875,1.6,0.492,1.2,0.365,0.2,0.048,0.4,0.111,0.2,0.063
2025-26,1630214,Xavier Tillman,1610612738,BOS,11,7,4,9.4,0.1,0.1,0.1,1.0,0.0,0.0,0.0,0.2,2.0,0.0,0.0,0.0,0.0,0.0,0.0,0.0,0.0
2025-26,1642905,Yang Hansen,1610612757,POR,13,5,8,7.7,0.2,0.0,0.2,0.0,0.0,0.0,0.0,0.0,0.0,0.0,0.0,0.0,0.0,0.0,0.0,0.0,0.0
2025-26,1642949,Yanic Konan Niederhäuser,1610612746,LAC,12,3,9,5.0,0.3,0.2,0.2,1.0,0.0,0.0,0.0,0.3,1.333,0.0,0.0,0.0,0.0,0.1,0.333,0.0,0.0
2025-26,1642274,Yves Missi,1610612740,NOP,22,5,17,17.5,1.6,0.6,1.0,0.609,0.1,0.1,1.0,1.4,0.857,0.3,0.171,0.0,0.029,0.2,0.143,0.0,0.029
2025-26,1642258,Zaccharie Risacher,1610612737,ATL,26,14,12,24.7,2.5,0.4,1.1,0.379,0.1,0.2,0.5,1.0,0.379,1.0,0.409,0.3,0.106,0.2,0.076,0.1,0.03
2025-26,1628380,Zach Collins,1610612741,CHI,6,3,3,17.7,0.2,0.0,0.0,0.0,0.0,0.0,0.0,0.0,0.0,0.0,0.0,0.0,0.0,0.2,1.0,0.0,0.0
2025-26,1641744,Zach Edey,1610612763,MEM,11,7,4,25.8,0.1,0.0,0.0,0.0,0.0,0.0,0.0,0.0,0.0,0.0,0.0,0.0,0.0,0.0,0.0,0.0,0.0
2025-26,203897,Zach LaVine,1610612758,SAC,23,5,18,32.8,6.1,1.5,2.4,0.607,1.3,1.5,0.853,4.3,0.707,2.5,0.407,0.6,0.093,0.4,0.064,0.7,0.121
2025-26,1630192,Zeke Nnaji,1610612743,DEN,17,14,3,8.5,0.1,0.0,0.0,0.0,0.0,0.0,0.0,0.0,0.0,0.1,0.5,0.0,0.0,0.1,0.5,0.0,0.0
2025-26,1630533,Ziaire Williams,1610612751,BKN,23,7,16,22.8,1.6,0.3,0.7,0.471,0.3,0.3,0.75,1.0,0.622,0.5,0.324,0.0,0.027,0.1,0.081,0.2,0.108
2025-26,1629627,Zion Williamson,1610612740,NOP,13,4,9,29.3,15.2,3.2,7.1,0.446,3.0,4.2,0.722,9.7,0.636,4.2,0.278,0.8,0.056,1.0,0.066,2.2,0.146
